duration,orig_bytes,resp_bytes,byte_ratio,orig_pkts,resp_pkts,ja3_int,ja3s_int,tls_version_int,cipher_count,ext_count,sni_len,sni_entropy,sni_is_ip,sni_rarity,ja3_rarity,cert_cnt,label
24.380740000000515,1014.0,4657.0,0.21768999570631173,14.0,17.0,12919,224797,161172,0,0,24,3.688721875540867,False,0.25,0.0048543689320388345,0,mix
24.38043800000014,1044.0,15623.0,0.06682027649769585,17.0,24.0,12919,224797,161172,0,0,29,3.71937582241537,False,0.08333333333333333,0.0048543689320388345,0,mix
15.546637000000374,775.0,3350.0,0.231274246493584,10.0,10.0,95808,220620,161172,0,0,15,3.3232314287976203,False,1.0,0.0002787068004459309,0,mix
15.54522900000029,775.0,4757.0,0.16288356452290878,10.0,10.0,95808,30502,161172,0,0,15,3.189898095464287,False,0.041666666666666664,0.0002787068004459309,0,mix
15.54486999999972,775.0,3920.0,0.1976536597806682,9.0,9.0,95808,30502,161172,0,0,15,3.189898095464287,False,0.5,0.0002787068004459309,0,mix
15.544604999999136,775.0,3017.0,0.2567925778661365,10.0,9.0,95808,198530,161172,0,0,13,2.873140679513133,False,0.5,0.0002787068004459309,0,mix
0.081564000000071,610.0,4647.0,0.13123924268502582,8.0,9.0,12919,224797,161172,0,0,15,3.189898095464287,False,0.041666666666666664,0.0048543689320388345,0,mix
14.842671000000337,1072.0,147355.0,0.007274898884334537,49.0,117.0,12919,224797,161172,0,0,15,3.189898095464287,False,0.041666666666666664,0.0048543689320388345,0,mix
8.643235999999888,3891.0,106567.0,0.03651189850611816,48.0,131.0,95808,105690,161172,0,0,16,3.5,False,0.05,0.0002787068004459309,0,mix
8.642863000000034,2250.0,173461.0,0.012971140653284292,72.0,200.0,95808,105690,161172,0,0,16,3.5,False,0.05,0.0002787068004459309,0,mix
7.577376999999615,1081.0,26041.0,0.04150986867368098,17.0,36.0,12919,190290,161172,0,0,23,3.5883543471732335,False,0.125,0.0048543689320388345,0,mix
7.4599889999999505,1128.0,6075.0,0.18564845292955892,16.0,21.0,95808,37120,161172,0,0,25,3.9132696895151073,False,0.3333333333333333,0.0002787068004459309,0,mix
7.132999000000382,1191.0,16762.0,0.07104933484459822,20.0,31.0,12919,203200,40599,0,0,16,3.5,False,0.25,0.0048543689320388345,0,mix
8.620152999999846,1791.0,149424.0,0.011985946126819474,51.0,164.0,95808,213722,161172,0,0,16,3.5,False,0.05,0.0002787068004459309,0,mix
6.704056000000492,581.0,4629.0,0.12548596112311014,9.0,9.0,95808,203200,40599,0,0,16,3.5,False,0.25,0.0002787068004459309,0,mix
6.739501000000018,2199.0,160144.0,0.013731306003933935,70.0,187.0,95808,213722,161172,0,0,16,3.5,False,0.05,0.0002787068004459309,0,mix
6.722224000000097,643.0,5511.0,0.11665457184325109,10.0,13.0,95808,190290,161172,0,0,23,3.5883543471732335,False,0.125,0.0002787068004459309,0,mix
6.721849999999904,643.0,5511.0,0.11665457184325109,10.0,13.0,95808,190290,161172,0,0,23,3.5883543471732335,False,0.125,0.0002787068004459309,0,mix
6.739478999999847,1396.0,14726.0,0.09479187886195424,13.0,22.0,95808,213722,161172,0,0,16,3.5,False,0.05,0.0002787068004459309,0,mix
6.663989000000584,932.0,8043.0,0.11586275484833417,14.0,19.0,95808,203200,40599,0,0,20,3.6841837197791887,False,0.2,0.0002787068004459309,0,mix
6.726431000000048,643.0,5511.0,0.11665457184325109,10.0,12.0,95808,190290,161172,0,0,23,3.5883543471732335,False,0.125,0.0002787068004459309,0,mix
0.309513000000151,581.0,4416.0,0.13153724247226625,9.0,10.0,95808,203200,40599,0,0,20,3.6841837197791887,False,0.2,0.0002787068004459309,0,mix
0.309549999999944,581.0,4417.0,0.13150746944318698,9.0,10.0,95808,203200,40599,0,0,20,3.6841837197791887,False,0.2,0.0002787068004459309,0,mix
6.678850000000239,1246.0,37261.0,0.0334388921689657,23.0,39.0,95808,30502,161172,0,0,19,3.536886723742166,False,0.3333333333333333,0.0002787068004459309,0,mix
0.309947000000647,775.0,3049.0,0.2540983606557377,9.0,9.0,95808,30502,161172,0,0,19,3.536886723742166,False,0.3333333333333333,0.0002787068004459309,0,mix
0.311554000000796,775.0,3049.0,0.2540983606557377,9.0,9.0,95808,30502,161172,0,0,19,3.536886723742166,False,0.3333333333333333,0.0002787068004459309,0,mix
6.531785999999556,1079.0,9474.0,0.11387862796833773,15.0,20.0,95808,131383,161172,0,0,13,3.0269868333592873,False,0.14285714285714285,0.0002787068004459309,0,mix
6.531565999999657,643.0,5469.0,0.11755027422303474,10.0,10.0,95808,131383,161172,0,0,13,3.0269868333592873,False,0.14285714285714285,0.0002787068004459309,0,mix
6.531058000000485,643.0,5469.0,0.11755027422303474,11.0,12.0,95808,131383,161172,0,0,13,3.0269868333592873,False,0.14285714285714285,0.0002787068004459309,0,mix
5.946734000000106,983.0,206019.0,0.004771381419279681,63.0,219.0,95808,213722,161172,0,0,16,3.5,False,0.05,0.0002787068004459309,0,mix
240.09427899999991,987.0,5861.0,0.1683725690890481,20.0,25.0,12919,224797,161172,0,0,19,3.4713544870139286,False,1.0,0.0048543689320388345,0,mix
61.69838900000013,1063.0,452318.0,0.00235011131524433,159.0,494.0,12919,184249,161172,0,0,28,3.937193208607595,False,1.0,0.0048543689320388345,0,mix
240.1659039999995,977.0,6459.0,0.15123839009287926,18.0,23.0,12919,224797,161172,0,0,15,3.189898095464287,False,0.5,0.0048543689320388345,0,mix
138.68852200000038,3220.0,16760.0,0.19211264244376827,20.0,35.0,95808,213722,161172,0,0,16,3.5,False,0.05,0.0002787068004459309,0,mix
70.19322900000043,1764.0,33986.0,0.05190219789919675,24.0,38.0,95808,30502,161172,0,0,27,3.8100810205217313,False,0.07142857142857142,0.0002787068004459309,0,mix
0.9935780000005252,617.0,784.0,0.7859872611464969,7.0,7.0,241151,175548,40599,0,0,20,3.6841837197791887,False,0.2,0.005208333333333333,0,mix
0.994472999999743,581.0,4628.0,0.12551306977748974,9.0,9.0,95808,203200,40599,0,0,16,3.5,False,0.25,0.0002787068004459309,0,mix
0.9847079999999552,568.0,436.0,1.299771167048055,8.0,7.0,95808,133315,161172,0,0,25,3.9132696895151073,False,0.3333333333333333,0.0002787068004459309,0,mix
1.009262999999919,568.0,187.0,3.021276595744681,6.0,6.0,95808,207910,161172,0,0,23,3.5883543471732335,False,0.125,0.0002787068004459309,0,mix
1.010511000000406,568.0,187.0,3.021276595744681,7.0,8.0,95808,207910,161172,0,0,23,3.5883543471732335,False,0.125,0.0002787068004459309,0,mix
1.049826000000393,1452.0,15326.0,0.09473478175768252,16.0,26.0,95808,213722,161172,0,0,16,3.5,False,0.05,0.0002787068004459309,0,mix
1.042300999999497,568.0,137.0,4.115942028985507,6.0,6.0,95808,213722,161172,0,0,16,3.5,False,0.05,0.0002787068004459309,0,mix
1.044699999999466,568.0,137.0,4.115942028985507,6.0,6.0,95808,213722,161172,0,0,16,3.5,False,0.05,0.0002787068004459309,0,mix
1.04529199999979,568.0,137.0,4.115942028985507,6.0,6.0,95808,213722,161172,0,0,16,3.5,False,0.05,0.0002787068004459309,0,mix
1.045826000000488,568.0,137.0,4.115942028985507,6.0,6.0,95808,213722,161172,0,0,16,3.5,False,0.05,0.0002787068004459309,0,mix
1.047593999999662,568.0,137.0,4.115942028985507,6.0,6.0,95808,213722,161172,0,0,16,3.5,False,0.05,0.0002787068004459309,0,mix
1.170591000000058,571.0,183.0,3.1032608695652173,6.0,6.0,95808,41932,161172,0,0,13,3.0269868333592873,False,0.14285714285714285,0.0002787068004459309,0,mix
1.186279000000468,571.0,183.0,3.1032608695652173,7.0,8.0,95808,41932,161172,0,0,13,3.0269868333592873,False,0.14285714285714285,0.0002787068004459309,0,mix
9.0848019999994,568.0,225.0,2.5132743362831858,8.0,7.0,95808,213399,161172,0,0,25,3.9132696895151073,False,0.3333333333333333,0.0002787068004459309,0,mix
9.082770999999411,581.0,4630.0,0.12545886417620383,9.0,11.0,95808,203200,40599,0,0,16,3.5,False,0.25,0.0002787068004459309,0,mix
9.083016999999929,617.0,784.0,0.7859872611464969,8.0,8.0,241151,175548,40599,0,0,20,3.6841837197791887,False,0.2,0.005208333333333333,0,mix
9.108764999999948,568.0,187.0,3.021276595744681,7.0,8.0,95808,207910,161172,0,0,23,3.5883543471732335,False,0.125,0.0002787068004459309,0,mix
9.107764999999745,568.0,187.0,3.021276595744681,6.0,6.0,95808,207910,161172,0,0,23,3.5883543471732335,False,0.125,0.0002787068004459309,0,mix
9.118060999999216,568.0,137.0,4.115942028985507,6.0,6.0,95808,213722,161172,0,0,16,3.5,False,0.05,0.0002787068004459309,0,mix
9.12151300000005,568.0,137.0,4.115942028985507,6.0,6.0,95808,213722,161172,0,0,16,3.5,False,0.05,0.0002787068004459309,0,mix
9.120558999999956,568.0,137.0,4.115942028985507,6.0,6.0,95808,213722,161172,0,0,16,3.5,False,0.05,0.0002787068004459309,0,mix
9.1212459999997,568.0,137.0,4.115942028985507,6.0,6.0,95808,213722,161172,0,0,16,3.5,False,0.05,0.0002787068004459309,0,mix
9.12458500000048,568.0,137.0,4.115942028985507,6.0,6.0,95808,213722,161172,0,0,16,3.5,False,0.05,0.0002787068004459309,0,mix
9.122097999999824,568.0,137.0,4.115942028985507,6.0,6.0,95808,213722,161172,0,0,16,3.5,False,0.05,0.0002787068004459309,0,mix
9.257466999999451,571.0,183.0,3.1032608695652173,6.0,6.0,95808,41932,161172,0,0,13,3.0269868333592873,False,0.14285714285714285,0.0002787068004459309,0,mix
9.272148999999445,571.0,183.0,3.1032608695652173,6.0,6.0,95808,41932,161172,0,0,13,3.0269868333592873,False,0.14285714285714285,0.0002787068004459309,0,mix
4.177064999999857,610.0,4718.0,0.12926467471922018,10.0,11.0,12919,224797,161172,0,0,15,3.189898095464287,False,0.041666666666666664,0.0048543689320388345,0,mix
1.005412999999862,1478.0,5728.0,0.25798568685634493,19.0,27.0,95808,203200,40599,0,0,15,3.0565647621309537,False,0.004608294930875576,0.0002787068004459309,0,mix
0.986058999999841,739.0,3315.0,0.22285886610373945,9.0,9.0,95808,203200,40599,0,0,15,3.0565647621309537,False,0.004608294930875576,0.0002787068004459309,0,mix
0.985120999999708,739.0,3317.0,0.22272453285111513,9.0,9.0,95808,203200,40599,0,0,15,3.0565647621309537,False,0.004608294930875576,0.0002787068004459309,0,mix
0.984574999999495,739.0,3316.0,0.22279167922821827,9.0,9.0,95808,203200,40599,0,0,15,3.0565647621309537,False,0.004608294930875576,0.0002787068004459309,0,mix
10.071367000000464,775.0,3520.0,0.22010792388525988,9.0,10.0,95808,220620,161172,0,0,24,3.772055208874201,False,1.0,0.0002787068004459309,0,mix
9.72019900000032,1169.0,21543.0,0.05426104715930189,19.0,29.0,95808,220620,161172,0,0,24,3.6572682296173897,False,1.0,0.0002787068004459309,0,mix
4.201451999999335,3286.0,9692.0,0.3390075312080883,15.0,21.0,95808,105690,161172,0,0,16,3.5,False,0.05,0.0002787068004459309,0,mix
4.056501999999455,4564.0,5760.0,0.7922235722964763,17.0,20.0,12919,224797,161172,0,0,21,3.689703732199547,False,0.09090909090909091,0.0048543689320388345,0,mix
6.983715000000302,1471.0,6921.0,0.2125108350187807,14.0,18.0,95808,30502,161172,0,0,20,3.4086949695628417,False,0.5,0.0002787068004459309,0,mix
6.957808999999543,775.0,4758.0,0.1628493380962387,10.0,11.0,95808,30502,161172,0,0,20,3.4086949695628417,False,0.5,0.0002787068004459309,0,mix
6.944441000000552,2024.0,5657.0,0.35772357723577236,15.0,20.0,95808,30502,161172,0,0,15,3.189898095464287,False,0.25,0.0002787068004459309,0,mix
9.422709999999825,1306.0,3700.0,0.3528776006484734,15.0,19.0,12919,187119,161172,0,0,9,2.725480556997868,False,1.0,0.0048543689320388345,0,mix
9.201500000000124,1523.0,1466.0,1.038173142467621,13.0,15.0,241151,175548,40599,0,0,15,3.0565647621309537,False,0.004608294930875576,0.005208333333333333,0,mix
6.9534169999997175,1910.0,5738.0,0.3328105941801708,13.0,17.0,95808,220620,161172,0,0,18,3.419381945646371,False,0.5,0.0002787068004459309,0,mix
0.091949999999997,775.0,3334.0,0.23238380809595202,7.0,8.0,95808,220620,161172,0,0,18,3.419381945646371,False,0.5,0.0002787068004459309,0,mix
7.149828000000525,610.0,3880.0,0.1571759855707292,9.0,10.0,12919,224797,161172,0,0,20,3.6464393446710153,False,0.3333333333333333,0.0048543689320388345,0,mix
16.311084000000847,24534.0,1904330.0,0.01288326451651525,647.0,1567.0,241151,175548,40599,0,0,15,3.0565647621309537,False,0.004608294930875576,0.005208333333333333,0,mix
4.000949000000219,580.0,225.0,2.566371681415929,8.0,7.0,108488,213399,161172,0,0,21,3.689703732199547,False,0.09090909090909091,0.25,0,mix
1.6741850000007612,1885.0,5631.0,0.3346946022727273,14.0,17.0,95808,30502,161172,0,0,19,3.4713544870139295,False,0.2,0.0002787068004459309,0,mix
1.651941000000079,775.0,4759.0,0.16281512605042017,10.0,11.0,95808,30502,161172,0,0,19,3.4713544870139295,False,0.2,0.0002787068004459309,0,mix
1.587228999999752,2343.0,11366.0,0.2061229875956717,20.0,28.0,95808,30502,161172,0,0,14,2.7534343861887853,False,0.5,0.0002787068004459309,0,mix
9.136193999999705,1280.0,5450.0,0.2348192992111539,14.0,18.0,12919,224797,161172,0,0,19,3.4713544870139295,False,0.2,0.0048543689320388345,0,mix
8.905375000000276,2162.0,6142.0,0.35194530359759074,16.0,23.0,95808,30502,161172,0,0,19,3.471354487013928,False,0.3333333333333333,0.0002787068004459309,0,mix
8.127214000000095,1819.0,6873.0,0.26462030840849576,15.0,20.0,95808,30502,161172,0,0,15,3.189898095464287,False,1.0,0.0002787068004459309,0,mix
0.085849000000052,775.0,4758.0,0.1628493380962387,9.0,11.0,95808,30502,161172,0,0,24,3.4864405016961446,False,0.5,0.0002787068004459309,0,mix
6.230055999999422,775.0,4757.0,0.16288356452290878,10.0,11.0,95808,30502,161172,0,0,24,3.4864405016961446,False,0.5,0.0002787068004459309,0,mix
3.582988000000114,2743.0,4577.0,0.5991699432066404,14.0,18.0,95808,220620,161172,0,0,27,3.624171760941958,False,0.05,0.0002787068004459309,0,mix
0.114622999999483,775.0,3514.0,0.22048364153627312,7.0,8.0,95808,220620,161172,0,0,27,3.624171760941958,False,0.05,0.0002787068004459309,0,mix
6.082108999999946,2421.0,13138.0,0.18426059821904253,18.0,25.0,241151,175548,40599,0,0,15,3.0565647621309537,False,0.004608294930875576,0.005208333333333333,0,mix
6.060963000000811,1496.0,5180.0,0.28874734607218683,14.0,18.0,95808,30502,161172,0,0,15,3.0565647621309537,False,1.0,0.0002787068004459309,0,mix
9.767111999999544,1647.0,45543.0,0.03616283154751449,29.0,60.0,95808,67117,161172,0,0,11,3.027169118440619,False,0.0003711952487008166,0.0002787068004459309,0,mix
0.203215999999883,643.0,3956.0,0.16249684104119283,8.0,11.0,95808,67117,161172,0,0,11,3.027169118440619,False,0.0003711952487008166,0.0002787068004459309,0,mix
9.255514000000405,1571.0,570968.0,0.002751462864008379,114.0,510.0,95808,69425,161172,0,0,13,3.3927474104487847,False,0.03225806451612903,0.0002787068004459309,0,mix
0.122892000000319,643.0,4198.0,0.1531316980233389,8.0,10.0,95808,69425,161172,0,0,13,3.3927474104487847,False,0.03225806451612903,0.0002787068004459309,0,mix
0.121739000000161,643.0,4198.0,0.1531316980233389,9.0,11.0,95808,69425,161172,0,0,13,3.3927474104487847,False,0.03225806451612903,0.0002787068004459309,0,mix
0.124493000000256,643.0,4198.0,0.1531316980233389,9.0,10.0,95808,69425,161172,0,0,13,3.3927474104487847,False,0.03225806451612903,0.0002787068004459309,0,mix
0.123082999999496,643.0,4198.0,0.1531316980233389,9.0,10.0,95808,69425,161172,0,0,13,3.3927474104487847,False,0.03225806451612903,0.0002787068004459309,0,mix
8.836158000000069,1051.0,29810.0,0.03525544262185099,18.0,40.0,12919,69425,161172,0,0,13,3.3927474104487847,False,0.03225806451612903,0.0048543689320388345,0,mix
7.84867100000065,1426.0,4338.0,0.3286471537220558,13.0,17.0,95808,67117,161172,0,0,21,3.6304126608739975,False,0.06666666666666667,0.0002787068004459309,0,mix
7.462289000000055,1556.0,4479.0,0.34732142857142856,14.0,19.0,95808,67117,161172,0,0,23,3.6211755429194716,False,0.09090909090909091,0.0002787068004459309,0,mix
2.683301000000028,1479.0,3930.0,0.37624014245738996,15.0,18.0,12919,203200,40599,0,0,15,3.0565647621309537,False,0.004608294930875576,0.0048543689320388345,0,mix
2.667754000000059,2973.0,116796.0,0.025454420918345506,63.0,140.0,95808,41932,161172,0,0,11,3.027169118440619,False,0.0003711952487008166,0.0002787068004459309,0,mix
2.29274499999974,1410.0,3030.0,0.46519300560871,14.0,16.0,12919,86241,161172,0,0,29,3.9262723741395082,False,0.3333333333333333,0.0048543689320388345,0,mix
1.987009000000398,3182.0,733179.0,0.004339998363294143,261.0,771.0,95808,69425,161172,0,0,13,3.3927474104487847,False,0.03225806451612903,0.0002787068004459309,0,mix
9.0819019999999,24496.0,18262.0,1.3412911350818595,51.0,72.0,95808,41932,161172,0,0,11,3.027169118440619,False,0.0003711952487008166,0.0002787068004459309,0,mix
9.346623999999792,1738.0,1052.0,1.6505223171889838,13.0,16.0,95808,41932,161172,0,0,21,3.6304126608739975,False,0.06666666666666667,0.0002787068004459309,0,mix
8.476761999999326,1428.0,4131.0,0.345595353339787,13.0,16.0,95808,89727,161172,0,0,20,3.646439344671015,False,1.0,0.0002787068004459309,0,mix
8.707811999999649,1714.0,823.0,2.0800970873786406,11.0,14.0,95808,41932,161172,0,0,23,3.6211755429194716,False,0.09090909090909091,0.0002787068004459309,0,mix
8.399282999999741,6547.0,3076959.0,0.0021277494670063958,1442.0,3613.0,95808,69425,161172,0,0,13,3.3927474104487847,False,0.03225806451612903,0.0002787068004459309,0,mix
8.692659000000276,1739.0,1384.0,1.2555956678700362,11.0,14.0,95808,41932,161172,0,0,11,3.027169118440619,False,0.0003711952487008166,0.0002787068004459309,0,mix
3.367377999999917,2061.0,4060.0,0.5075104654026102,9.0,10.0,73616,250421,233433,0,0,21,3.689703732199547,False,0.09090909090909091,0.07142857142857142,0,mix
0.268435999999383,1611.0,4597.0,0.3503697259678121,8.0,10.0,73616,250421,233433,0,0,19,3.4713544870139295,False,0.2,0.07142857142857142,0,mix
8.751365000000078,1732.0,1384.0,1.2505415162454874,10.0,12.0,95808,41932,161172,0,0,11,3.027169118440619,False,0.0003711952487008166,0.0002787068004459309,0,mix
0.145344999999906,822.0,4485.0,0.18323673651359787,7.0,9.0,73616,250421,233433,0,0,19,3.4713544870139295,False,0.5,0.07142857142857142,0,mix
9.979298999999628,2497.0,8171.0,0.3055555555555556,23.0,31.0,95808,41932,161172,0,0,11,3.027169118440619,False,0.0003711952487008166,0.0002787068004459309,0,mix
5.21686899999986,1214.0,56102.0,0.021638771545193662,33.0,76.0,95808,69425,161172,0,0,13,3.3927474104487847,False,0.022222222222222223,0.0002787068004459309,0,mix
8.766602000000603,1732.0,1384.0,1.2505415162454874,11.0,14.0,95808,41932,161172,0,0,11,3.027169118440619,False,0.0003711952487008166,0.0002787068004459309,0,mix
8.150152000000162,1108.0,4330.0,0.25583006234126066,14.0,18.0,12919,67117,161172,0,0,15,3.32323142879762,False,0.037037037037037035,0.0048543689320388345,0,mix
8.04330900000059,2116.0,5256.0,0.40251093779722275,15.0,22.0,95808,67117,161172,0,0,15,3.32323142879762,False,0.037037037037037035,0.0002787068004459309,0,mix
9.081250000000182,24899.0,59889.0,0.4157455334780431,67.0,114.0,95808,41932,161172,0,0,11,3.027169118440619,False,0.0003711952487008166,0.0002787068004459309,0,mix
9.07214699999986,7795.0,3255268.0,0.002394579372703147,987.0,3147.0,95808,69425,161172,0,0,13,3.3927474104487847,False,0.022222222222222223,0.0002787068004459309,0,mix
4.259785000000193,1421.0,967.0,1.4679752066115703,16.0,19.0,12919,41932,161172,0,0,15,3.32323142879762,False,0.037037037037037035,0.0048543689320388345,0,mix
4.106686999999511,2572.0,5611.0,0.45830363506771205,17.0,21.0,95808,41932,161172,0,0,15,3.32323142879762,False,0.037037037037037035,0.0002787068004459309,0,mix
4.228274000000056,1740.0,809.0,2.1481481481481484,11.0,14.0,95808,41932,161172,0,0,23,3.6211755429194716,False,0.09090909090909091,0.0002787068004459309,0,mix
4.227014000000054,1597.0,781.0,2.0421994884910486,11.0,14.0,95808,41932,161172,0,0,21,3.6304126608739975,False,0.06666666666666667,0.0002787068004459309,0,mix
3.091373000000203,1518.0,1255976.0,0.0012086208585029821,326.0,1180.0,95808,69425,161172,0,0,15,3.373557262275185,False,0.14285714285714285,0.0002787068004459309,0,mix
3.074450999999499,643.0,4191.0,0.15338740458015268,10.0,11.0,95808,69425,161172,0,0,15,3.373557262275185,False,0.14285714285714285,0.0002787068004459309,0,mix
3.045952000000397,1053.0,4895.0,0.21507352941176472,12.0,15.0,12919,69425,161172,0,0,15,3.373557262275185,False,0.14285714285714285,0.0048543689320388345,0,mix
8.308043999999427,2087.0,1719.0,1.2133720930232559,14.0,17.0,95808,41932,161172,0,0,15,3.32323142879762,False,0.037037037037037035,0.0002787068004459309,0,mix
5.75833799999964,1289.0,152273.0,0.00846500387459448,55.0,177.0,12919,69425,161172,0,0,15,3.373557262275185,False,0.14285714285714285,0.0048543689320388345,0,mix
5.512947000000168,12625.0,2512.0,5.023875845602865,24.0,29.0,95808,41932,161172,0,0,11,3.027169118440619,False,0.0003711952487008166,0.0002787068004459309,0,mix
3.638630000000375,1052.0,6757.0,0.15566735720627403,13.0,20.0,95808,69425,161172,0,0,13,3.3927474104487847,False,0.022222222222222223,0.0002787068004459309,0,mix
1.7199870000004012,1031.0,804.0,1.2807453416149068,11.0,14.0,12919,41932,161172,0,0,15,3.32323142879762,False,0.037037037037037035,0.0048543689320388345,0,mix
1.57602400000087,1876.0,2242.0,0.8363798484172983,12.0,17.0,95808,41932,161172,0,0,15,3.32323142879762,False,0.037037037037037035,0.0002787068004459309,0,mix
1.1511759999993951,10900.0,690.0,15.77424023154848,18.0,21.0,95808,41932,161172,0,0,11,3.027169118440619,False,0.0003711952487008166,0.0002787068004459309,0,mix
1.544871000000057,1681.0,2811.0,0.5977951635846372,11.0,15.0,95808,41932,161172,0,0,11,3.027169118440619,False,0.0003711952487008166,0.0002787068004459309,0,mix
1.223549999999704,1051.0,14157.0,0.07423364882045487,16.0,27.0,95808,69425,161172,0,0,13,3.3927474104487847,False,0.022222222222222223,0.0002787068004459309,0,mix
9.628459000000475,2590.0,5781.0,0.44794188861985473,20.0,24.0,95808,41932,161172,0,0,15,3.32323142879762,False,0.037037037037037035,0.0002787068004459309,0,mix
8.023213000000396,1030.0,804.0,1.279503105590062,11.0,14.0,12919,41932,161172,0,0,15,3.32323142879762,False,0.037037037037037035,0.0048543689320388345,0,mix
4.32483400000001,2553.0,1406148.0,0.0018155970668826704,293.0,1339.0,12919,69425,161172,0,0,15,3.373557262275185,False,0.14285714285714285,0.0048543689320388345,0,mix
3.317798000000039,12458.0,2991.0,4.163770053475936,21.0,26.0,95808,41932,161172,0,0,11,3.027169118440619,False,0.0003711952487008166,0.0002787068004459309,0,mix
0.438685000000077,1045.0,31436.0,0.03324108534529376,17.0,45.0,95808,69425,161172,0,0,13,3.3927474104487847,False,0.022222222222222223,0.0002787068004459309,0,mix
7.919982000000346,2073.0,1726.0,1.2003474232773597,12.0,17.0,95808,41932,161172,0,0,15,3.32323142879762,False,0.037037037037037035,0.0002787068004459309,0,mix
7.594352999999501,11654.0,689.0,16.889855072463767,18.0,21.0,95808,41932,161172,0,0,11,3.027169118440619,False,0.0003711952487008166,0.0002787068004459309,0,mix
8.283277000000453,12273.0,690.0,17.761215629522432,19.0,22.0,95808,41932,161172,0,0,11,3.027169118440619,False,0.0003711952487008166,0.0002787068004459309,0,mix
4.012109000000237,2931.0,2532.0,1.1571259376233716,15.0,18.0,241151,175548,40599,0,0,15,3.0565647621309537,False,0.004608294930875576,0.005208333333333333,0,mix
8.280551000000742,10844.0,689.0,15.715942028985507,18.0,21.0,95808,41932,161172,0,0,11,3.027169118440619,False,0.0003711952487008166,0.0002787068004459309,0,mix
3.1957629999997152,3010.0,2511.0,1.1982484076433122,15.0,18.0,241151,175548,40599,0,0,15,3.0565647621309537,False,0.004608294930875576,0.005208333333333333,0,mix
2.880877999999938,792.0,229.0,3.4434782608695653,8.0,7.0,84741,174253,161172,0,0,27,3.624171760941958,False,0.05,0.05555555555555555,0,mix
2.217337000000043,3084.0,2467.0,1.2495948136142625,13.0,16.0,241151,175548,40599,0,0,15,3.0565647621309537,False,0.004608294930875576,0.005208333333333333,0,mix
2.359809999999925,775.0,3723.0,0.208109559613319,9.0,9.0,95808,30502,161172,0,0,14,2.8423709931771093,False,0.05263157894736842,0.0002787068004459309,0,mix
719.277164000001,7479.0,9689.0,0.7718266253869969,66.0,82.0,84741,174253,161172,0,0,27,3.624171760941958,False,0.05,0.05555555555555555,0,mix
4.913138000000799,775.0,4759.0,0.16281512605042017,10.0,11.0,95808,30502,161172,0,0,19,3.4713544870139295,False,0.2,0.0002787068004459309,0,mix
3.395811000000321,784.0,229.0,3.408695652173913,8.0,7.0,84741,169718,161172,0,0,19,3.471354487013928,False,0.3333333333333333,0.05555555555555555,0,mix
1.3581200000007811,3159.0,2537.0,1.2446808510638299,14.0,17.0,241151,175548,40599,0,0,15,3.0565647621309537,False,0.004608294930875576,0.005208333333333333,0,mix
8.591844999999012,2550.0,19747.0,0.12912700020255216,18.0,30.0,95808,41932,161172,0,0,11,3.027169118440619,False,0.0003711952487008166,0.0002787068004459309,0,mix
7.641959999999017,4568.0,3444553.0,0.0013261513682177723,1101.0,2566.0,95808,69425,161172,0,0,13,3.3927474104487847,False,0.022222222222222223,0.0002787068004459309,0,mix
0.091271999999662,643.0,4198.0,0.1531316980233389,7.0,8.0,95808,69425,161172,0,0,13,3.3927474104487847,False,0.03225806451612903,0.0002787068004459309,0,mix
8.69839900000079,1667.0,2216.0,0.7519170049616599,12.0,15.0,95808,41932,161172,0,0,11,3.027169118440619,False,0.0003711952487008166,0.0002787068004459309,0,mix
0.985577999999804,3219.0,2699.0,1.1922222222222223,14.0,17.0,241151,175548,40599,0,0,15,3.0565647621309537,False,0.004608294930875576,0.005208333333333333,0,mix
6.05710100000033,2635.0,24749.0,0.10646464646464647,20.0,34.0,95808,67117,161172,0,0,11,3.027169118440619,False,0.0003711952487008166,0.0002787068004459309,0,mix
6.045430000000124,739.0,2988.0,0.24723987955838073,9.0,8.0,95808,203200,40599,0,0,14,2.8423709931771093,False,0.05263157894736842,0.0002787068004459309,0,mix
5.351919000000635,4240.0,1788914.0,0.002370151740021186,359.0,1338.0,95808,69425,161172,0,0,13,3.3927474104487847,False,0.03225806451612903,0.0002787068004459309,0,mix
0.062198999999964,643.0,4088.0,0.15725116165321595,7.0,8.0,95808,69425,161172,0,0,13,3.3927474104487847,False,0.022222222222222223,0.0002787068004459309,0,mix
3.948927999999796,2601.0,4517.0,0.5756972111553785,14.0,19.0,95808,220620,161172,0,0,27,3.624171760941958,False,0.05,0.0002787068004459309,0,mix
10.467740000000047,3281.0,2968.0,1.1050858875042102,13.0,16.0,241151,175548,40599,0,0,15,3.0565647621309537,False,0.004608294930875576,0.005208333333333333,0,mix
0.78763599999911,775.0,3921.0,0.19760326364099948,9.0,9.0,95808,30502,161172,0,0,19,3.4713544870139295,False,1.0,0.0002787068004459309,0,mix
10.04647599999953,610.0,3006.0,0.20285999334885269,9.0,8.0,12919,224797,161172,0,0,29,3.71937582241537,False,0.08333333333333333,0.0048543689320388345,0,mix
3.754731999999421,3721.0,2479.0,1.5004032258064517,13.0,16.0,241151,175548,40599,0,0,15,3.0565647621309537,False,0.004608294930875576,0.005208333333333333,0,mix
3.551174999998693,2572.0,20214.0,0.12723225327726936,17.0,29.0,95808,41932,161172,0,0,11,3.027169118440619,False,0.0003711952487008166,0.0002787068004459309,0,mix
29.53727999999865,3272.0,1134035.0,0.0028852699561565946,306.0,860.0,95808,69425,161172,0,0,13,3.3927474104487847,False,0.022222222222222223,0.0002787068004459309,0,mix
228.57904100000087,3191.0,1870.0,1.7055050774986638,23.0,28.0,84741,174253,161172,0,0,27,3.624171760941958,False,0.05,0.05555555555555555,0,mix
8.349314999999478,792.0,229.0,3.4434782608695653,8.0,7.0,84741,174253,161172,0,0,27,3.624171760941958,False,0.05,0.05555555555555555,0,mix
2.353358000000298,739.0,2988.0,0.24723987955838073,9.0,8.0,95808,203200,40599,0,0,14,2.8423709931771093,False,0.05263157894736842,0.0002787068004459309,0,mix
2.6017489999994723,775.0,3046.0,0.2543485395470955,8.0,7.0,95808,30502,161172,0,0,27,3.8100810205217313,False,0.07142857142857142,0.0002787068004459309,0,mix
10.66290300000037,2577.0,17547.0,0.14685434237519945,18.0,28.0,95808,41932,161172,0,0,11,3.027169118440619,False,0.0003711952487008166,0.0002787068004459309,0,mix
2.42098900000019,1149.0,9793.0,0.11731672452521952,17.0,22.0,95808,69425,161172,0,0,13,3.3927474104487847,False,0.022222222222222223,0.0002787068004459309,0,mix
6.806119000000763,739.0,2988.0,0.24723987955838073,9.0,8.0,95808,203200,40599,0,0,14,2.8423709931771093,False,0.05263157894736842,0.0002787068004459309,0,mix
130530.97612,2619.0,228.0,11.436681222707424,2904.0,2905.0,95808,41932,161172,0,0,11,3.027169118440619,False,0.0003711952487008166,0.0002787068004459309,0,mix
6.337424999999712,775.0,3723.0,0.208109559613319,9.0,9.0,95808,30502,161172,0,0,14,2.8423709931771093,False,0.05263157894736842,0.0002787068004459309,0,mix
9.16329500000029,3858.0,2445.0,1.5772690106295995,13.0,15.0,241151,175548,40599,0,0,15,3.0565647621309537,False,0.004608294930875576,0.005208333333333333,0,mix
11.301980000000183,517.0,0.0,517.0,4.0,4.0,12919,0,0,0,0,15,3.189898095464287,False,0.25,0.0048543689320388345,0,mix
1.392257999999856,292.0,3810.0,0.07662030963001837,7.0,8.0,183900,224797,161172,0,0,15,3.189898095464287,False,0.25,1.0,0,mix
3.8618749999986894,2577.0,20071.0,0.12838780390593862,20.0,31.0,95808,41932,161172,0,0,11,3.027169118440619,False,0.0003711952487008166,0.0002787068004459309,0,mix
2.952209999999468,1107.0,6364.0,0.1739198743126473,13.0,16.0,95808,72598,161172,0,0,13,3.3927474104487847,False,0.03225806451612903,0.0002787068004459309,0,mix
12.978448999998363,3105.0,443431.0,0.007002201013909686,134.0,360.0,95808,69425,161172,0,0,13,3.3927474104487847,False,0.022222222222222223,0.0002787068004459309,0,mix
6.008894999999029,610.0,4719.0,0.1292372881355932,10.0,10.0,12919,224797,161172,0,0,20,3.6464393446710153,False,0.3333333333333333,0.0048543689320388345,0,mix
5.999260000000504,739.0,4070.0,0.18152788012773274,9.0,9.0,95808,203200,40599,0,0,14,2.8423709931771093,False,0.05263157894736842,0.0002787068004459309,0,mix
5.989854999999807,792.0,229.0,3.4434782608695653,8.0,7.0,84741,174253,161172,0,0,27,3.624171760941958,False,0.05,0.05555555555555555,0,mix
4.056354000000283,3950.0,2839.0,1.3908450704225352,14.0,18.0,241151,175548,40599,0,0,15,3.0565647621309537,False,0.004608294930875576,0.005208333333333333,0,mix
8.412356000000727,1327.0,3729.0,0.3557640750670241,13.0,18.0,12919,187119,161172,0,0,17,3.734521664779752,False,0.07142857142857142,0.0048543689320388345,0,mix
3.016181999999389,906.0,3086.0,0.293488824101069,10.0,11.0,95808,30502,161172,0,0,27,3.8100810205217313,False,0.07142857142857142,0.0002787068004459309,0,mix
3.42931099999987,2577.0,21969.0,0.11729631315430132,17.0,31.0,95808,41932,161172,0,0,11,3.027169118440619,False,0.0003711952487008166,0.0002787068004459309,0,mix
2.776364999999714,3293.0,957618.0,0.0034387371177890163,114.0,843.0,95808,69425,161172,0,0,13,3.3927474104487847,False,0.022222222222222223,0.0002787068004459309,0,mix
8.889634999999544,3733.0,29135.0,0.1281232839099396,18.0,36.0,241151,175548,40599,0,0,15,3.0565647621309537,False,0.004608294930875576,0.005208333333333333,0,mix
3.587332999999489,3284.0,2735.0,1.2002923976608186,12.0,16.0,241151,175548,40599,0,0,15,3.0565647621309537,False,0.004608294930875576,0.005208333333333333,0,mix
4.6083680000010645,2098.0,1438.0,1.457956914523975,12.0,15.0,213012,175548,40599,0,0,15,3.0565647621309537,False,0.004608294930875576,0.14285714285714285,0,mix
3.979706999998598,2578.0,22439.0,0.11488413547237077,18.0,36.0,95808,41932,161172,0,0,11,3.027169118440619,False,0.0003711952487008166,0.0002787068004459309,0,mix
3.233353999999963,1339.0,6574.0,0.20365019011406843,17.0,24.0,95808,207910,161172,0,0,13,3.3927474104487847,False,0.03225806451612903,0.0002787068004459309,0,mix
3.262269999999262,2921.0,1124096.0,0.0025985301980167193,211.0,1062.0,95808,69425,161172,0,0,13,3.3927474104487847,False,0.022222222222222223,0.0002787068004459309,0,mix
11.362200999999914,12898.0,186440.0,0.06918006232534689,100.0,224.0,241151,175548,40599,0,0,15,3.0565647621309537,False,0.004608294930875576,0.005208333333333333,0,mix
11.344352999998591,25112.0,128582.0,0.19529797873746918,72.0,187.0,95808,41932,161172,0,0,11,3.027169118440619,False,0.0003711952487008166,0.0002787068004459309,0,mix
9.140181999999186,6576.0,3654367.0,0.0017994903633131638,616.0,3582.0,95808,69425,161172,0,0,13,3.3927474104487847,False,0.022222222222222223,0.0002787068004459309,0,mix
8.663058000000092,2054.0,4704.0,0.4365568544102019,15.0,19.0,95808,67117,161172,0,0,23,3.6211755429194716,False,0.09090909090909091,0.0002787068004459309,0,mix
8.529913000000306,1771.0,4679.0,0.3784188034188034,14.0,19.0,95808,67117,161172,0,0,21,3.6304126608739975,False,0.06666666666666667,0.0002787068004459309,0,mix
7.624084000000948,643.0,4191.0,0.15338740458015268,9.0,10.0,95808,69425,161172,0,0,15,3.373557262275185,False,0.14285714285714285,0.0002787068004459309,0,mix
7.47955600000023,2263.0,105608.0,0.021428097984073326,45.0,145.0,95808,207910,161172,0,0,13,3.3927474104487847,False,0.03225806451612903,0.0002787068004459309,0,mix
7.429834000000483,1106.0,4330.0,0.25536827522512123,13.0,17.0,12919,67117,161172,0,0,15,3.32323142879762,False,0.037037037037037035,0.0048543689320388345,0,mix
7.343275999999605,2006.0,5335.0,0.3759370314842579,14.0,18.0,95808,67117,161172,0,0,15,3.32323142879762,False,0.037037037037037035,0.0002787068004459309,0,mix
8.605429999999615,1785.0,3820.0,0.4671551949751374,12.0,16.0,95808,41932,161172,0,0,11,3.027169118440619,False,0.0003711952487008166,0.0002787068004459309,0,mix
8.656466999998884,1764.0,1367.0,1.2894736842105263,11.0,14.0,95808,41932,161172,0,0,11,3.027169118440619,False,0.0003711952487008166,0.0002787068004459309,0,mix
8.685383000000002,1764.0,1368.0,1.2885317750182614,11.0,14.0,95808,41932,161172,0,0,11,3.027169118440619,False,0.0003711952487008166,0.0002787068004459309,0,mix
3.120379999998476,3646.0,12947.0,0.281587890021625,16.0,28.0,241151,175548,40599,0,0,15,3.0565647621309537,False,0.004608294930875576,0.005208333333333333,0,mix
8.70647100000133,12010.0,1475.0,8.136856368563686,20.0,23.0,95808,41932,161172,0,0,11,3.027169118440619,False,0.0003711952487008166,0.0002787068004459309,0,mix
8.752485999999408,1764.0,1368.0,1.2885317750182614,11.0,14.0,95808,41932,161172,0,0,11,3.027169118440619,False,0.0003711952487008166,0.0002787068004459309,0,mix
8.774224999999205,1764.0,1367.0,1.2894736842105263,12.0,14.0,95808,41932,161172,0,0,11,3.027169118440619,False,0.0003711952487008166,0.0002787068004459309,0,mix
8.744543000000704,1778.0,1370.0,1.2968636032093364,11.0,14.0,95808,41932,161172,0,0,11,3.027169118440619,False,0.0003711952487008166,0.0002787068004459309,0,mix
1.136273000000073,3317.0,2473.0,1.3407437348423605,12.0,16.0,241151,175548,40599,0,0,15,3.0565647621309537,False,0.004608294930875576,0.005208333333333333,0,mix
8.851783000000069,1764.0,1368.0,1.2885317750182614,11.0,14.0,95808,41932,161172,0,0,11,3.027169118440619,False,0.0003711952487008166,0.0002787068004459309,0,mix
8.872413000000961,1764.0,1367.0,1.2894736842105263,12.0,14.0,95808,41932,161172,0,0,11,3.027169118440619,False,0.0003711952487008166,0.0002787068004459309,0,mix
8.912011000000348,1922.0,2539.0,0.7566929133858268,13.0,16.0,95808,41932,161172,0,0,11,3.027169118440619,False,0.0003711952487008166,0.0002787068004459309,0,mix
8.909161000001404,1764.0,1369.0,1.2875912408759125,11.0,14.0,95808,41932,161172,0,0,11,3.027169118440619,False,0.0003711952487008166,0.0002787068004459309,0,mix
10.39590599999974,3379.0,2411.0,1.4009121061359868,12.0,16.0,241151,175548,40599,0,0,15,3.0565647621309537,False,0.004608294930875576,0.005208333333333333,0,mix
8.990950000001249,1778.0,1371.0,1.2959183673469388,11.0,14.0,95808,41932,161172,0,0,11,3.027169118440619,False,0.0003711952487008166,0.0002787068004459309,0,mix
9.002261999999973,1764.0,1368.0,1.2885317750182614,11.0,14.0,95808,41932,161172,0,0,11,3.027169118440619,False,0.0003711952487008166,0.0002787068004459309,0,mix
9.051642000000356,1764.0,1369.0,1.2875912408759125,12.0,14.0,95808,41932,161172,0,0,11,3.027169118440619,False,0.0003711952487008166,0.0002787068004459309,0,mix
9.083044999999402,11771.0,1475.0,7.974932249322493,20.0,23.0,95808,41932,161172,0,0,11,3.027169118440619,False,0.0003711952487008166,0.0002787068004459309,0,mix
9.093525000000229,1764.0,1367.0,1.2894736842105263,11.0,14.0,95808,41932,161172,0,0,11,3.027169118440619,False,0.0003711952487008166,0.0002787068004459309,0,mix
9.134851999999228,1764.0,1367.0,1.2894736842105263,11.0,14.0,95808,41932,161172,0,0,11,3.027169118440619,False,0.0003711952487008166,0.0002787068004459309,0,mix
9.565946000000622,3441.0,2722.0,1.263679764965112,12.0,15.0,241151,175548,40599,0,0,15,3.0565647621309537,False,0.004608294930875576,0.005208333333333333,0,mix
9.16761299999962,1778.0,1371.0,1.2959183673469388,12.0,14.0,95808,41932,161172,0,0,11,3.027169118440619,False,0.0003711952487008166,0.0002787068004459309,0,mix
9.12935599999946,1764.0,1368.0,1.2885317750182614,11.0,14.0,95808,41932,161172,0,0,11,3.027169118440619,False,0.0003711952487008166,0.0002787068004459309,0,mix
9.224453000000722,1908.0,2561.0,0.7447306791569087,13.0,16.0,95808,41932,161172,0,0,11,3.027169118440619,False,0.0003711952487008166,0.0002787068004459309,0,mix
9.241345000000363,1853.0,5136.0,0.36071637142300955,12.0,17.0,95808,67117,161172,0,0,11,3.027169118440619,False,0.0003711952487008166,0.0002787068004459309,0,mix
9.250079999999798,1764.0,1368.0,1.2885317750182614,11.0,14.0,95808,41932,161172,0,0,11,3.027169118440619,False,0.0003711952487008166,0.0002787068004459309,0,mix
9.310206000000107,1764.0,1367.0,1.2894736842105263,12.0,14.0,95808,41932,161172,0,0,11,3.027169118440619,False,0.0003711952487008166,0.0002787068004459309,0,mix
8.74990600000092,3504.0,2912.0,1.2028836251287334,13.0,16.0,241151,175548,40599,0,0,15,3.0565647621309537,False,0.004608294930875576,0.005208333333333333,0,mix
9.331609000000752,1778.0,1368.0,1.2987582176771366,12.0,14.0,95808,41932,161172,0,0,11,3.027169118440619,False,0.0003711952487008166,0.0002787068004459309,0,mix
9.338017000000036,1764.0,1368.0,1.2885317750182614,11.0,14.0,95808,41932,161172,0,0,11,3.027169118440619,False,0.0003711952487008166,0.0002787068004459309,0,mix
9.38975500000015,11761.0,1475.0,7.968157181571816,20.0,23.0,95808,41932,161172,0,0,11,3.027169118440619,False,0.0003711952487008166,0.0002787068004459309,0,mix
9.424409000001106,1764.0,1368.0,1.2885317750182614,11.0,14.0,95808,41932,161172,0,0,11,3.027169118440619,False,0.0003711952487008166,0.0002787068004459309,0,mix
9.432337000000189,1764.0,1367.0,1.2894736842105263,11.0,14.0,95808,41932,161172,0,0,11,3.027169118440619,False,0.0003711952487008166,0.0002787068004459309,0,mix
9.501117000001614,1778.0,1371.0,1.2959183673469388,11.0,14.0,95808,41932,161172,0,0,11,3.027169118440619,False,0.0003711952487008166,0.0002787068004459309,0,mix
6.643665999999939,1908.0,2539.0,0.7511811023622047,13.0,16.0,95808,41932,161172,0,0,11,3.027169118440619,False,0.0003711952487008166,0.0002787068004459309,0,mix
6.688430999998673,1778.0,1369.0,1.2978102189781022,12.0,14.0,95808,41932,161172,0,0,11,3.027169118440619,False,0.0003711952487008166,0.0002787068004459309,0,mix
6.715881000000081,1764.0,1369.0,1.2875912408759125,11.0,14.0,95808,41932,161172,0,0,11,3.027169118440619,False,0.0003711952487008166,0.0002787068004459309,0,mix
7.872636000000057,610.0,3007.0,0.20279255319148937,9.0,9.0,12919,224797,161172,0,0,29,3.71937582241537,False,0.08333333333333333,0.0048543689320388345,0,mix
6.770157000000836,1778.0,1370.0,1.2968636032093364,11.0,14.0,95808,41932,161172,0,0,11,3.027169118440619,False,0.0003711952487008166,0.0002787068004459309,0,mix
6.818714999999429,1764.0,1368.0,1.2885317750182614,11.0,14.0,95808,41932,161172,0,0,11,3.027169118440619,False,0.0003711952487008166,0.0002787068004459309,0,mix
2.221274999999877,3579.0,2507.0,1.4270334928229664,12.0,15.0,241151,175548,40599,0,0,15,3.0565647621309537,False,0.004608294930875576,0.005208333333333333,0,mix
6.853481000000102,1764.0,1369.0,1.2875912408759125,11.0,14.0,95808,41932,161172,0,0,11,3.027169118440619,False,0.0003711952487008166,0.0002787068004459309,0,mix
6.856011000001672,1778.0,1371.0,1.2959183673469388,11.0,14.0,95808,41932,161172,0,0,11,3.027169118440619,False,0.0003711952487008166,0.0002787068004459309,0,mix
6.897935000000871,11770.0,1474.0,7.979661016949152,20.0,23.0,95808,41932,161172,0,0,11,3.027169118440619,False,0.0003711952487008166,0.0002787068004459309,0,mix
6.94275000000016,1764.0,1368.0,1.2885317750182614,11.0,14.0,95808,41932,161172,0,0,11,3.027169118440619,False,0.0003711952487008166,0.0002787068004459309,0,mix
6.947991999999431,1778.0,1370.0,1.2968636032093364,12.0,14.0,95808,41932,161172,0,0,11,3.027169118440619,False,0.0003711952487008166,0.0002787068004459309,0,mix
7.007448000000295,1908.0,2541.0,0.7505900865460268,13.0,16.0,95808,41932,161172,0,0,11,3.027169118440619,False,0.0003711952487008166,0.0002787068004459309,0,mix
7.056805000000168,1764.0,1368.0,1.2885317750182614,11.0,14.0,95808,41932,161172,0,0,11,3.027169118440619,False,0.0003711952487008166,0.0002787068004459309,0,mix
7.081589999999778,1778.0,1370.0,1.2968636032093364,11.0,14.0,95808,41932,161172,0,0,11,3.027169118440619,False,0.0003711952487008166,0.0002787068004459309,0,mix
7.136371000000508,1764.0,1368.0,1.2885317750182614,11.0,14.0,95808,41932,161172,0,0,11,3.027169118440619,False,0.0003711952487008166,0.0002787068004459309,0,mix
7.156381000000692,1764.0,1368.0,1.2885317750182614,11.0,14.0,95808,41932,161172,0,0,11,3.027169118440619,False,0.0003711952487008166,0.0002787068004459309,0,mix
1.5772809999998572,3641.0,2647.0,1.375,12.0,15.0,241151,175548,40599,0,0,15,3.0565647621309537,False,0.004608294930875576,0.005208333333333333,0,mix
7.176319999998668,1778.0,1370.0,1.2968636032093364,11.0,14.0,95808,41932,161172,0,0,11,3.027169118440619,False,0.0003711952487008166,0.0002787068004459309,0,mix
7.220954000000347,1764.0,1368.0,1.2885317750182614,11.0,14.0,95808,41932,161172,0,0,11,3.027169118440619,False,0.0003711952487008166,0.0002787068004459309,0,mix
7.253500000000713,1764.0,1367.0,1.2894736842105263,11.0,14.0,95808,41932,161172,0,0,11,3.027169118440619,False,0.0003711952487008166,0.0002787068004459309,0,mix
7.254122999998799,11794.0,1497.0,7.873164218958611,20.0,23.0,95808,41932,161172,0,0,11,3.027169118440619,False,0.0003711952487008166,0.0002787068004459309,0,mix
7.316623000000618,1764.0,1369.0,1.2875912408759125,11.0,14.0,95808,41932,161172,0,0,11,3.027169118440619,False,0.0003711952487008166,0.0002787068004459309,0,mix
7.355418000001009,1908.0,2538.0,0.7514769594328475,13.0,16.0,95808,41932,161172,0,0,11,3.027169118440619,False,0.0003711952487008166,0.0002787068004459309,0,mix
7.362724999999045,1778.0,1369.0,1.2978102189781022,11.0,14.0,95808,41932,161172,0,0,11,3.027169118440619,False,0.0003711952487008166,0.0002787068004459309,0,mix
7.428024999999252,1764.0,1368.0,1.2885317750182614,11.0,14.0,95808,41932,161172,0,0,11,3.027169118440619,False,0.0003711952487008166,0.0002787068004459309,0,mix
7.453081999999995,1764.0,1367.0,1.2894736842105263,12.0,14.0,95808,41932,161172,0,0,11,3.027169118440619,False,0.0003711952487008166,0.0002787068004459309,0,mix
7.45834399999876,1778.0,1369.0,1.2978102189781022,11.0,14.0,95808,41932,161172,0,0,11,3.027169118440619,False,0.0003711952487008166,0.0002787068004459309,0,mix
9.870167000000947,3702.0,2560.0,1.4455290901991409,13.0,16.0,241151,175548,40599,0,0,15,3.0565647621309537,False,0.004608294930875576,0.005208333333333333,0,mix
7.503630999999586,1764.0,1369.0,1.2875912408759125,11.0,14.0,95808,41932,161172,0,0,11,3.027169118440619,False,0.0003711952487008166,0.0002787068004459309,0,mix
7.528829999999289,1764.0,1367.0,1.2894736842105263,12.0,14.0,95808,41932,161172,0,0,11,3.027169118440619,False,0.0003711952487008166,0.0002787068004459309,0,mix
7.541244000000006,1778.0,1371.0,1.2959183673469388,11.0,14.0,95808,41932,161172,0,0,11,3.027169118440619,False,0.0003711952487008166,0.0002787068004459309,0,mix
7.60593499999959,1764.0,1368.0,1.2885317750182614,11.0,14.0,95808,41932,161172,0,0,11,3.027169118440619,False,0.0003711952487008166,0.0002787068004459309,0,mix
7.638151999999536,11784.0,1475.0,7.983739837398374,20.0,23.0,95808,41932,161172,0,0,11,3.027169118440619,False,0.0003711952487008166,0.0002787068004459309,0,mix
7.652846999999383,1908.0,2540.0,0.7508854781582054,13.0,16.0,95808,41932,161172,0,0,11,3.027169118440619,False,0.0003711952487008166,0.0002787068004459309,0,mix
7.703835000000254,1764.0,1369.0,1.2875912408759125,11.0,14.0,95808,41932,161172,0,0,11,3.027169118440619,False,0.0003711952487008166,0.0002787068004459309,0,mix
7.73211000000083,1778.0,1371.0,1.2959183673469388,11.0,14.0,95808,41932,161172,0,0,11,3.027169118440619,False,0.0003711952487008166,0.0002787068004459309,0,mix
7.744487999998455,1764.0,1369.0,1.2875912408759125,11.0,14.0,95808,41932,161172,0,0,11,3.027169118440619,False,0.0003711952487008166,0.0002787068004459309,0,mix
7.804892000000109,1764.0,1368.0,1.2885317750182614,12.0,14.0,95808,41932,161172,0,0,11,3.027169118440619,False,0.0003711952487008166,0.0002787068004459309,0,mix
9.247690000000148,3764.0,2616.0,1.4382881161635461,13.0,16.0,241151,175548,40599,0,0,15,3.0565647621309537,False,0.004608294930875576,0.005208333333333333,0,mix
7.847717999999077,1778.0,1370.0,1.2968636032093364,11.0,14.0,95808,41932,161172,0,0,11,3.027169118440619,False,0.0003711952487008166,0.0002787068004459309,0,mix
7.848807999998826,1764.0,1367.0,1.2894736842105263,12.0,14.0,95808,41932,161172,0,0,11,3.027169118440619,False,0.0003711952487008166,0.0002787068004459309,0,mix
7.903866999999082,1778.0,1370.0,1.2968636032093364,11.0,14.0,95808,41932,161172,0,0,11,3.027169118440619,False,0.0003711952487008166,0.0002787068004459309,0,mix
7.938851999999315,1764.0,1368.0,1.2885317750182614,11.0,14.0,95808,41932,161172,0,0,11,3.027169118440619,False,0.0003711952487008166,0.0002787068004459309,0,mix
7.942666000000827,1764.0,1369.0,1.2875912408759125,11.0,14.0,95808,41932,161172,0,0,11,3.027169118440619,False,0.0003711952487008166,0.0002787068004459309,0,mix
8.015892000001259,11938.0,2659.0,4.48796992481203,21.0,25.0,95808,41932,161172,0,0,11,3.027169118440619,False,0.0003711952487008166,0.0002787068004459309,0,mix
8.037374999999884,1764.0,1368.0,1.2885317750182614,11.0,14.0,95808,41932,161172,0,0,11,3.027169118440619,False,0.0003711952487008166,0.0002787068004459309,0,mix
8.059241000000839,1764.0,1368.0,1.2885317750182614,11.0,14.0,95808,41932,161172,0,0,11,3.027169118440619,False,0.0003711952487008166,0.0002787068004459309,0,mix
8.076869999998962,1778.0,1369.0,1.2978102189781022,11.0,14.0,95808,41932,161172,0,0,11,3.027169118440619,False,0.0003711952487008166,0.0002787068004459309,0,mix
8.059892000001128,1764.0,1371.0,1.2857142857142858,11.0,14.0,95808,41932,161172,0,0,11,3.027169118440619,False,0.0003711952487008166,0.0002787068004459309,0,mix
8.570835000000443,3825.0,2436.0,1.569552728764875,12.0,15.0,241151,175548,40599,0,0,15,3.0565647621309537,False,0.004608294930875576,0.005208333333333333,0,mix
8.172915000001012,1764.0,1368.0,1.2885317750182614,11.0,14.0,95808,41932,161172,0,0,11,3.027169118440619,False,0.0003711952487008166,0.0002787068004459309,0,mix
8.204740999999558,1778.0,1372.0,1.2949745083758193,11.0,14.0,95808,41932,161172,0,0,11,3.027169118440619,False,0.0003711952487008166,0.0002787068004459309,0,mix
8.189775999999256,1764.0,1369.0,1.2875912408759125,11.0,14.0,95808,41932,161172,0,0,11,3.027169118440619,False,0.0003711952487008166,0.0002787068004459309,0,mix
8.25662900000134,1764.0,1369.0,1.2875912408759125,11.0,14.0,95808,41932,161172,0,0,11,3.027169118440619,False,0.0003711952487008166,0.0002787068004459309,0,mix
8.285352000000785,1778.0,1370.0,1.2968636032093364,11.0,14.0,95808,41932,161172,0,0,11,3.027169118440619,False,0.0003711952487008166,0.0002787068004459309,0,mix
8.32283599999937,15019.0,2679.0,5.604104477611941,23.0,27.0,95808,41932,161172,0,0,11,3.027169118440619,False,0.0003711952487008166,0.0002787068004459309,0,mix
8.379689999999755,1778.0,1371.0,1.2959183673469388,12.0,14.0,95808,41932,161172,0,0,11,3.027169118440619,False,0.0003711952487008166,0.0002787068004459309,0,mix
8.396502999999939,1764.0,1370.0,1.286652078774617,11.0,14.0,95808,41932,161172,0,0,11,3.027169118440619,False,0.0003711952487008166,0.0002787068004459309,0,mix
8.416780000001381,1764.0,1369.0,1.2875912408759125,11.0,14.0,95808,41932,161172,0,0,11,3.027169118440619,False,0.0003711952487008166,0.0002787068004459309,0,mix
8.475291000000652,1778.0,1373.0,1.2940320232896652,11.0,14.0,95808,41932,161172,0,0,11,3.027169118440619,False,0.0003711952487008166,0.0002787068004459309,0,mix
8.492718000001332,1764.0,1369.0,1.2875912408759125,11.0,14.0,95808,41932,161172,0,0,11,3.027169118440619,False,0.0003711952487008166,0.0002787068004459309,0,mix
7.879037999999127,3901.0,2678.0,1.456140350877193,13.0,17.0,241151,175548,40599,0,0,15,3.0565647621309537,False,0.004608294930875576,0.005208333333333333,0,mix
8.507720999999947,1764.0,1370.0,1.286652078774617,11.0,14.0,95808,41932,161172,0,0,11,3.027169118440619,False,0.0003711952487008166,0.0002787068004459309,0,mix
8.580125999998927,1778.0,1374.0,1.293090909090909,12.0,14.0,95808,41932,161172,0,0,11,3.027169118440619,False,0.0003711952487008166,0.0002787068004459309,0,mix
8.606232000000091,1778.0,1370.0,1.2968636032093364,11.0,14.0,95808,41932,161172,0,0,11,3.027169118440619,False,0.0003711952487008166,0.0002787068004459309,0,mix
8.636457000000519,1764.0,1368.0,1.2885317750182614,11.0,14.0,95808,41932,161172,0,0,11,3.027169118440619,False,0.0003711952487008166,0.0002787068004459309,0,mix
8.681486999999834,1908.0,2526.0,0.7550455085081124,13.0,16.0,95808,41932,161172,0,0,11,3.027169118440619,False,0.0003711952487008166,0.0002787068004459309,0,mix
8.723428999999669,11758.0,1496.0,7.85437541750167,20.0,23.0,95808,41932,161172,0,0,11,3.027169118440619,False,0.0003711952487008166,0.0002787068004459309,0,mix
8.733020000001488,1764.0,1367.0,1.2894736842105263,11.0,14.0,95808,41932,161172,0,0,11,3.027169118440619,False,0.0003711952487008166,0.0002787068004459309,0,mix
8.790589999998701,1764.0,1367.0,1.2894736842105263,12.0,14.0,95808,41932,161172,0,0,11,3.027169118440619,False,0.0003711952487008166,0.0002787068004459309,0,mix
8.811517000000094,1778.0,1372.0,1.2949745083758193,11.0,14.0,95808,41932,161172,0,0,11,3.027169118440619,False,0.0003711952487008166,0.0002787068004459309,0,mix
8.826454000000012,1764.0,1369.0,1.2875912408759125,11.0,14.0,95808,41932,161172,0,0,11,3.027169118440619,False,0.0003711952487008166,0.0002787068004459309,0,mix
7.259546999999657,3961.0,2656.0,1.4907790741437712,13.0,16.0,241151,175548,40599,0,0,15,3.0565647621309537,False,0.004608294930875576,0.005208333333333333,0,mix
8.875546999999642,1778.0,1376.0,1.2912127814088599,11.0,14.0,95808,41932,161172,0,0,11,3.027169118440619,False,0.0003711952487008166,0.0002787068004459309,0,mix
8.912835000000996,1778.0,1370.0,1.2968636032093364,11.0,14.0,95808,41932,161172,0,0,11,3.027169118440619,False,0.0003711952487008166,0.0002787068004459309,0,mix
8.912270999999237,1764.0,1371.0,1.2857142857142858,11.0,14.0,95808,41932,161172,0,0,11,3.027169118440619,False,0.0003711952487008166,0.0002787068004459309,0,mix
8.957013000001098,1764.0,1369.0,1.2875912408759125,11.0,14.0,95808,41932,161172,0,0,11,3.027169118440619,False,0.0003711952487008166,0.0002787068004459309,0,mix
9.015950999999404,1922.0,2530.0,0.7593836428289213,13.0,16.0,95808,41932,161172,0,0,11,3.027169118440619,False,0.0003711952487008166,0.0002787068004459309,0,mix
9.00334600000133,1764.0,1368.0,1.2885317750182614,11.0,14.0,95808,41932,161172,0,0,11,3.027169118440619,False,0.0003711952487008166,0.0002787068004459309,0,mix
9.077790999999706,11744.0,1500.0,7.824117255163224,20.0,23.0,95808,41932,161172,0,0,11,3.027169118440619,False,0.0003711952487008166,0.0002787068004459309,0,mix
9.111445000000458,1778.0,1369.0,1.2978102189781022,11.0,14.0,95808,41932,161172,0,0,11,3.027169118440619,False,0.0003711952487008166,0.0002787068004459309,0,mix
9.141813999998703,1764.0,1369.0,1.2875912408759125,12.0,14.0,95808,41932,161172,0,0,11,3.027169118440619,False,0.0003711952487008166,0.0002787068004459309,0,mix
9.17391300000054,1764.0,1369.0,1.2875912408759125,12.0,14.0,95808,41932,161172,0,0,11,3.027169118440619,False,0.0003711952487008166,0.0002787068004459309,0,mix
5.578166999999667,4024.0,2649.0,1.518490566037736,13.0,16.0,241151,175548,40599,0,0,15,3.0565647621309537,False,0.004608294930875576,0.005208333333333333,0,mix
5.601720999999088,3792.0,29379.0,0.12906739278420695,18.0,37.0,241151,175548,40599,0,0,15,3.0565647621309537,False,0.004608294930875576,0.005208333333333333,0,mix
9.1928599999992,1778.0,1371.0,1.2959183673469388,12.0,14.0,95808,41932,161172,0,0,11,3.027169118440619,False,0.0003711952487008166,0.0002787068004459309,0,mix
9.218306999999186,1764.0,1367.0,1.2894736842105263,11.0,14.0,95808,41932,161172,0,0,11,3.027169118440619,False,0.0003711952487008166,0.0002787068004459309,0,mix
9.263171000000511,1778.0,1371.0,1.2959183673469388,11.0,14.0,95808,41932,161172,0,0,11,3.027169118440619,False,0.0003711952487008166,0.0002787068004459309,0,mix
9.286298000000896,1764.0,1368.0,1.2885317750182614,11.0,14.0,95808,41932,161172,0,0,11,3.027169118440619,False,0.0003711952487008166,0.0002787068004459309,0,mix
9.302666000001407,1908.0,2698.0,0.7069284920340867,13.0,16.0,95808,41932,161172,0,0,11,3.027169118440619,False,0.0003711952487008166,0.0002787068004459309,0,mix
9.35193099999924,1778.0,1370.0,1.2968636032093364,11.0,14.0,95808,41932,161172,0,0,11,3.027169118440619,False,0.0003711952487008166,0.0002787068004459309,0,mix
9.377096999998685,1764.0,1368.0,1.2885317750182614,11.0,14.0,95808,41932,161172,0,0,11,3.027169118440619,False,0.0003711952487008166,0.0002787068004459309,0,mix
9.3966279999986,11758.0,1521.0,7.725361366622865,20.0,23.0,95808,41932,161172,0,0,11,3.027169118440619,False,0.0003711952487008166,0.0002787068004459309,0,mix
9.442322000000786,1764.0,1370.0,1.286652078774617,11.0,14.0,95808,41932,161172,0,0,11,3.027169118440619,False,0.0003711952487008166,0.0002787068004459309,0,mix
9.481764000000112,1764.0,1367.0,1.2894736842105263,12.0,14.0,95808,41932,161172,0,0,11,3.027169118440619,False,0.0003711952487008166,0.0002787068004459309,0,mix
4.875401999999667,3254.0,2598.0,1.2520200076952674,12.0,15.0,241151,175548,40599,0,0,15,3.0565647621309537,False,0.004608294930875576,0.005208333333333333,0,mix
9.50149699999929,1778.0,1372.0,1.2949745083758193,11.0,14.0,95808,41932,161172,0,0,11,3.027169118440619,False,0.0003711952487008166,0.0002787068004459309,0,mix
9.548890000000029,1764.0,1367.0,1.2894736842105263,11.0,14.0,95808,41932,161172,0,0,11,3.027169118440619,False,0.0003711952487008166,0.0002787068004459309,0,mix
9.578294000000824,1778.0,1371.0,1.2959183673469388,11.0,14.0,95808,41932,161172,0,0,11,3.027169118440619,False,0.0003711952487008166,0.0002787068004459309,0,mix
9.595930000001315,1764.0,1368.0,1.2885317750182614,11.0,14.0,95808,41932,161172,0,0,11,3.027169118440619,False,0.0003711952487008166,0.0002787068004459309,0,mix
9.65614000000096,1908.0,2532.0,0.753257007500987,13.0,16.0,95808,41932,161172,0,0,11,3.027169118440619,False,0.0003711952487008166,0.0002787068004459309,0,mix
9.681932000001323,1778.0,1371.0,1.2959183673469388,11.0,14.0,95808,41932,161172,0,0,11,3.027169118440619,False,0.0003711952487008166,0.0002787068004459309,0,mix
9.700353000000176,1764.0,1370.0,1.286652078774617,11.0,14.0,95808,41932,161172,0,0,11,3.027169118440619,False,0.0003711952487008166,0.0002787068004459309,0,mix
9.69821800000136,1778.0,1370.0,1.2968636032093364,11.0,14.0,95808,41932,161172,0,0,11,3.027169118440619,False,0.0003711952487008166,0.0002787068004459309,0,mix
9.769783000001553,11754.0,1520.0,7.727810650887574,20.0,23.0,95808,41932,161172,0,0,11,3.027169118440619,False,0.0003711952487008166,0.0002787068004459309,0,mix
9.791714000000866,1764.0,1367.0,1.2894736842105263,11.0,14.0,95808,41932,161172,0,0,11,3.027169118440619,False,0.0003711952487008166,0.0002787068004459309,0,mix
4.194870999999694,3349.0,2495.0,1.341746794871795,13.0,16.0,241151,175548,40599,0,0,15,3.0565647621309537,False,0.004608294930875576,0.005208333333333333,0,mix
9.82826600000044,1778.0,1372.0,1.2949745083758193,11.0,14.0,95808,41932,161172,0,0,11,3.027169118440619,False,0.0003711952487008166,0.0002787068004459309,0,mix
9.855836999999156,1764.0,1368.0,1.2885317750182614,11.0,14.0,95808,41932,161172,0,0,11,3.027169118440619,False,0.0003711952487008166,0.0002787068004459309,0,mix
9.843722999999954,1778.0,1369.0,1.2978102189781022,12.0,14.0,95808,41932,161172,0,0,11,3.027169118440619,False,0.0003711952487008166,0.0002787068004459309,0,mix
9.904655999998797,1764.0,1367.0,1.2894736842105263,11.0,14.0,95808,41932,161172,0,0,11,3.027169118440619,False,0.0003711952487008166,0.0002787068004459309,0,mix
9.93831499999942,1908.0,2528.0,0.7544483985765125,13.0,16.0,95808,41932,161172,0,0,11,3.027169118440619,False,0.0003711952487008166,0.0002787068004459309,0,mix
9.938061000000744,1778.0,1369.0,1.2978102189781022,11.0,14.0,95808,41932,161172,0,0,11,3.027169118440619,False,0.0003711952487008166,0.0002787068004459309,0,mix
9.99830699999984,1764.0,1367.0,1.2894736842105263,11.0,14.0,95808,41932,161172,0,0,11,3.027169118440619,False,0.0003711952487008166,0.0002787068004459309,0,mix
10.018357000000831,1764.0,1368.0,1.2885317750182614,11.0,14.0,95808,41932,161172,0,0,11,3.027169118440619,False,0.0003711952487008166,0.0002787068004459309,0,mix
10.02001399999972,1778.0,1370.0,1.2968636032093364,11.0,14.0,95808,41932,161172,0,0,11,3.027169118440619,False,0.0003711952487008166,0.0002787068004459309,0,mix
10.075106000000233,11756.0,1473.0,7.975576662143826,20.0,23.0,95808,41932,161172,0,0,11,3.027169118440619,False,0.0003711952487008166,0.0002787068004459309,0,mix
10.100996000001032,1778.0,1372.0,1.2949745083758193,11.0,14.0,95808,41932,161172,0,0,11,3.027169118440619,False,0.0003711952487008166,0.0002787068004459309,0,mix
10.098598999999012,1764.0,1368.0,1.2885317750182614,11.0,14.0,95808,41932,161172,0,0,11,3.027169118440619,False,0.0003711952487008166,0.0002787068004459309,0,mix
10.145760999999766,1764.0,1368.0,1.2885317750182614,11.0,14.0,95808,41932,161172,0,0,11,3.027169118440619,False,0.0003711952487008166,0.0002787068004459309,0,mix
10.19138600000042,1778.0,1369.0,1.2978102189781022,11.0,14.0,95808,41932,161172,0,0,11,3.027169118440619,False,0.0003711952487008166,0.0002787068004459309,0,mix
10.19988199999898,1908.0,2689.0,0.7092936802973978,13.0,16.0,95808,41932,161172,0,0,11,3.027169118440619,False,0.0003711952487008166,0.0002787068004459309,0,mix
0.241792999999233,1839.0,5134.0,0.35813047711781887,13.0,18.0,95808,67117,161172,0,0,11,3.027169118440619,False,0.0003711952487008166,0.0002787068004459309,0,mix
0.27918899999895,1853.0,5136.0,0.36071637142300955,13.0,17.0,95808,67117,161172,0,0,11,3.027169118440619,False,0.0003711952487008166,0.0002787068004459309,0,mix
0.287320999999792,1764.0,1369.0,1.2875912408759125,11.0,14.0,95808,41932,161172,0,0,11,3.027169118440619,False,0.0003711952487008166,0.0002787068004459309,0,mix
0.331797999999253,1764.0,1368.0,1.2885317750182614,11.0,14.0,95808,41932,161172,0,0,11,3.027169118440619,False,0.0003711952487008166,0.0002787068004459309,0,mix
0.373599999998987,1778.0,1369.0,1.2978102189781022,11.0,14.0,95808,41932,161172,0,0,11,3.027169118440619,False,0.0003711952487008166,0.0002787068004459309,0,mix
3.768883000000642,3414.0,2891.0,1.1804979253112033,12.0,15.0,241151,175548,40599,0,0,15,3.0565647621309537,False,0.004608294930875576,0.005208333333333333,0,mix
0.39915800000017,11740.0,1520.0,7.718606180144642,19.0,23.0,95808,41932,161172,0,0,11,3.027169118440619,False,0.0003711952487008166,0.0002787068004459309,0,mix
0.437416999999186,1764.0,1367.0,1.2894736842105263,11.0,14.0,95808,41932,161172,0,0,11,3.027169118440619,False,0.0003711952487008166,0.0002787068004459309,0,mix
0.471688999999969,1778.0,1370.0,1.2968636032093364,11.0,14.0,95808,41932,161172,0,0,11,3.027169118440619,False,0.0003711952487008166,0.0002787068004459309,0,mix
0.491464000000632,1764.0,1368.0,1.2885317750182614,11.0,14.0,95808,41932,161172,0,0,11,3.027169118440619,False,0.0003711952487008166,0.0002787068004459309,0,mix
0.524276000000099,1908.0,2674.0,0.7132710280373832,12.0,16.0,95808,41932,161172,0,0,11,3.027169118440619,False,0.0003711952487008166,0.0002787068004459309,0,mix
0.555892999998832,1778.0,1370.0,1.2968636032093364,11.0,14.0,95808,41932,161172,0,0,11,3.027169118440619,False,0.0003711952487008166,0.0002787068004459309,0,mix
0.5624889999999141,1764.0,1368.0,1.2885317750182614,11.0,14.0,95808,41932,161172,0,0,11,3.027169118440619,False,0.0003711952487008166,0.0002787068004459309,0,mix
0.627664000001459,1764.0,1368.0,1.2885317750182614,12.0,14.0,95808,41932,161172,0,0,11,3.027169118440619,False,0.0003711952487008166,0.0002787068004459309,0,mix
0.639490999999907,1778.0,1370.0,1.2968636032093364,11.0,14.0,95808,41932,161172,0,0,11,3.027169118440619,False,0.0003711952487008166,0.0002787068004459309,0,mix
0.6712970000007771,1764.0,1368.0,1.2885317750182614,11.0,14.0,95808,41932,161172,0,0,11,3.027169118440619,False,0.0003711952487008166,0.0002787068004459309,0,mix
0.7487860000001091,1764.0,1368.0,1.2885317750182614,11.0,14.0,95808,41932,161172,0,0,11,3.027169118440619,False,0.0003711952487008166,0.0002787068004459309,0,mix
0.774517000001651,11764.0,1522.0,7.724228496388706,20.0,23.0,95808,41932,161172,0,0,11,3.027169118440619,False,0.0003711952487008166,0.0002787068004459309,0,mix
0.79292500000156,1764.0,1367.0,1.2894736842105263,12.0,14.0,95808,41932,161172,0,0,11,3.027169118440619,False,0.0003711952487008166,0.0002787068004459309,0,mix
0.807972999999037,1764.0,1369.0,1.2875912408759125,11.0,14.0,95808,41932,161172,0,0,11,3.027169118440619,False,0.0003711952487008166,0.0002787068004459309,0,mix
0.868303000002924,1922.0,2524.0,0.7611881188118812,14.0,17.0,95808,41932,161172,0,0,11,3.027169118440619,False,0.0003711952487008166,0.0002787068004459309,0,mix
0.8161399999989951,1764.0,1367.0,1.2894736842105263,12.0,14.0,95808,41932,161172,0,0,11,3.027169118440619,False,0.0003711952487008166,0.0002787068004459309,0,mix
0.916227000001526,1764.0,1368.0,1.2885317750182614,12.0,14.0,95808,41932,161172,0,0,11,3.027169118440619,False,0.0003711952487008166,0.0002787068004459309,0,mix
0.8866630000011351,1778.0,1370.0,1.2968636032093364,11.0,14.0,95808,41932,161172,0,0,11,3.027169118440619,False,0.0003711952487008166,0.0002787068004459309,0,mix
0.9512309999990972,1764.0,1369.0,1.2875912408759125,11.0,14.0,95808,41932,161172,0,0,11,3.027169118440619,False,0.0003711952487008166,0.0002787068004459309,0,mix
0.954706000000442,1764.0,1369.0,1.2875912408759125,11.0,14.0,95808,41932,161172,0,0,11,3.027169118440619,False,0.0003711952487008166,0.0002787068004459309,0,mix
3.357507000000623,3491.0,2573.0,1.3562548562548562,13.0,16.0,241151,175548,40599,0,0,15,3.0565647621309537,False,0.004608294930875576,0.005208333333333333,0,mix
1.008100999999442,1778.0,1371.0,1.2959183673469388,11.0,14.0,95808,41932,161172,0,0,11,3.027169118440619,False,0.0003711952487008166,0.0002787068004459309,0,mix
1.025303999998868,1764.0,1368.0,1.2885317750182614,11.0,14.0,95808,41932,161172,0,0,11,3.027169118440619,False,0.0003711952487008166,0.0002787068004459309,0,mix
1.057643000000098,11740.0,1520.0,7.718606180144642,20.0,23.0,95808,41932,161172,0,0,11,3.027169118440619,False,0.0003711952487008166,0.0002787068004459309,0,mix
1.111112999999022,1778.0,1370.0,1.2968636032093364,11.0,14.0,95808,41932,161172,0,0,11,3.027169118440619,False,0.0003711952487008166,0.0002787068004459309,0,mix
1.061625999998796,1908.0,2540.0,0.7508854781582054,13.0,16.0,95808,41932,161172,0,0,11,3.027169118440619,False,0.0003711952487008166,0.0002787068004459309,0,mix
1.203542999999626,1764.0,1368.0,1.2885317750182614,11.0,14.0,95808,41932,161172,0,0,11,3.027169118440619,False,0.0003711952487008166,0.0002787068004459309,0,mix
1.219065000001137,1778.0,1370.0,1.2968636032093364,11.0,14.0,95808,41932,161172,0,0,11,3.027169118440619,False,0.0003711952487008166,0.0002787068004459309,0,mix
1.253410000001167,1764.0,1368.0,1.2885317750182614,11.0,14.0,95808,41932,161172,0,0,11,3.027169118440619,False,0.0003711952487008166,0.0002787068004459309,0,mix
1.274826000000757,1778.0,1369.0,1.2978102189781022,11.0,14.0,95808,41932,161172,0,0,11,3.027169118440619,False,0.0003711952487008166,0.0002787068004459309,0,mix
1.321506000000226,1764.0,1369.0,1.2875912408759125,11.0,14.0,95808,41932,161172,0,0,11,3.027169118440619,False,0.0003711952487008166,0.0002787068004459309,0,mix
1.317235999998956,1764.0,1367.0,1.2894736842105263,11.0,14.0,95808,41932,161172,0,0,11,3.027169118440619,False,0.0003711952487008166,0.0002787068004459309,0,mix
1.380285999999614,1778.0,1370.0,1.2968636032093364,12.0,14.0,95808,41932,161172,0,0,11,3.027169118440619,False,0.0003711952487008166,0.0002787068004459309,0,mix
1.423846999998204,1764.0,1367.0,1.2894736842105263,11.0,14.0,95808,41932,161172,0,0,11,3.027169118440619,False,0.0003711952487008166,0.0002787068004459309,0,mix
1.438576000000466,11823.0,1518.0,7.783410138248848,20.0,23.0,95808,41932,161172,0,0,11,3.027169118440619,False,0.0003711952487008166,0.0002787068004459309,0,mix
1.48116999999911,1922.0,2717.0,0.7071376011773363,13.0,16.0,95808,41932,161172,0,0,11,3.027169118440619,False,0.0003711952487008166,0.0002787068004459309,0,mix
1.509751000001415,1764.0,1368.0,1.2885317750182614,11.0,14.0,95808,41932,161172,0,0,11,3.027169118440619,False,0.0003711952487008166,0.0002787068004459309,0,mix
1.474784000001818,1764.0,1368.0,1.2885317750182614,11.0,14.0,95808,41932,161172,0,0,11,3.027169118440619,False,0.0003711952487008166,0.0002787068004459309,0,mix
1.581343000001652,1778.0,1370.0,1.2968636032093364,12.0,14.0,95808,41932,161172,0,0,11,3.027169118440619,False,0.0003711952487008166,0.0002787068004459309,0,mix
1.617482000001473,1764.0,1368.0,1.2885317750182614,11.0,14.0,95808,41932,161172,0,0,11,3.027169118440619,False,0.0003711952487008166,0.0002787068004459309,0,mix
1.632580999998026,1764.0,1367.0,1.2894736842105263,12.0,14.0,95808,41932,161172,0,0,11,3.027169118440619,False,0.0003711952487008166,0.0002787068004459309,0,mix
3.049935999999434,3550.0,2626.0,1.3513513513513513,13.0,16.0,241151,175548,40599,0,0,15,3.0565647621309537,False,0.004608294930875576,0.005208333333333333,0,mix
1.6719330000014452,1778.0,1370.0,1.2968636032093364,11.0,14.0,95808,41932,161172,0,0,11,3.027169118440619,False,0.0003711952487008166,0.0002787068004459309,0,mix
1.7038829999983132,1764.0,1368.0,1.2885317750182614,11.0,14.0,95808,41932,161172,0,0,11,3.027169118440619,False,0.0003711952487008166,0.0002787068004459309,0,mix
1.714906000001065,1764.0,1369.0,1.2875912408759125,11.0,14.0,95808,41932,161172,0,0,11,3.027169118440619,False,0.0003711952487008166,0.0002787068004459309,0,mix
1.759605999999621,1778.0,1371.0,1.2959183673469388,11.0,14.0,95808,41932,161172,0,0,11,3.027169118440619,False,0.0003711952487008166,0.0002787068004459309,0,mix
1.793268000001262,15192.0,2644.0,5.7436672967863895,25.0,29.0,95808,41932,161172,0,0,11,3.027169118440619,False,0.0003711952487008166,0.0002787068004459309,0,mix
1.791173999998136,1764.0,1369.0,1.2875912408759125,12.0,14.0,95808,41932,161172,0,0,11,3.027169118440619,False,0.0003711952487008166,0.0002787068004459309,0,mix
1.851726000000781,1778.0,1370.0,1.2968636032093364,11.0,14.0,95808,41932,161172,0,0,11,3.027169118440619,False,0.0003711952487008166,0.0002787068004459309,0,mix
1.884733999999298,1764.0,1369.0,1.2875912408759125,12.0,14.0,95808,41932,161172,0,0,11,3.027169118440619,False,0.0003711952487008166,0.0002787068004459309,0,mix
1.909075000003213,1778.0,1372.0,1.2949745083758193,11.0,14.0,95808,41932,161172,0,0,11,3.027169118440619,False,0.0003711952487008166,0.0002787068004459309,0,mix
1.957447000000684,1764.0,1368.0,1.2885317750182614,11.0,14.0,95808,41932,161172,0,0,11,3.027169118440619,False,0.0003711952487008166,0.0002787068004459309,0,mix
1.9883280000030927,1764.0,1369.0,1.2875912408759125,11.0,14.0,95808,41932,161172,0,0,11,3.027169118440619,False,0.0003711952487008166,0.0002787068004459309,0,mix
2.00970099999904,1778.0,1370.0,1.2968636032093364,12.0,14.0,95808,41932,161172,0,0,11,3.027169118440619,False,0.0003711952487008166,0.0002787068004459309,0,mix
2.063975999997637,1764.0,1369.0,1.2875912408759125,11.0,14.0,95808,41932,161172,0,0,11,3.027169118440619,False,0.0003711952487008166,0.0002787068004459309,0,mix
2.094108000001142,1764.0,1367.0,1.2894736842105263,11.0,14.0,95808,41932,161172,0,0,11,3.027169118440619,False,0.0003711952487008166,0.0002787068004459309,0,mix
2.103555000001506,11983.0,2648.0,4.523593808984523,22.0,26.0,95808,41932,161172,0,0,11,3.027169118440619,False,0.0003711952487008166,0.0002787068004459309,0,mix
2.147756999998819,1764.0,1367.0,1.2894736842105263,11.0,14.0,95808,41932,161172,0,0,11,3.027169118440619,False,0.0003711952487008166,0.0002787068004459309,0,mix
2.1763269999974,1778.0,1372.0,1.2949745083758193,11.0,14.0,95808,41932,161172,0,0,11,3.027169118440619,False,0.0003711952487008166,0.0002787068004459309,0,mix
2.192106999998941,1764.0,1367.0,1.2894736842105263,11.0,14.0,95808,41932,161172,0,0,11,3.027169118440619,False,0.0003711952487008166,0.0002787068004459309,0,mix
2.231653999999253,1778.0,1373.0,1.2940320232896652,11.0,14.0,95808,41932,161172,0,0,11,3.027169118440619,False,0.0003711952487008166,0.0002787068004459309,0,mix
2.2444520000026382,1764.0,1368.0,1.2885317750182614,12.0,14.0,95808,41932,161172,0,0,11,3.027169118440619,False,0.0003711952487008166,0.0002787068004459309,0,mix
2.677457000001595,3629.0,2641.0,1.3735806207418622,15.0,18.0,241151,175548,40599,0,0,15,3.0565647621309537,False,0.004608294930875576,0.005208333333333333,0,mix
2.257289000001037,1764.0,1371.0,1.2857142857142858,11.0,14.0,95808,41932,161172,0,0,11,3.027169118440619,False,0.0003711952487008166,0.0002787068004459309,0,mix
2.321990000000369,1778.0,1370.0,1.2968636032093364,11.0,14.0,95808,41932,161172,0,0,11,3.027169118440619,False,0.0003711952487008166,0.0002787068004459309,0,mix
2.357101999998121,1764.0,1367.0,1.2894736842105263,11.0,14.0,95808,41932,161172,0,0,11,3.027169118440619,False,0.0003711952487008166,0.0002787068004459309,0,mix
2.360042000000248,1764.0,1367.0,1.2894736842105263,11.0,14.0,95808,41932,161172,0,0,11,3.027169118440619,False,0.0003711952487008166,0.0002787068004459309,0,mix
2.417695000000094,1922.0,2689.0,0.7144981412639405,13.0,16.0,95808,41932,161172,0,0,11,3.027169118440619,False,0.0003711952487008166,0.0002787068004459309,0,mix
2.446325000000797,11835.0,1495.0,7.911096256684492,20.0,23.0,95808,41932,161172,0,0,11,3.027169118440619,False,0.0003711952487008166,0.0002787068004459309,0,mix
2.480305999997654,1764.0,1368.0,1.2885317750182614,11.0,14.0,95808,41932,161172,0,0,11,3.027169118440619,False,0.0003711952487008166,0.0002787068004459309,0,mix
2.515853000000788,1778.0,1370.0,1.2968636032093364,12.0,14.0,95808,41932,161172,0,0,11,3.027169118440619,False,0.0003711952487008166,0.0002787068004459309,0,mix
2.533887000001414,1764.0,1369.0,1.2875912408759125,11.0,14.0,95808,41932,161172,0,0,11,3.027169118440619,False,0.0003711952487008166,0.0002787068004459309,0,mix
2.560807000001659,1764.0,1367.0,1.2894736842105263,12.0,14.0,95808,41932,161172,0,0,11,3.027169118440619,False,0.0003711952487008166,0.0002787068004459309,0,mix
2.621241000000736,1778.0,1372.0,1.2949745083758193,11.0,14.0,95808,41932,161172,0,0,11,3.027169118440619,False,0.0003711952487008166,0.0002787068004459309,0,mix
2.659792999998899,1764.0,1367.0,1.2894736842105263,11.0,14.0,95808,41932,161172,0,0,11,3.027169118440619,False,0.0003711952487008166,0.0002787068004459309,0,mix
2.666385000000446,1778.0,1373.0,1.2940320232896652,11.0,14.0,95808,41932,161172,0,0,11,3.027169118440619,False,0.0003711952487008166,0.0002787068004459309,0,mix
2.695777000000816,1764.0,1368.0,1.2885317750182614,12.0,14.0,95808,41932,161172,0,0,11,3.027169118440619,False,0.0003711952487008166,0.0002787068004459309,0,mix
2.738281999998435,1908.0,2543.0,0.75,14.0,17.0,95808,41932,161172,0,0,11,3.027169118440619,False,0.0003711952487008166,0.0002787068004459309,0,mix
2.750661000001855,1778.0,1370.0,1.2968636032093364,11.0,14.0,95808,41932,161172,0,0,11,3.027169118440619,False,0.0003711952487008166,0.0002787068004459309,0,mix
2.788979000000836,11825.0,1499.0,7.883333333333334,20.0,23.0,95808,41932,161172,0,0,11,3.027169118440619,False,0.0003711952487008166,0.0002787068004459309,0,mix
2.829143000002659,1764.0,1368.0,1.2885317750182614,12.0,14.0,95808,41932,161172,0,0,11,3.027169118440619,False,0.0003711952487008166,0.0002787068004459309,0,mix
2.850988999998662,1778.0,1372.0,1.2949745083758193,11.0,14.0,95808,41932,161172,0,0,11,3.027169118440619,False,0.0003711952487008166,0.0002787068004459309,0,mix
2.8759229999996023,1764.0,1368.0,1.2885317750182614,11.0,14.0,95808,41932,161172,0,0,11,3.027169118440619,False,0.0003711952487008166,0.0002787068004459309,0,mix
2.267192999999679,3689.0,2651.0,1.391025641025641,13.0,16.0,241151,175548,40599,0,0,15,3.0565647621309537,False,0.004608294930875576,0.005208333333333333,0,mix
8.34247399999731,3458.0,33898.0,0.10200890881736924,19.0,39.0,241151,175548,40599,0,0,15,3.0565647621309537,False,0.004608294930875576,0.005208333333333333,0,mix
2.923971999996865,1764.0,1369.0,1.2875912408759125,11.0,14.0,95808,41932,161172,0,0,11,3.027169118440619,False,0.0003711952487008166,0.0002787068004459309,0,mix
2.936856000000261,1778.0,1369.0,1.2978102189781022,12.0,14.0,95808,41932,161172,0,0,11,3.027169118440619,False,0.0003711952487008166,0.0002787068004459309,0,mix
2.968377000001055,1764.0,1367.0,1.2894736842105263,11.0,14.0,95808,41932,161172,0,0,11,3.027169118440619,False,0.0003711952487008166,0.0002787068004459309,0,mix
2.9978059999994,1764.0,1367.0,1.2894736842105263,11.0,14.0,95808,41932,161172,0,0,11,3.027169118440619,False,0.0003711952487008166,0.0002787068004459309,0,mix
3.023192999997263,1922.0,2546.0,0.7546132705143306,13.0,16.0,95808,41932,161172,0,0,11,3.027169118440619,False,0.0003711952487008166,0.0002787068004459309,0,mix
3.04776000000129,1764.0,1368.0,1.2885317750182614,11.0,14.0,95808,41932,161172,0,0,11,3.027169118440619,False,0.0003711952487008166,0.0002787068004459309,0,mix
3.083573999996588,1764.0,1367.0,1.2894736842105263,12.0,14.0,95808,41932,161172,0,0,11,3.027169118440619,False,0.0003711952487008166,0.0002787068004459309,0,mix
3.04013599999962,11849.0,1475.0,8.027777777777779,20.0,23.0,95808,41932,161172,0,0,11,3.027169118440619,False,0.0003711952487008166,0.0002787068004459309,0,mix
3.1543350000029022,1764.0,1370.0,1.286652078774617,11.0,14.0,95808,41932,161172,0,0,11,3.027169118440619,False,0.0003711952487008166,0.0002787068004459309,0,mix
3.177820000000793,1764.0,1369.0,1.2875912408759125,11.0,14.0,95808,41932,161172,0,0,11,3.027169118440619,False,0.0003711952487008166,0.0002787068004459309,0,mix
3.187808999999106,1778.0,1371.0,1.2959183673469388,11.0,14.0,95808,41932,161172,0,0,11,3.027169118440619,False,0.0003711952487008166,0.0002787068004459309,0,mix
3.20685300000332,1764.0,1369.0,1.2875912408759125,11.0,14.0,95808,41932,161172,0,0,11,3.027169118440619,False,0.0003711952487008166,0.0002787068004459309,0,mix
3.256941999999981,1764.0,1370.0,1.286652078774617,12.0,14.0,95808,41932,161172,0,0,11,3.027169118440619,False,0.0003711952487008166,0.0002787068004459309,0,mix
3.286019000002852,1778.0,1371.0,1.2959183673469388,11.0,14.0,95808,41932,161172,0,0,11,3.027169118440619,False,0.0003711952487008166,0.0002787068004459309,0,mix
3.332945000001928,1908.0,2540.0,0.7508854781582054,12.0,16.0,95808,41932,161172,0,0,11,3.027169118440619,False,0.0003711952487008166,0.0002787068004459309,0,mix
3.36296399999992,1764.0,1369.0,1.2875912408759125,11.0,14.0,95808,41932,161172,0,0,11,3.027169118440619,False,0.0003711952487008166,0.0002787068004459309,0,mix
3.379326999998738,1778.0,1372.0,1.2949745083758193,11.0,14.0,95808,41932,161172,0,0,11,3.027169118440619,False,0.0003711952487008166,0.0002787068004459309,0,mix
3.4248900000020512,1764.0,1368.0,1.2885317750182614,11.0,14.0,95808,41932,161172,0,0,11,3.027169118440619,False,0.0003711952487008166,0.0002787068004459309,0,mix
3.460398000002897,11825.0,1474.0,8.016949152542374,20.0,23.0,95808,41932,161172,0,0,11,3.027169118440619,False,0.0003711952487008166,0.0002787068004459309,0,mix
3.465519999997923,1778.0,1370.0,1.2968636032093364,11.0,14.0,95808,41932,161172,0,0,11,3.027169118440619,False,0.0003711952487008166,0.0002787068004459309,0,mix
1.888026999997237,3269.0,2766.0,1.181423924828334,12.0,15.0,241151,175548,40599,0,0,15,3.0565647621309537,False,0.004608294930875576,0.005208333333333333,0,mix
3.507818999998562,1764.0,1371.0,1.2857142857142858,11.0,14.0,95808,41932,161172,0,0,11,3.027169118440619,False,0.0003711952487008166,0.0002787068004459309,0,mix
3.540260999998281,1764.0,1368.0,1.2885317750182614,11.0,14.0,95808,41932,161172,0,0,11,3.027169118440619,False,0.0003711952487008166,0.0002787068004459309,0,mix
3.553320000002713,1778.0,1369.0,1.2978102189781022,11.0,14.0,95808,41932,161172,0,0,11,3.027169118440619,False,0.0003711952487008166,0.0002787068004459309,0,mix
3.612241999999241,1764.0,1369.0,1.2875912408759125,12.0,14.0,95808,41932,161172,0,0,11,3.027169118440619,False,0.0003711952487008166,0.0002787068004459309,0,mix
3.637378000003082,1908.0,2537.0,0.75177304964539,13.0,16.0,95808,41932,161172,0,0,11,3.027169118440619,False,0.0003711952487008166,0.0002787068004459309,0,mix
3.642782999999326,1778.0,1370.0,1.2968636032093364,12.0,14.0,95808,41932,161172,0,0,11,3.027169118440619,False,0.0003711952487008166,0.0002787068004459309,0,mix
3.698233000002801,1764.0,1367.0,1.2894736842105263,12.0,14.0,95808,41932,161172,0,0,11,3.027169118440619,False,0.0003711952487008166,0.0002787068004459309,0,mix
3.731139999999868,1764.0,1369.0,1.2875912408759125,11.0,14.0,95808,41932,161172,0,0,11,3.027169118440619,False,0.0003711952487008166,0.0002787068004459309,0,mix
3.732330999999249,1778.0,1369.0,1.2978102189781022,11.0,14.0,95808,41932,161172,0,0,11,3.027169118440619,False,0.0003711952487008166,0.0002787068004459309,0,mix
3.8105710000018,11826.0,1472.0,8.028513238289205,20.0,23.0,95808,41932,161172,0,0,11,3.027169118440619,False,0.0003711952487008166,0.0002787068004459309,0,mix
3.841067999997904,1764.0,1368.0,1.2885317750182614,11.0,14.0,95808,41932,161172,0,0,11,3.027169118440619,False,0.0003711952487008166,0.0002787068004459309,0,mix
3.852139999999053,1778.0,1370.0,1.2968636032093364,11.0,14.0,95808,41932,161172,0,0,11,3.027169118440619,False,0.0003711952487008166,0.0002787068004459309,0,mix
3.898500999999669,1764.0,1368.0,1.2885317750182614,11.0,14.0,95808,41932,161172,0,0,11,3.027169118440619,False,0.0003711952487008166,0.0002787068004459309,0,mix
3.934658000001945,1764.0,1367.0,1.2894736842105263,11.0,14.0,95808,41932,161172,0,0,11,3.027169118440619,False,0.0003711952487008166,0.0002787068004459309,0,mix
3.937158000000636,1922.0,2542.0,0.755800235941801,13.0,16.0,95808,41932,161172,0,0,11,3.027169118440619,False,0.0003711952487008166,0.0002787068004459309,0,mix
3.980929999997897,1764.0,1368.0,1.2885317750182614,11.0,14.0,95808,41932,161172,0,0,11,3.027169118440619,False,0.0003711952487008166,0.0002787068004459309,0,mix
4.01234100000147,1839.0,5134.0,0.35813047711781887,14.0,18.0,95808,67117,161172,0,0,11,3.027169118440619,False,0.0003711952487008166,0.0002787068004459309,0,mix
4.007734999999229,1778.0,1369.0,1.2978102189781022,11.0,14.0,95808,41932,161172,0,0,11,3.027169118440619,False,0.0003711952487008166,0.0002787068004459309,0,mix
4.059742000001279,1764.0,1367.0,1.2894736842105263,12.0,14.0,95808,41932,161172,0,0,11,3.027169118440619,False,0.0003711952487008166,0.0002787068004459309,0,mix
4.084616000000096,1764.0,1368.0,1.2885317750182614,11.0,14.0,95808,41932,161172,0,0,11,3.027169118440619,False,0.0003711952487008166,0.0002787068004459309,0,mix
1.517039999998815,3329.0,3061.0,1.0871979098628348,13.0,16.0,241151,175548,40599,0,0,15,3.0565647621309537,False,0.004608294930875576,0.005208333333333333,0,mix
4.092884999998205,11829.0,1477.0,8.003382949932341,20.0,23.0,95808,41932,161172,0,0,11,3.027169118440619,False,0.0003711952487008166,0.0002787068004459309,0,mix
4.144924000000174,1764.0,1367.0,1.2894736842105263,11.0,14.0,95808,41932,161172,0,0,11,3.027169118440619,False,0.0003711952487008166,0.0002787068004459309,0,mix
4.179617000001599,1764.0,1368.0,1.2885317750182614,12.0,14.0,95808,41932,161172,0,0,11,3.027169118440619,False,0.0003711952487008166,0.0002787068004459309,0,mix
4.194081000001461,1778.0,1370.0,1.2968636032093364,11.0,14.0,95808,41932,161172,0,0,11,3.027169118440619,False,0.0003711952487008166,0.0002787068004459309,0,mix
4.254521000002569,1908.0,2542.0,0.750294927251278,13.0,16.0,95808,41932,161172,0,0,11,3.027169118440619,False,0.0003711952487008166,0.0002787068004459309,0,mix
4.283778000000893,1764.0,1368.0,1.2885317750182614,11.0,14.0,95808,41932,161172,0,0,11,3.027169118440619,False,0.0003711952487008166,0.0002787068004459309,0,mix
4.295640000000276,1778.0,1368.0,1.2987582176771366,11.0,14.0,95808,41932,161172,0,0,11,3.027169118440619,False,0.0003711952487008166,0.0002787068004459309,0,mix
4.331688000002032,1764.0,1368.0,1.2885317750182614,11.0,14.0,95808,41932,161172,0,0,11,3.027169118440619,False,0.0003711952487008166,0.0002787068004459309,0,mix
4.367428999998083,1764.0,1367.0,1.2894736842105263,11.0,14.0,95808,41932,161172,0,0,11,3.027169118440619,False,0.0003711952487008166,0.0002787068004459309,0,mix
4.383917000002839,1778.0,1370.0,1.2968636032093364,11.0,14.0,95808,41932,161172,0,0,11,3.027169118440619,False,0.0003711952487008166,0.0002787068004459309,0,mix
4.422273000000132,1764.0,1368.0,1.2885317750182614,11.0,14.0,95808,41932,161172,0,0,11,3.027169118440619,False,0.0003711952487008166,0.0002787068004459309,0,mix
4.446103999998741,11831.0,1473.0,8.026458616010855,20.0,23.0,95808,41932,161172,0,0,11,3.027169118440619,False,0.0003711952487008166,0.0002787068004459309,0,mix
4.464665000003151,1778.0,1370.0,1.2968636032093364,11.0,14.0,95808,41932,161172,0,0,11,3.027169118440619,False,0.0003711952487008166,0.0002787068004459309,0,mix
4.49915300000066,1764.0,1368.0,1.2885317750182614,11.0,14.0,95808,41932,161172,0,0,11,3.027169118440619,False,0.0003711952487008166,0.0002787068004459309,0,mix
4.524812999999995,1908.0,2541.0,0.7505900865460268,13.0,16.0,95808,41932,161172,0,0,11,3.027169118440619,False,0.0003711952487008166,0.0002787068004459309,0,mix
4.532804000002216,1778.0,1370.0,1.2968636032093364,11.0,14.0,95808,41932,161172,0,0,11,3.027169118440619,False,0.0003711952487008166,0.0002787068004459309,0,mix
4.591733000001113,1764.0,1366.0,1.290416971470373,11.0,14.0,95808,41932,161172,0,0,11,3.027169118440619,False,0.0003711952487008166,0.0002787068004459309,0,mix
4.626001000000542,1778.0,1370.0,1.2968636032093364,11.0,14.0,95808,41932,161172,0,0,11,3.027169118440619,False,0.0003711952487008166,0.0002787068004459309,0,mix
4.657516999999643,1764.0,1368.0,1.2885317750182614,11.0,14.0,95808,41932,161172,0,0,11,3.027169118440619,False,0.0003711952487008166,0.0002787068004459309,0,mix
4.711165000000619,1764.0,1367.0,1.2894736842105263,11.0,14.0,95808,41932,161172,0,0,11,3.027169118440619,False,0.0003711952487008166,0.0002787068004459309,0,mix
10.15287200000239,3392.0,2473.0,1.3710590137429264,12.0,16.0,241151,175548,40599,0,0,15,3.0565647621309537,False,0.004608294930875576,0.005208333333333333,0,mix
4.753179999999702,1778.0,1370.0,1.2968636032093364,11.0,14.0,95808,41932,161172,0,0,11,3.027169118440619,False,0.0003711952487008166,0.0002787068004459309,0,mix
4.751920999999129,1764.0,1368.0,1.2885317750182614,11.0,14.0,95808,41932,161172,0,0,11,3.027169118440619,False,0.0003711952487008166,0.0002787068004459309,0,mix
4.803814999999304,11785.0,1475.0,7.984417344173441,20.0,23.0,95808,41932,161172,0,0,11,3.027169118440619,False,0.0003711952487008166,0.0002787068004459309,0,mix
4.831428000001324,1764.0,1366.0,1.290416971470373,11.0,14.0,95808,41932,161172,0,0,11,3.027169118440619,False,0.0003711952487008166,0.0002787068004459309,0,mix
4.848658999999316,1908.0,2543.0,0.75,13.0,16.0,95808,41932,161172,0,0,11,3.027169118440619,False,0.0003711952487008166,0.0002787068004459309,0,mix
4.88446599999952,1778.0,1370.0,1.2968636032093364,12.0,14.0,95808,41932,161172,0,0,11,3.027169118440619,False,0.0003711952487008166,0.0002787068004459309,0,mix
4.92363099999784,1764.0,1366.0,1.290416971470373,11.0,14.0,95808,41932,161172,0,0,11,3.027169118440619,False,0.0003711952487008166,0.0002787068004459309,0,mix
4.905860999999277,1764.0,1369.0,1.2875912408759125,11.0,14.0,95808,41932,161172,0,0,11,3.027169118440619,False,0.0003711952487008166,0.0002787068004459309,0,mix
4.971804999997403,1778.0,1371.0,1.2959183673469388,11.0,14.0,95808,41932,161172,0,0,11,3.027169118440619,False,0.0003711952487008166,0.0002787068004459309,0,mix
5.013816000002407,1764.0,1369.0,1.2875912408759125,12.0,14.0,95808,41932,161172,0,0,11,3.027169118440619,False,0.0003711952487008166,0.0002787068004459309,0,mix
5.020409000000654,1764.0,1368.0,1.2885317750182614,11.0,14.0,95808,41932,161172,0,0,11,3.027169118440619,False,0.0003711952487008166,0.0002787068004459309,0,mix
5.05867699999726,1778.0,1370.0,1.2968636032093364,12.0,14.0,95808,41932,161172,0,0,11,3.027169118440619,False,0.0003711952487008166,0.0002787068004459309,0,mix
5.081928999999945,1764.0,1367.0,1.2894736842105263,12.0,14.0,95808,41932,161172,0,0,11,3.027169118440619,False,0.0003711952487008166,0.0002787068004459309,0,mix
5.122627999997348,11802.0,1472.0,8.012219959266803,20.0,23.0,95808,41932,161172,0,0,11,3.027169118440619,False,0.0003711952487008166,0.0002787068004459309,0,mix
5.155358999996679,1922.0,2548.0,0.7540211847783445,13.0,16.0,95808,41932,161172,0,0,11,3.027169118440619,False,0.0003711952487008166,0.0002787068004459309,0,mix
5.175660000000789,1764.0,1367.0,1.2894736842105263,12.0,14.0,95808,41932,161172,0,0,11,3.027169118440619,False,0.0003711952487008166,0.0002787068004459309,0,mix
5.211899999998423,1764.0,1368.0,1.2885317750182614,11.0,14.0,95808,41932,161172,0,0,11,3.027169118440619,False,0.0003711952487008166,0.0002787068004459309,0,mix
5.25079999999798,1778.0,1371.0,1.2959183673469388,11.0,14.0,95808,41932,161172,0,0,11,3.027169118440619,False,0.0003711952487008166,0.0002787068004459309,0,mix
5.282479000001331,1764.0,1367.0,1.2894736842105263,11.0,14.0,95808,41932,161172,0,0,11,3.027169118440619,False,0.0003711952487008166,0.0002787068004459309,0,mix
5.318400000000111,1764.0,1369.0,1.2875912408759125,11.0,14.0,95808,41932,161172,0,0,11,3.027169118440619,False,0.0003711952487008166,0.0002787068004459309,0,mix
9.740406000000805,3470.0,2717.0,1.2766740250183959,12.0,15.0,241151,175548,40599,0,0,15,3.0565647621309537,False,0.004608294930875576,0.005208333333333333,0,mix
5.353582000003371,1778.0,1370.0,1.2968636032093364,12.0,14.0,95808,41932,161172,0,0,11,3.027169118440619,False,0.0003711952487008166,0.0002787068004459309,0,mix
5.349959999999555,1764.0,1368.0,1.2885317750182614,11.0,14.0,95808,41932,161172,0,0,11,3.027169118440619,False,0.0003711952487008166,0.0002787068004459309,0,mix
5.421286000000691,1778.0,1370.0,1.2968636032093364,11.0,14.0,95808,41932,161172,0,0,11,3.027169118440619,False,0.0003711952487008166,0.0002787068004459309,0,mix
5.438873999999487,1764.0,1369.0,1.2875912408759125,11.0,14.0,95808,41932,161172,0,0,11,3.027169118440619,False,0.0003711952487008166,0.0002787068004459309,0,mix
5.446743000000424,11946.0,2649.0,4.507924528301887,21.0,25.0,95808,41932,161172,0,0,11,3.027169118440619,False,0.0003711952487008166,0.0002787068004459309,0,mix
5.504965000000084,1778.0,1369.0,1.2978102189781022,11.0,14.0,95808,41932,161172,0,0,11,3.027169118440619,False,0.0003711952487008166,0.0002787068004459309,0,mix
5.544215000001714,1764.0,1368.0,1.2885317750182614,11.0,14.0,95808,41932,161172,0,0,11,3.027169118440619,False,0.0003711952487008166,0.0002787068004459309,0,mix
5.556126999999833,1778.0,1369.0,1.2978102189781022,12.0,14.0,95808,41932,161172,0,0,11,3.027169118440619,False,0.0003711952487008166,0.0002787068004459309,0,mix
5.605282000000443,1764.0,1368.0,1.2885317750182614,11.0,14.0,95808,41932,161172,0,0,11,3.027169118440619,False,0.0003711952487008166,0.0002787068004459309,0,mix
5.651025999999547,1778.0,1370.0,1.2968636032093364,11.0,14.0,95808,41932,161172,0,0,11,3.027169118440619,False,0.0003711952487008166,0.0002787068004459309,0,mix
5.674109000003227,1764.0,1368.0,1.2885317750182614,11.0,14.0,95808,41932,161172,0,0,11,3.027169118440619,False,0.0003711952487008166,0.0002787068004459309,0,mix
5.71002800000133,1764.0,1369.0,1.2875912408759125,12.0,14.0,95808,41932,161172,0,0,11,3.027169118440619,False,0.0003711952487008166,0.0002787068004459309,0,mix
5.751578999999765,1778.0,1370.0,1.2968636032093364,11.0,14.0,95808,41932,161172,0,0,11,3.027169118440619,False,0.0003711952487008166,0.0002787068004459309,0,mix
5.771700000001147,1764.0,1367.0,1.2894736842105263,12.0,14.0,95808,41932,161172,0,0,11,3.027169118440619,False,0.0003711952487008166,0.0002787068004459309,0,mix
5.803970000000845,15136.0,2662.0,5.683815245963199,25.0,28.0,95808,41932,161172,0,0,11,3.027169118440619,False,0.0003711952487008166,0.0002787068004459309,0,mix
5.834936999999627,1778.0,1369.0,1.2978102189781022,12.0,14.0,95808,41932,161172,0,0,11,3.027169118440619,False,0.0003711952487008166,0.0002787068004459309,0,mix
5.851815000001807,1764.0,1367.0,1.2894736842105263,11.0,14.0,95808,41932,161172,0,0,11,3.027169118440619,False,0.0003711952487008166,0.0002787068004459309,0,mix
5.883194999998523,1778.0,1371.0,1.2959183673469388,11.0,14.0,95808,41932,161172,0,0,11,3.027169118440619,False,0.0003711952487008166,0.0002787068004459309,0,mix
5.93344999999681,1764.0,1368.0,1.2885317750182614,11.0,14.0,95808,41932,161172,0,0,11,3.027169118440619,False,0.0003711952487008166,0.0002787068004459309,0,mix
5.970884000002116,1764.0,1369.0,1.2875912408759125,11.0,14.0,95808,41932,161172,0,0,11,3.027169118440619,False,0.0003711952487008166,0.0002787068004459309,0,mix
9.408730999999534,3532.0,2701.0,1.307179866765359,12.0,15.0,241151,175548,40599,0,0,15,3.0565647621309537,False,0.004608294930875576,0.005208333333333333,0,mix
6.017802999998821,1778.0,1369.0,1.2978102189781022,11.0,14.0,95808,41932,161172,0,0,11,3.027169118440619,False,0.0003711952487008166,0.0002787068004459309,0,mix
6.055446999998821,1764.0,1368.0,1.2885317750182614,11.0,14.0,95808,41932,161172,0,0,11,3.027169118440619,False,0.0003711952487008166,0.0002787068004459309,0,mix
6.090523999999277,1764.0,1366.0,1.290416971470373,11.0,14.0,95808,41932,161172,0,0,11,3.027169118440619,False,0.0003711952487008166,0.0002787068004459309,0,mix
6.123455000000831,1778.0,1369.0,1.2978102189781022,11.0,14.0,95808,41932,161172,0,0,11,3.027169118440619,False,0.0003711952487008166,0.0002787068004459309,0,mix
6.176559999999881,1908.0,2525.0,0.7553444180522565,13.0,16.0,95808,41932,161172,0,0,11,3.027169118440619,False,0.0003711952487008166,0.0002787068004459309,0,mix
6.203068999999232,11698.0,1473.0,7.936227951153325,20.0,23.0,95808,41932,161172,0,0,11,3.027169118440619,False,0.0003711952487008166,0.0002787068004459309,0,mix
6.229331999998976,1778.0,1369.0,1.2978102189781022,12.0,14.0,95808,41932,161172,0,0,11,3.027169118440619,False,0.0003711952487008166,0.0002787068004459309,0,mix
6.263189000001148,1764.0,1369.0,1.2875912408759125,11.0,14.0,95808,41932,161172,0,0,11,3.027169118440619,False,0.0003711952487008166,0.0002787068004459309,0,mix
6.270930999999109,1764.0,1367.0,1.2894736842105263,12.0,14.0,95808,41932,161172,0,0,11,3.027169118440619,False,0.0003711952487008166,0.0002787068004459309,0,mix
6.315435000000434,1778.0,1371.0,1.2959183673469388,12.0,14.0,95808,41932,161172,0,0,11,3.027169118440619,False,0.0003711952487008166,0.0002787068004459309,0,mix
6.336966999999277,1764.0,1369.0,1.2875912408759125,11.0,14.0,95808,41932,161172,0,0,11,3.027169118440619,False,0.0003711952487008166,0.0002787068004459309,0,mix
6.355356000000029,1764.0,1366.0,1.290416971470373,12.0,14.0,95808,41932,161172,0,0,11,3.027169118440619,False,0.0003711952487008166,0.0002787068004459309,0,mix
6.412669000001188,1778.0,1370.0,1.2968636032093364,11.0,14.0,95808,41932,161172,0,0,11,3.027169118440619,False,0.0003711952487008166,0.0002787068004459309,0,mix
6.440280999999231,1764.0,1368.0,1.2885317750182614,11.0,14.0,95808,41932,161172,0,0,11,3.027169118440619,False,0.0003711952487008166,0.0002787068004459309,0,mix
6.461193000002822,1922.0,2522.0,0.7617915180340864,13.0,16.0,95808,41932,161172,0,0,11,3.027169118440619,False,0.0003711952487008166,0.0002787068004459309,0,mix
6.499805000003107,1764.0,1368.0,1.2885317750182614,11.0,14.0,95808,41932,161172,0,0,11,3.027169118440619,False,0.0003711952487008166,0.0002787068004459309,0,mix
6.5418400000016845,11688.0,1473.0,7.92944369063772,20.0,23.0,95808,41932,161172,0,0,11,3.027169118440619,False,0.0003711952487008166,0.0002787068004459309,0,mix
6.574049999999261,1778.0,1369.0,1.2978102189781022,11.0,14.0,95808,41932,161172,0,0,11,3.027169118440619,False,0.0003711952487008166,0.0002787068004459309,0,mix
6.599641999997402,1764.0,1367.0,1.2894736842105263,11.0,14.0,95808,41932,161172,0,0,11,3.027169118440619,False,0.0003711952487008166,0.0002787068004459309,0,mix
6.629408000000694,1778.0,1371.0,1.2959183673469388,11.0,14.0,95808,41932,161172,0,0,11,3.027169118440619,False,0.0003711952487008166,0.0002787068004459309,0,mix
10.028644999998503,4096.0,32947.0,0.12431710574238193,22.0,43.0,241151,175548,40599,0,0,15,3.0565647621309537,False,0.004608294930875576,0.005208333333333333,0,mix
6.6650509999999485,1764.0,1367.0,1.2894736842105263,11.0,14.0,95808,41932,161172,0,0,11,3.027169118440619,False,0.0003711952487008166,0.0002787068004459309,0,mix
6.691961000000447,1764.0,1369.0,1.2875912408759125,11.0,14.0,95808,41932,161172,0,0,11,3.027169118440619,False,0.0003711952487008166,0.0002787068004459309,0,mix
6.726976000001741,1778.0,1370.0,1.2968636032093364,11.0,14.0,95808,41932,161172,0,0,11,3.027169118440619,False,0.0003711952487008166,0.0002787068004459309,0,mix
6.745015000000421,1764.0,1367.0,1.2894736842105263,11.0,14.0,95808,41932,161172,0,0,11,3.027169118440619,False,0.0003711952487008166,0.0002787068004459309,0,mix
6.784198000001197,1908.0,2548.0,0.748528834837191,13.0,16.0,95808,41932,161172,0,0,11,3.027169118440619,False,0.0003711952487008166,0.0002787068004459309,0,mix
6.828444000002492,1778.0,1369.0,1.2978102189781022,12.0,14.0,95808,41932,161172,0,0,11,3.027169118440619,False,0.0003711952487008166,0.0002787068004459309,0,mix
6.836605000000418,1764.0,1368.0,1.2885317750182614,11.0,14.0,95808,41932,161172,0,0,11,3.027169118440619,False,0.0003711952487008166,0.0002787068004459309,0,mix
6.883121999999275,11802.0,1472.0,8.012219959266803,20.0,23.0,95808,41932,161172,0,0,11,3.027169118440619,False,0.0003711952487008166,0.0002787068004459309,0,mix
6.916762000000745,1778.0,1371.0,1.2959183673469388,11.0,14.0,95808,41932,161172,0,0,11,3.027169118440619,False,0.0003711952487008166,0.0002787068004459309,0,mix
6.9291099999973085,1764.0,1366.0,1.290416971470373,12.0,14.0,95808,41932,161172,0,0,11,3.027169118440619,False,0.0003711952487008166,0.0002787068004459309,0,mix
6.98923300000024,1764.0,1368.0,1.2885317750182614,11.0,14.0,95808,41932,161172,0,0,11,3.027169118440619,False,0.0003711952487008166,0.0002787068004459309,0,mix
7.013934999999037,1778.0,1370.0,1.2968636032093364,11.0,14.0,95808,41932,161172,0,0,11,3.027169118440619,False,0.0003711952487008166,0.0002787068004459309,0,mix
7.015790000001289,1764.0,1367.0,1.2894736842105263,12.0,14.0,95808,41932,161172,0,0,11,3.027169118440619,False,0.0003711952487008166,0.0002787068004459309,0,mix
7.069832000001043,1764.0,1368.0,1.2885317750182614,11.0,14.0,95808,41932,161172,0,0,11,3.027169118440619,False,0.0003711952487008166,0.0002787068004459309,0,mix
7.104004000000714,1922.0,2548.0,0.7540211847783445,13.0,16.0,95808,41932,161172,0,0,11,3.027169118440619,False,0.0003711952487008166,0.0002787068004459309,0,mix
7.125373999999283,1764.0,1368.0,1.2885317750182614,11.0,14.0,95808,41932,161172,0,0,11,3.027169118440619,False,0.0003711952487008166,0.0002787068004459309,0,mix
7.175600999999006,1764.0,1368.0,1.2885317750182614,11.0,14.0,95808,41932,161172,0,0,11,3.027169118440619,False,0.0003711952487008166,0.0002787068004459309,0,mix
7.200112000002264,1778.0,1369.0,1.2978102189781022,11.0,14.0,95808,41932,161172,0,0,11,3.027169118440619,False,0.0003711952487008166,0.0002787068004459309,0,mix
7.204953000000387,11804.0,1473.0,8.008141112618725,20.0,23.0,95808,41932,161172,0,0,11,3.027169118440619,False,0.0003711952487008166,0.0002787068004459309,0,mix
7.248779999998078,1764.0,1368.0,1.2885317750182614,11.0,14.0,95808,41932,161172,0,0,11,3.027169118440619,False,0.0003711952487008166,0.0002787068004459309,0,mix
7.686265999996976,3313.0,2718.0,1.2184626700993013,12.0,15.0,241151,175548,40599,0,0,15,3.0565647621309537,False,0.004608294930875576,0.005208333333333333,0,mix
7.296210000000428,1778.0,1370.0,1.2968636032093364,11.0,14.0,95808,41932,161172,0,0,11,3.027169118440619,False,0.0003711952487008166,0.0002787068004459309,0,mix
7.306204000000434,1764.0,1369.0,1.2875912408759125,11.0,14.0,95808,41932,161172,0,0,11,3.027169118440619,False,0.0003711952487008166,0.0002787068004459309,0,mix
7.322113000001991,1778.0,1370.0,1.2968636032093364,11.0,14.0,95808,41932,161172,0,0,11,3.027169118440619,False,0.0003711952487008166,0.0002787068004459309,0,mix
7.377943999999843,1764.0,1368.0,1.2885317750182614,11.0,14.0,95808,41932,161172,0,0,11,3.027169118440619,False,0.0003711952487008166,0.0002787068004459309,0,mix
7.396136999999726,1908.0,2602.0,0.7330003841721091,13.0,16.0,95808,41932,161172,0,0,11,3.027169118440619,False,0.0003711952487008166,0.0002787068004459309,0,mix
7.4343979999976,1778.0,1370.0,1.2968636032093364,11.0,14.0,95808,41932,161172,0,0,11,3.027169118440619,False,0.0003711952487008166,0.0002787068004459309,0,mix
7.457323000002361,1764.0,1367.0,1.2894736842105263,12.0,14.0,95808,41932,161172,0,0,11,3.027169118440619,False,0.0003711952487008166,0.0002787068004459309,0,mix
7.464602000000013,1778.0,1371.0,1.2959183673469388,12.0,14.0,95808,41932,161172,0,0,11,3.027169118440619,False,0.0003711952487008166,0.0002787068004459309,0,mix
7.52447299999767,1764.0,1368.0,1.2885317750182614,11.0,14.0,95808,41932,161172,0,0,11,3.027169118440619,False,0.0003711952487008166,0.0002787068004459309,0,mix
7.547574000000168,12069.0,1471.0,8.199048913043478,21.0,24.0,95808,41932,161172,0,0,11,3.027169118440619,False,0.0003711952487008166,0.0002787068004459309,0,mix
7.555444000001444,1778.0,1369.0,1.2978102189781022,11.0,14.0,95808,41932,161172,0,0,11,3.027169118440619,False,0.0003711952487008166,0.0002787068004459309,0,mix
7.607684999999037,1764.0,1368.0,1.2885317750182614,11.0,14.0,95808,41932,161172,0,0,11,3.027169118440619,False,0.0003711952487008166,0.0002787068004459309,0,mix
7.63025099999868,1778.0,1370.0,1.2968636032093364,11.0,14.0,95808,41932,161172,0,0,11,3.027169118440619,False,0.0003711952487008166,0.0002787068004459309,0,mix
7.660131000000547,1764.0,1368.0,1.2885317750182614,11.0,14.0,95808,41932,161172,0,0,11,3.027169118440619,False,0.0003711952487008166,0.0002787068004459309,0,mix
7.70969999999943,1908.0,2597.0,0.7344110854503464,13.0,16.0,95808,41932,161172,0,0,11,3.027169118440619,False,0.0003711952487008166,0.0002787068004459309,0,mix
7.728886999997485,1778.0,1371.0,1.2959183673469388,11.0,14.0,95808,41932,161172,0,0,11,3.027169118440619,False,0.0003711952487008166,0.0002787068004459309,0,mix
7.745834000001196,1839.0,5135.0,0.3580607476635514,12.0,16.0,95808,67117,161172,0,0,11,3.027169118440619,False,0.0003711952487008166,0.0002787068004459309,0,mix
7.808300000000599,1764.0,1368.0,1.2885317750182614,11.0,14.0,95808,41932,161172,0,0,11,3.027169118440619,False,0.0003711952487008166,0.0002787068004459309,0,mix
7.840878999999404,1778.0,1370.0,1.2968636032093364,11.0,14.0,95808,41932,161172,0,0,11,3.027169118440619,False,0.0003711952487008166,0.0002787068004459309,0,mix
7.85096600000179,1764.0,1367.0,1.2894736842105263,11.0,14.0,95808,41932,161172,0,0,11,3.027169118440619,False,0.0003711952487008166,0.0002787068004459309,0,mix
6.292321000000811,3405.0,2637.0,1.2907505686125853,12.0,15.0,241151,175548,40599,0,0,15,3.0565647621309537,False,0.004608294930875576,0.005208333333333333,0,mix
7.895930999999109,12075.0,1476.0,8.175355450236967,21.0,24.0,95808,41932,161172,0,0,11,3.027169118440619,False,0.0003711952487008166,0.0002787068004459309,0,mix
7.9433329999992575,1764.0,1366.0,1.290416971470373,12.0,14.0,95808,41932,161172,0,0,11,3.027169118440619,False,0.0003711952487008166,0.0002787068004459309,0,mix
7.950237999997626,1764.0,1368.0,1.2885317750182614,11.0,14.0,95808,41932,161172,0,0,11,3.027169118440619,False,0.0003711952487008166,0.0002787068004459309,0,mix
8.009325999999419,1778.0,1370.0,1.2968636032093364,11.0,14.0,95808,41932,161172,0,0,11,3.027169118440619,False,0.0003711952487008166,0.0002787068004459309,0,mix
8.040172999997594,1908.0,2598.0,0.734128510965756,13.0,16.0,95808,41932,161172,0,0,11,3.027169118440619,False,0.0003711952487008166,0.0002787068004459309,0,mix
8.063740999998117,1778.0,1370.0,1.2968636032093364,11.0,14.0,95808,41932,161172,0,0,11,3.027169118440619,False,0.0003711952487008166,0.0002787068004459309,0,mix
8.113375000000815,1764.0,1367.0,1.2894736842105263,11.0,14.0,95808,41932,161172,0,0,11,3.027169118440619,False,0.0003711952487008166,0.0002787068004459309,0,mix
8.15603000000192,1764.0,1367.0,1.2894736842105263,11.0,14.0,95808,41932,161172,0,0,11,3.027169118440619,False,0.0003711952487008166,0.0002787068004459309,0,mix
8.16695400000026,1778.0,1369.0,1.2978102189781022,11.0,14.0,95808,41932,161172,0,0,11,3.027169118440619,False,0.0003711952487008166,0.0002787068004459309,0,mix
8.210449999998673,1764.0,1368.0,1.2885317750182614,11.0,14.0,95808,41932,161172,0,0,11,3.027169118440619,False,0.0003711952487008166,0.0002787068004459309,0,mix
8.251615999997739,1764.0,1370.0,1.286652078774617,11.0,14.0,95808,41932,161172,0,0,11,3.027169118440619,False,0.0003711952487008166,0.0002787068004459309,0,mix
8.276409000001877,12085.0,1474.0,8.193220338983052,21.0,24.0,95808,41932,161172,0,0,11,3.027169118440619,False,0.0003711952487008166,0.0002787068004459309,0,mix
8.295706999997492,1764.0,1367.0,1.2894736842105263,11.0,14.0,95808,41932,161172,0,0,11,3.027169118440619,False,0.0003711952487008166,0.0002787068004459309,0,mix
8.348382000000129,1764.0,1368.0,1.2885317750182614,11.0,14.0,95808,41932,161172,0,0,11,3.027169118440619,False,0.0003711952487008166,0.0002787068004459309,0,mix
8.3728689999989,1922.0,2555.0,0.7519561815336463,13.0,16.0,95808,41932,161172,0,0,11,3.027169118440619,False,0.0003711952487008166,0.0002787068004459309,0,mix
8.422539000002871,1764.0,1369.0,1.2875912408759125,12.0,14.0,95808,41932,161172,0,0,11,3.027169118440619,False,0.0003711952487008166,0.0002787068004459309,0,mix
8.429729999999836,1764.0,1368.0,1.2885317750182614,12.0,14.0,95808,41932,161172,0,0,11,3.027169118440619,False,0.0003711952487008166,0.0002787068004459309,0,mix
8.428113999998459,1778.0,1370.0,1.2968636032093364,11.0,14.0,95808,41932,161172,0,0,11,3.027169118440619,False,0.0003711952487008166,0.0002787068004459309,0,mix
8.499182000003202,1764.0,1368.0,1.2885317750182614,11.0,14.0,95808,41932,161172,0,0,11,3.027169118440619,False,0.0003711952487008166,0.0002787068004459309,0,mix
8.526418999997986,1764.0,1366.0,1.290416971470373,11.0,14.0,95808,41932,161172,0,0,11,3.027169118440619,False,0.0003711952487008166,0.0002787068004459309,0,mix
4.9425319999973,3463.0,2867.0,1.2074616457461647,13.0,16.0,241151,175548,40599,0,0,15,3.0565647621309537,False,0.004608294930875576,0.005208333333333333,0,mix
8.545732999999018,1778.0,1370.0,1.2968636032093364,12.0,14.0,95808,41932,161172,0,0,11,3.027169118440619,False,0.0003711952487008166,0.0002787068004459309,0,mix
8.581269999998767,1764.0,1368.0,1.2885317750182614,11.0,14.0,95808,41932,161172,0,0,11,3.027169118440619,False,0.0003711952487008166,0.0002787068004459309,0,mix
8.619266000001517,11917.0,1471.0,8.095788043478262,20.0,23.0,95808,41932,161172,0,0,11,3.027169118440619,False,0.0003711952487008166,0.0002787068004459309,0,mix
8.628652999999758,1778.0,1370.0,1.2968636032093364,11.0,14.0,95808,41932,161172,0,0,11,3.027169118440619,False,0.0003711952487008166,0.0002787068004459309,0,mix
8.702543999999762,1908.0,2549.0,0.7482352941176471,14.0,17.0,95808,41932,161172,0,0,11,3.027169118440619,False,0.0003711952487008166,0.0002787068004459309,0,mix
8.717059000002337,1778.0,1370.0,1.2968636032093364,12.0,14.0,95808,41932,161172,0,0,11,3.027169118440619,False,0.0003711952487008166,0.0002787068004459309,0,mix
8.736980000001495,1764.0,1368.0,1.2885317750182614,11.0,14.0,95808,41932,161172,0,0,11,3.027169118440619,False,0.0003711952487008166,0.0002787068004459309,0,mix
8.788189999999304,1764.0,1367.0,1.2894736842105263,11.0,14.0,95808,41932,161172,0,0,11,3.027169118440619,False,0.0003711952487008166,0.0002787068004459309,0,mix
8.829971000002843,1778.0,1370.0,1.2968636032093364,11.0,14.0,95808,41932,161172,0,0,11,3.027169118440619,False,0.0003711952487008166,0.0002787068004459309,0,mix
8.840722000000824,1764.0,1367.0,1.2894736842105263,11.0,14.0,95808,41932,161172,0,0,11,3.027169118440619,False,0.0003711952487008166,0.0002787068004459309,0,mix
8.885739000001195,1778.0,1371.0,1.2959183673469388,11.0,14.0,95808,41932,161172,0,0,11,3.027169118440619,False,0.0003711952487008166,0.0002787068004459309,0,mix
8.935950000002777,1764.0,1368.0,1.2885317750182614,11.0,14.0,95808,41932,161172,0,0,11,3.027169118440619,False,0.0003711952487008166,0.0002787068004459309,0,mix
8.956545999997616,1764.0,1368.0,1.2885317750182614,12.0,14.0,95808,41932,161172,0,0,11,3.027169118440619,False,0.0003711952487008166,0.0002787068004459309,0,mix
8.994739000001573,11931.0,1474.0,8.088813559322034,20.0,23.0,95808,41932,161172,0,0,11,3.027169118440619,False,0.0003711952487008166,0.0002787068004459309,0,mix
9.025714000003063,1908.0,2541.0,0.7505900865460268,13.0,16.0,95808,41932,161172,0,0,11,3.027169118440619,False,0.0003711952487008166,0.0002787068004459309,0,mix
9.037256999999954,1764.0,1369.0,1.2875912408759125,11.0,14.0,95808,41932,161172,0,0,11,3.027169118440619,False,0.0003711952487008166,0.0002787068004459309,0,mix
9.071445000001404,1778.0,1370.0,1.2968636032093364,11.0,14.0,95808,41932,161172,0,0,11,3.027169118440619,False,0.0003711952487008166,0.0002787068004459309,0,mix
9.096643000000768,1764.0,1368.0,1.2885317750182614,11.0,14.0,95808,41932,161172,0,0,11,3.027169118440619,False,0.0003711952487008166,0.0002787068004459309,0,mix
9.111539000001358,1778.0,1370.0,1.2968636032093364,11.0,14.0,95808,41932,161172,0,0,11,3.027169118440619,False,0.0003711952487008166,0.0002787068004459309,0,mix
8.775565000003553,1416.0,3030.0,0.4671725503134279,13.0,15.0,12919,86241,161172,0,0,31,3.9292144551992183,False,1.0,0.0048543689320388345,0,mix
9.161552999998094,1764.0,1368.0,1.2885317750182614,11.0,14.0,95808,41932,161172,0,0,11,3.027169118440619,False,0.0003711952487008166,0.0002787068004459309,0,mix
4.572954000002937,3542.0,2814.0,1.258259325044405,12.0,15.0,241151,175548,40599,0,0,15,3.0565647621309537,False,0.004608294930875576,0.005208333333333333,0,mix
9.17491599999994,1764.0,1368.0,1.2885317750182614,12.0,14.0,95808,41932,161172,0,0,11,3.027169118440619,False,0.0003711952487008166,0.0002787068004459309,0,mix
9.204133999999613,1778.0,1371.0,1.2959183673469388,11.0,14.0,95808,41932,161172,0,0,11,3.027169118440619,False,0.0003711952487008166,0.0002787068004459309,0,mix
9.232348000001366,1764.0,1368.0,1.2885317750182614,12.0,14.0,95808,41932,161172,0,0,11,3.027169118440619,False,0.0003711952487008166,0.0002787068004459309,0,mix
9.258653000000775,1778.0,1370.0,1.2968636032093364,11.0,14.0,95808,41932,161172,0,0,11,3.027169118440619,False,0.0003711952487008166,0.0002787068004459309,0,mix
9.280063000001974,12063.0,2653.0,4.5452147701582515,21.0,25.0,95808,41932,161172,0,0,11,3.027169118440619,False,0.0003711952487008166,0.0002787068004459309,0,mix
9.329021000001376,1764.0,1368.0,1.2885317750182614,11.0,14.0,95808,41932,161172,0,0,11,3.027169118440619,False,0.0003711952487008166,0.0002787068004459309,0,mix
9.359762000000046,1778.0,1370.0,1.2968636032093364,11.0,14.0,95808,41932,161172,0,0,11,3.027169118440619,False,0.0003711952487008166,0.0002787068004459309,0,mix
9.369292999999743,1764.0,1367.0,1.2894736842105263,12.0,14.0,95808,41932,161172,0,0,11,3.027169118440619,False,0.0003711952487008166,0.0002787068004459309,0,mix
9.423274000000674,1764.0,1367.0,1.2894736842105263,12.0,14.0,95808,41932,161172,0,0,11,3.027169118440619,False,0.0003711952487008166,0.0002787068004459309,0,mix
9.462760999998864,1778.0,1369.0,1.2978102189781022,11.0,14.0,95808,41932,161172,0,0,11,3.027169118440619,False,0.0003711952487008166,0.0002787068004459309,0,mix
9.468361999999615,1764.0,1368.0,1.2885317750182614,12.0,14.0,95808,41932,161172,0,0,11,3.027169118440619,False,0.0003711952487008166,0.0002787068004459309,0,mix
9.506652000000033,1764.0,1368.0,1.2885317750182614,11.0,14.0,95808,41932,161172,0,0,11,3.027169118440619,False,0.0003711952487008166,0.0002787068004459309,0,mix
9.539714999998978,1778.0,1370.0,1.2968636032093364,11.0,14.0,95808,41932,161172,0,0,11,3.027169118440619,False,0.0003711952487008166,0.0002787068004459309,0,mix
9.57343100000071,1764.0,1370.0,1.286652078774617,11.0,14.0,95808,41932,161172,0,0,11,3.027169118440619,False,0.0003711952487008166,0.0002787068004459309,0,mix
9.623952000001736,15372.0,2649.0,5.800754716981132,24.0,28.0,95808,41932,161172,0,0,11,3.027169118440619,False,0.0003711952487008166,0.0002787068004459309,0,mix
9.656472000002395,1778.0,1370.0,1.2968636032093364,11.0,14.0,95808,41932,161172,0,0,11,3.027169118440619,False,0.0003711952487008166,0.0002787068004459309,0,mix
9.682339999999384,1764.0,1368.0,1.2885317750182614,11.0,14.0,95808,41932,161172,0,0,11,3.027169118440619,False,0.0003711952487008166,0.0002787068004459309,0,mix
9.721470000000409,1764.0,1366.0,1.290416971470373,12.0,14.0,95808,41932,161172,0,0,11,3.027169118440619,False,0.0003711952487008166,0.0002787068004459309,0,mix
9.748075999999855,1778.0,1370.0,1.2968636032093364,12.0,14.0,95808,41932,161172,0,0,11,3.027169118440619,False,0.0003711952487008166,0.0002787068004459309,0,mix
9.769254999999248,1764.0,1367.0,1.2894736842105263,12.0,14.0,95808,41932,161172,0,0,11,3.027169118440619,False,0.0003711952487008166,0.0002787068004459309,0,mix
3.22765100000106,3604.0,2713.0,1.3279292557111275,12.0,15.0,241151,175548,40599,0,0,15,3.0565647621309537,False,0.004608294930875576,0.005208333333333333,0,mix
9.843183000000865,1764.0,1367.0,1.2894736842105263,11.0,14.0,95808,41932,161172,0,0,11,3.027169118440619,False,0.0003711952487008166,0.0002787068004459309,0,mix
9.877073999999991,1778.0,1370.0,1.2968636032093364,11.0,14.0,95808,41932,161172,0,0,11,3.027169118440619,False,0.0003711952487008166,0.0002787068004459309,0,mix
9.901756999999634,1764.0,1369.0,1.2875912408759125,11.0,14.0,95808,41932,161172,0,0,11,3.027169118440619,False,0.0003711952487008166,0.0002787068004459309,0,mix
9.951445999999123,1764.0,1368.0,1.2885317750182614,11.0,14.0,95808,41932,161172,0,0,11,3.027169118440619,False,0.0003711952487008166,0.0002787068004459309,0,mix
9.993038000000524,1922.0,2737.0,0.701972242512783,14.0,17.0,95808,243691,161172,0,0,11,3.027169118440619,False,0.0003711952487008166,0.0002787068004459309,0,mix
9.986080000002405,11921.0,1667.0,7.146882494004796,20.0,23.0,95808,243691,161172,0,0,11,3.027169118440619,False,0.0003711952487008166,0.0002787068004459309,0,mix
10.042514000000663,1764.0,1368.0,1.2885317750182614,12.0,14.0,95808,41932,161172,0,0,11,3.027169118440619,False,0.0003711952487008166,0.0002787068004459309,0,mix
10.079501000000164,1778.0,1370.0,1.2968636032093364,11.0,14.0,95808,41932,161172,0,0,11,3.027169118440619,False,0.0003711952487008166,0.0002787068004459309,0,mix
10.112248000001273,1764.0,1563.0,1.1278772378516624,11.0,14.0,95808,243691,161172,0,0,11,3.027169118440619,False,0.0003711952487008166,0.0002787068004459309,0,mix
10.149215000001275,1778.0,1371.0,1.2959183673469388,11.0,14.0,95808,41932,161172,0,0,11,3.027169118440619,False,0.0003711952487008166,0.0002787068004459309,0,mix
10.173130000002857,1764.0,1368.0,1.2885317750182614,11.0,14.0,95808,41932,161172,0,0,11,3.027169118440619,False,0.0003711952487008166,0.0002787068004459309,0,mix
10.178785000000062,1764.0,1562.0,1.128598848368522,11.0,14.0,95808,243691,161172,0,0,11,3.027169118440619,False,0.0003711952487008166,0.0002787068004459309,0,mix
10.180497999997897,1778.0,1370.0,1.2968636032093364,11.0,14.0,95808,41932,161172,0,0,11,3.027169118440619,False,0.0003711952487008166,0.0002787068004459309,0,mix
0.231154000000969,1764.0,1368.0,1.2885317750182614,11.0,14.0,95808,41932,161172,0,0,11,3.027169118440619,False,0.0003711952487008166,0.0002787068004459309,0,mix
10.222340000000258,1908.0,2802.0,0.6806992508027114,13.0,16.0,95808,243691,161172,0,0,11,3.027169118440619,False,0.0003711952487008166,0.0002787068004459309,0,mix
0.273578999996971,1778.0,1369.0,1.2978102189781022,11.0,14.0,95808,41932,161172,0,0,11,3.027169118440619,False,0.0003711952487008166,0.0002787068004459309,0,mix
10.311061000000336,11921.0,1668.0,7.142600359496704,20.0,23.0,95808,243691,161172,0,0,11,3.027169118440619,False,0.0003711952487008166,0.0002787068004459309,0,mix
0.319507000000157,1764.0,1563.0,1.1278772378516624,11.0,14.0,95808,243691,161172,0,0,11,3.027169118440619,False,0.0003711952487008166,0.0002787068004459309,0,mix
0.368365999998786,1778.0,1369.0,1.2978102189781022,11.0,14.0,95808,41932,161172,0,0,11,3.027169118440619,False,0.0003711952487008166,0.0002787068004459309,0,mix
0.406082999998034,1764.0,1563.0,1.1278772378516624,11.0,14.0,95808,243691,161172,0,0,11,3.027169118440619,False,0.0003711952487008166,0.0002787068004459309,0,mix
2.817236999999295,3390.0,33189.0,0.10213919855378126,18.0,39.0,241151,175548,40599,0,0,15,3.0565647621309537,False,0.004608294930875576,0.005208333333333333,0,mix
2.860527000000729,3252.0,2599.0,1.2507692307692309,13.0,16.0,241151,175548,40599,0,0,15,3.0565647621309537,False,0.004608294930875576,0.005208333333333333,0,mix
0.425215999999636,1764.0,1562.0,1.128598848368522,11.0,14.0,95808,243691,161172,0,0,11,3.027169118440619,False,0.0003711952487008166,0.0002787068004459309,0,mix
0.450859000000491,1778.0,1370.0,1.2968636032093364,11.0,14.0,95808,41932,161172,0,0,11,3.027169118440619,False,0.0003711952487008166,0.0002787068004459309,0,mix
0.484287999999651,1764.0,1369.0,1.2875912408759125,11.0,14.0,95808,41932,161172,0,0,11,3.027169118440619,False,0.0003711952487008166,0.0002787068004459309,0,mix
0.5122549999978211,1764.0,1368.0,1.2885317750182614,11.0,14.0,95808,41932,161172,0,0,11,3.027169118440619,False,0.0003711952487008166,0.0002787068004459309,0,mix
0.546374000001378,1922.0,2739.0,0.7014598540145985,12.0,16.0,95808,243691,161172,0,0,11,3.027169118440619,False,0.0003711952487008166,0.0002787068004459309,0,mix
0.57861000000048,1764.0,1562.0,1.128598848368522,11.0,14.0,95808,243691,161172,0,0,11,3.027169118440619,False,0.0003711952487008166,0.0002787068004459309,0,mix
0.252571000000898,2061.0,4059.0,0.5076354679802956,9.0,10.0,73616,250421,233433,0,0,21,3.689703732199547,False,0.09090909090909091,0.07142857142857142,0,mix
0.564224999998259,1778.0,1370.0,1.2968636032093364,11.0,14.0,95808,41932,161172,0,0,11,3.027169118440619,False,0.0003711952487008166,0.0002787068004459309,0,mix
0.629316999998991,11911.0,1472.0,8.08621860149355,19.0,23.0,95808,41932,161172,0,0,11,3.027169118440619,False,0.0003711952487008166,0.0002787068004459309,0,mix
0.665672999999515,1764.0,1367.0,1.2894736842105263,12.0,14.0,95808,41932,161172,0,0,11,3.027169118440619,False,0.0003711952487008166,0.0002787068004459309,0,mix
0.6926180000009481,1778.0,1370.0,1.2968636032093364,12.0,14.0,95808,41932,161172,0,0,11,3.027169118440619,False,0.0003711952487008166,0.0002787068004459309,0,mix
0.7397300000011451,1764.0,1367.0,1.2894736842105263,11.0,14.0,95808,41932,161172,0,0,11,3.027169118440619,False,0.0003711952487008166,0.0002787068004459309,0,mix
0.779690999999729,1778.0,1369.0,1.2978102189781022,12.0,14.0,95808,41932,161172,0,0,11,3.027169118440619,False,0.0003711952487008166,0.0002787068004459309,0,mix
0.793426000000181,1764.0,1367.0,1.2894736842105263,12.0,14.0,95808,41932,161172,0,0,11,3.027169118440619,False,0.0003711952487008166,0.0002787068004459309,0,mix
0.846800999999686,1764.0,1369.0,1.2875912408759125,12.0,14.0,95808,41932,161172,0,0,11,3.027169118440619,False,0.0003711952487008166,0.0002787068004459309,0,mix
0.8892549999982291,1922.0,2546.0,0.7546132705143306,13.0,16.0,95808,41932,161172,0,0,11,3.027169118440619,False,0.0003711952487008166,0.0002787068004459309,0,mix
0.914161000000604,1764.0,1368.0,1.2885317750182614,11.0,14.0,95808,41932,161172,0,0,11,3.027169118440619,False,0.0003711952487008166,0.0002787068004459309,0,mix
0.945192999999562,1764.0,1369.0,1.2875912408759125,11.0,14.0,95808,41932,161172,0,0,11,3.027169118440619,False,0.0003711952487008166,0.0002787068004459309,0,mix
0.9888639999990112,1778.0,1371.0,1.2959183673469388,11.0,14.0,95808,41932,161172,0,0,11,3.027169118440619,False,0.0003711952487008166,0.0002787068004459309,0,mix
0.9943939999975552,11933.0,1473.0,8.095658073270014,20.0,23.0,95808,41932,161172,0,0,11,3.027169118440619,False,0.0003711952487008166,0.0002787068004459309,0,mix
1.032705000001442,1778.0,1370.0,1.2968636032093364,11.0,14.0,95808,41932,161172,0,0,11,3.027169118440619,False,0.0003711952487008166,0.0002787068004459309,0,mix
2.460085000002436,3313.0,2447.0,1.3533496732026145,13.0,16.0,241151,175548,40599,0,0,15,3.0565647621309537,False,0.004608294930875576,0.005208333333333333,0,mix
1.071404000002076,1764.0,1368.0,1.2885317750182614,11.0,14.0,95808,41932,161172,0,0,11,3.027169118440619,False,0.0003711952487008166,0.0002787068004459309,0,mix
1.072669000001042,1778.0,1370.0,1.2968636032093364,11.0,14.0,95808,41932,161172,0,0,11,3.027169118440619,False,0.0003711952487008166,0.0002787068004459309,0,mix
1.130153999998583,1764.0,1368.0,1.2885317750182614,11.0,14.0,95808,41932,161172,0,0,11,3.027169118440619,False,0.0003711952487008166,0.0002787068004459309,0,mix
0.8898730000000791,2097.0,1438.0,1.4572619874913133,12.0,15.0,213012,175548,40599,0,0,15,3.0565647621309537,False,0.004608294930875576,0.14285714285714285,0,mix
1.164615999998204,1764.0,1369.0,1.2875912408759125,11.0,14.0,95808,41932,161172,0,0,11,3.027169118440619,False,0.0003711952487008166,0.0002787068004459309,0,mix
1.173619999997754,1922.0,2540.0,0.7563951200314837,13.0,16.0,95808,41932,161172,0,0,11,3.027169118440619,False,0.0003711952487008166,0.0002787068004459309,0,mix
1.220595000002504,1764.0,1368.0,1.2885317750182614,11.0,14.0,95808,41932,161172,0,0,11,3.027169118440619,False,0.0003711952487008166,0.0002787068004459309,0,mix
1.248939999997674,1764.0,1369.0,1.2875912408759125,11.0,14.0,95808,41932,161172,0,0,11,3.027169118440619,False,0.0003711952487008166,0.0002787068004459309,0,mix
1.283045000000129,1778.0,1368.0,1.2987582176771366,11.0,14.0,95808,41932,161172,0,0,11,3.027169118440619,False,0.0003711952487008166,0.0002787068004459309,0,mix
1.324631999999837,1764.0,1368.0,1.2885317750182614,12.0,14.0,95808,41932,161172,0,0,11,3.027169118440619,False,0.0003711952487008166,0.0002787068004459309,0,mix
1.358791999999084,11853.0,1557.0,7.60783055198973,20.0,23.0,95808,41932,161172,0,0,11,3.027169118440619,False,0.0003711952487008166,0.0002787068004459309,0,mix
1.393091999998432,1779.0,1370.0,1.2975929978118161,11.0,14.0,95808,41932,161172,0,0,11,3.027169118440619,False,0.0003711952487008166,0.0002787068004459309,0,mix
1.427580000003217,1765.0,1367.0,1.2902046783625731,11.0,14.0,95808,41932,161172,0,0,11,3.027169118440619,False,0.0003711952487008166,0.0002787068004459309,0,mix
1.453457999999955,1779.0,1369.0,1.2985401459854014,11.0,14.0,95808,41932,161172,0,0,11,3.027169118440619,False,0.0003711952487008166,0.0002787068004459309,0,mix
1.467753000000811,1765.0,1368.0,1.289262235208181,11.0,14.0,95808,41932,161172,0,0,11,3.027169118440619,False,0.0003711952487008166,0.0002787068004459309,0,mix
1.522885000002134,1909.0,2539.0,0.7515748031496063,13.0,16.0,95808,41932,161172,0,0,11,3.027169118440619,False,0.0003711952487008166,0.0002787068004459309,0,mix
1.560483999997814,1779.0,1370.0,1.2975929978118161,11.0,14.0,95808,41932,161172,0,0,11,3.027169118440619,False,0.0003711952487008166,0.0002787068004459309,0,mix
1.586897000001045,1840.0,5134.0,0.35832521908471276,13.0,16.0,95808,67117,161172,0,0,11,3.027169118440619,False,0.0003711952487008166,0.0002787068004459309,0,mix
1.616168999997171,1779.0,1369.0,1.2985401459854014,11.0,14.0,95808,41932,161172,0,0,11,3.027169118440619,False,0.0003711952487008166,0.0002787068004459309,0,mix
1.664813999999751,1765.0,1368.0,1.289262235208181,11.0,14.0,95808,41932,161172,0,0,11,3.027169118440619,False,0.0003711952487008166,0.0002787068004459309,0,mix
1.665485000001354,1765.0,1368.0,1.289262235208181,11.0,14.0,95808,41932,161172,0,0,11,3.027169118440619,False,0.0003711952487008166,0.0002787068004459309,0,mix
2.091660000001866,3393.0,2547.0,1.3316326530612246,12.0,15.0,241151,175548,40599,0,0,15,3.0565647621309537,False,0.004608294930875576,0.005208333333333333,0,mix
1.704631000000517,11876.0,1476.0,8.04062288422478,20.0,23.0,95808,41932,161172,0,0,11,3.027169118440619,False,0.0003711952487008166,0.0002787068004459309,0,mix
1.7481470000020631,1765.0,1369.0,1.2883211678832116,11.0,14.0,95808,41932,161172,0,0,11,3.027169118440619,False,0.0003711952487008166,0.0002787068004459309,0,mix
1.7259640000011132,1779.0,1370.0,1.2975929978118161,11.0,14.0,95808,41932,161172,0,0,11,3.027169118440619,False,0.0003711952487008166,0.0002787068004459309,0,mix
1.805350999999063,1765.0,1367.0,1.2902046783625731,11.0,14.0,95808,41932,161172,0,0,11,3.027169118440619,False,0.0003711952487008166,0.0002787068004459309,0,mix
1.837343000002874,1909.0,2538.0,0.7518708152816069,13.0,16.0,95808,41932,161172,0,0,11,3.027169118440619,False,0.0003711952487008166,0.0002787068004459309,0,mix
1.84824700000172,1779.0,1371.0,1.2966472303206997,11.0,14.0,95808,41932,161172,0,0,11,3.027169118440619,False,0.0003711952487008166,0.0002787068004459309,0,mix
1.893243000002257,1765.0,1368.0,1.289262235208181,11.0,14.0,95808,41932,161172,0,0,11,3.027169118440619,False,0.0003711952487008166,0.0002787068004459309,0,mix
1.914601000000402,1765.0,1368.0,1.289262235208181,11.0,14.0,95808,41932,161172,0,0,11,3.027169118440619,False,0.0003711952487008166,0.0002787068004459309,0,mix
1.950236000000586,1779.0,1369.0,1.2985401459854014,11.0,14.0,95808,41932,161172,0,0,11,3.027169118440619,False,0.0003711952487008166,0.0002787068004459309,0,mix
1.9874390000004487,1765.0,1368.0,1.289262235208181,11.0,14.0,95808,41932,161172,0,0,11,3.027169118440619,False,0.0003711952487008166,0.0002787068004459309,0,mix
2.015654000002541,1765.0,1369.0,1.2883211678832116,12.0,14.0,95808,41932,161172,0,0,11,3.027169118440619,False,0.0003711952487008166,0.0002787068004459309,0,mix
1.9091950000001807,11866.0,1477.0,8.028416779431664,20.0,23.0,95808,41932,161172,0,0,11,3.027169118440619,False,0.0003711952487008166,0.0002787068004459309,0,mix
2.082336999999825,1765.0,1369.0,1.2883211678832116,11.0,14.0,95808,41932,161172,0,0,11,3.027169118440619,False,0.0003711952487008166,0.0002787068004459309,0,mix
2.120171999999002,1765.0,1367.0,1.2902046783625731,12.0,14.0,95808,41932,161172,0,0,11,3.027169118440619,False,0.0003711952487008166,0.0002787068004459309,0,mix
2.12155200000052,1923.0,2545.0,0.7553024351924588,14.0,17.0,95808,41932,161172,0,0,11,3.027169118440619,False,0.0003711952487008166,0.0002787068004459309,0,mix
2.158726000001479,1765.0,1369.0,1.2883211678832116,11.0,14.0,95808,41932,161172,0,0,11,3.027169118440619,False,0.0003711952487008166,0.0002787068004459309,0,mix
2.194872000000032,1779.0,1369.0,1.2985401459854014,11.0,14.0,95808,41932,161172,0,0,11,3.027169118440619,False,0.0003711952487008166,0.0002787068004459309,0,mix
2.194244000002072,1765.0,1369.0,1.2883211678832116,11.0,14.0,95808,41932,161172,0,0,11,3.027169118440619,False,0.0003711952487008166,0.0002787068004459309,0,mix
2.263707000001886,1765.0,1368.0,1.289262235208181,11.0,14.0,95808,41932,161172,0,0,11,3.027169118440619,False,0.0003711952487008166,0.0002787068004459309,0,mix
2.283525999999256,1779.0,1369.0,1.2985401459854014,11.0,14.0,95808,41932,161172,0,0,11,3.027169118440619,False,0.0003711952487008166,0.0002787068004459309,0,mix
2.315856000001076,1765.0,1368.0,1.289262235208181,12.0,14.0,95808,41932,161172,0,0,11,3.027169118440619,False,0.0003711952487008166,0.0002787068004459309,0,mix
1.7174300000006042,3455.0,2697.0,1.2805782060785766,13.0,16.0,241151,175548,40599,0,0,15,3.0565647621309537,False,0.004608294930875576,0.005208333333333333,0,mix
2.356908000001567,1765.0,1366.0,1.2911485003657643,11.0,14.0,95808,41932,161172,0,0,11,3.027169118440619,False,0.0003711952487008166,0.0002787068004459309,0,mix
2.388538999999582,11876.0,1476.0,8.04062288422478,20.0,23.0,95808,41932,161172,0,0,11,3.027169118440619,False,0.0003711952487008166,0.0002787068004459309,0,mix
2.405595000000176,1765.0,1368.0,1.289262235208181,11.0,14.0,95808,41932,161172,0,0,11,3.027169118440619,False,0.0003711952487008166,0.0002787068004459309,0,mix
2.450326999998651,1923.0,2538.0,0.7573847971642379,13.0,16.0,95808,41932,161172,0,0,11,3.027169118440619,False,0.0003711952487008166,0.0002787068004459309,0,mix
2.493016000000352,1765.0,1368.0,1.289262235208181,11.0,14.0,95808,41932,161172,0,0,11,3.027169118440619,False,0.0003711952487008166,0.0002787068004459309,0,mix
2.517273000001296,1765.0,1368.0,1.289262235208181,11.0,14.0,95808,41932,161172,0,0,11,3.027169118440619,False,0.0003711952487008166,0.0002787068004459309,0,mix
2.570819000000483,1779.0,1369.0,1.2985401459854014,11.0,14.0,95808,41932,161172,0,0,11,3.027169118440619,False,0.0003711952487008166,0.0002787068004459309,0,mix
2.60489299999972,1765.0,1368.0,1.289262235208181,11.0,14.0,95808,41932,161172,0,0,11,3.027169118440619,False,0.0003711952487008166,0.0002787068004459309,0,mix
2.603963000001386,1765.0,1368.0,1.289262235208181,11.0,14.0,95808,41932,161172,0,0,11,3.027169118440619,False,0.0003711952487008166,0.0002787068004459309,0,mix
2.649554999999964,1779.0,1370.0,1.2975929978118161,11.0,14.0,95808,41932,161172,0,0,11,3.027169118440619,False,0.0003711952487008166,0.0002787068004459309,0,mix
2.686078000002453,1765.0,1368.0,1.289262235208181,11.0,14.0,95808,41932,161172,0,0,11,3.027169118440619,False,0.0003711952487008166,0.0002787068004459309,0,mix
2.683863999998721,1765.0,1368.0,1.289262235208181,11.0,14.0,95808,41932,161172,0,0,11,3.027169118440619,False,0.0003711952487008166,0.0002787068004459309,0,mix
2.74540799999886,11866.0,1474.0,8.044745762711864,20.0,23.0,95808,41932,161172,0,0,11,3.027169118440619,False,0.0003711952487008166,0.0002787068004459309,0,mix
2.772390000001905,1909.0,2544.0,0.750098231827112,13.0,16.0,95808,41932,161172,0,0,11,3.027169118440619,False,0.0003711952487008166,0.0002787068004459309,0,mix
2.802803000002313,1765.0,1368.0,1.289262235208181,11.0,14.0,95808,41932,161172,0,0,11,3.027169118440619,False,0.0003711952487008166,0.0002787068004459309,0,mix
2.837102000001323,1779.0,1371.0,1.2966472303206997,11.0,14.0,95808,41932,161172,0,0,11,3.027169118440619,False,0.0003711952487008166,0.0002787068004459309,0,mix
2.8763959999996582,1765.0,1368.0,1.289262235208181,11.0,14.0,95808,41932,161172,0,0,11,3.027169118440619,False,0.0003711952487008166,0.0002787068004459309,0,mix
2.890928000000713,1765.0,1368.0,1.289262235208181,12.0,14.0,95808,41932,161172,0,0,11,3.027169118440619,False,0.0003711952487008166,0.0002787068004459309,0,mix
2.940190000001166,1779.0,1369.0,1.2985401459854014,11.0,14.0,95808,41932,161172,0,0,11,3.027169118440619,False,0.0003711952487008166,0.0002787068004459309,0,mix
2.963878999998996,1765.0,1367.0,1.2902046783625731,11.0,14.0,95808,41932,161172,0,0,11,3.027169118440619,False,0.0003711952487008166,0.0002787068004459309,0,mix
1.374417999999423,3534.0,2866.0,1.2326473665852808,13.0,15.0,241151,175548,40599,0,0,15,3.0565647621309537,False,0.004608294930875576,0.005208333333333333,0,mix
2.980251999997563,1765.0,1367.0,1.2902046783625731,11.0,14.0,95808,41932,161172,0,0,11,3.027169118440619,False,0.0003711952487008166,0.0002787068004459309,0,mix
3.04102899999998,1779.0,1369.0,1.2985401459854014,11.0,14.0,95808,41932,161172,0,0,11,3.027169118440619,False,0.0003711952487008166,0.0002787068004459309,0,mix
3.071332999999867,1765.0,1367.0,1.2902046783625731,12.0,14.0,95808,41932,161172,0,0,11,3.027169118440619,False,0.0003711952487008166,0.0002787068004459309,0,mix
3.096474999998463,12006.0,2650.0,4.528857035081101,21.0,25.0,95808,41932,161172,0,0,11,3.027169118440619,False,0.0003711952487008166,0.0002787068004459309,0,mix
3.129132000001846,1779.0,1370.0,1.2975929978118161,11.0,14.0,95808,41932,161172,0,0,11,3.027169118440619,False,0.0003711952487008166,0.0002787068004459309,0,mix
3.161668000000645,1765.0,1369.0,1.2883211678832116,11.0,14.0,95808,41932,161172,0,0,11,3.027169118440619,False,0.0003711952487008166,0.0002787068004459309,0,mix
3.154481000001396,1765.0,1368.0,1.289262235208181,11.0,14.0,95808,41932,161172,0,0,11,3.027169118440619,False,0.0003711952487008166,0.0002787068004459309,0,mix
3.217475999997987,1779.0,1368.0,1.2994886778670562,11.0,14.0,95808,41932,161172,0,0,11,3.027169118440619,False,0.0003711952487008166,0.0002787068004459309,0,mix
3.229380000000674,1765.0,1367.0,1.2902046783625731,11.0,14.0,95808,41932,161172,0,0,11,3.027169118440619,False,0.0003711952487008166,0.0002787068004459309,0,mix
3.214809000000969,1779.0,1369.0,1.2985401459854014,11.0,14.0,95808,41932,161172,0,0,11,3.027169118440619,False,0.0003711952487008166,0.0002787068004459309,0,mix
3.271416000003228,1765.0,1368.0,1.289262235208181,11.0,14.0,95808,41932,161172,0,0,11,3.027169118440619,False,0.0003711952487008166,0.0002787068004459309,0,mix
3.303431000000273,1765.0,1367.0,1.2902046783625731,12.0,14.0,95808,41932,161172,0,0,11,3.027169118440619,False,0.0003711952487008166,0.0002787068004459309,0,mix
3.312743000002228,1779.0,1369.0,1.2985401459854014,11.0,14.0,95808,41932,161172,0,0,11,3.027169118440619,False,0.0003711952487008166,0.0002787068004459309,0,mix
3.357726999998704,14678.0,2644.0,5.549338374291115,24.0,28.0,95808,41932,161172,0,0,11,3.027169118440619,False,0.0003711952487008166,0.0002787068004459309,0,mix
3.371361999998043,1765.0,1367.0,1.2902046783625731,12.0,14.0,95808,41932,161172,0,0,11,3.027169118440619,False,0.0003711952487008166,0.0002787068004459309,0,mix
3.367193999998562,1779.0,1369.0,1.2985401459854014,11.0,14.0,95808,41932,161172,0,0,11,3.027169118440619,False,0.0003711952487008166,0.0002787068004459309,0,mix
3.433849000000918,1765.0,1368.0,1.289262235208181,11.0,14.0,95808,41932,161172,0,0,11,3.027169118440619,False,0.0003711952487008166,0.0002787068004459309,0,mix
3.471121999999013,1765.0,1368.0,1.289262235208181,12.0,14.0,95808,41932,161172,0,0,11,3.027169118440619,False,0.0003711952487008166,0.0002787068004459309,0,mix
3.472464999998919,1779.0,1370.0,1.2975929978118161,11.0,14.0,95808,41932,161172,0,0,11,3.027169118440619,False,0.0003711952487008166,0.0002787068004459309,0,mix
3.510533000000578,1765.0,1366.0,1.2911485003657643,11.0,14.0,95808,41932,161172,0,0,11,3.027169118440619,False,0.0003711952487008166,0.0002787068004459309,0,mix
10.5976989999981,3595.0,2451.0,1.4661500815660684,13.0,16.0,241151,175548,40599,0,0,15,3.0565647621309537,False,0.004608294930875576,0.005208333333333333,0,mix
3.543229999999312,1765.0,1369.0,1.2883211678832116,12.0,14.0,95808,41932,161172,0,0,11,3.027169118440619,False,0.0003711952487008166,0.0002787068004459309,0,mix
3.586875000000873,1779.0,1370.0,1.2975929978118161,11.0,14.0,95808,41932,161172,0,0,11,3.027169118440619,False,0.0003711952487008166,0.0002787068004459309,0,mix
3.624352000002545,1765.0,1368.0,1.289262235208181,12.0,14.0,95808,41932,161172,0,0,11,3.027169118440619,False,0.0003711952487008166,0.0002787068004459309,0,mix
3.660446999998385,11980.0,2637.0,4.541319181197877,22.0,26.0,95808,41932,161172,0,0,11,3.027169118440619,False,0.0003711952487008166,0.0002787068004459309,0,mix
3.670851999999286,1779.0,1370.0,1.2975929978118161,12.0,14.0,95808,41932,161172,0,0,11,3.027169118440619,False,0.0003711952487008166,0.0002787068004459309,0,mix
3.725557999998273,1765.0,1368.0,1.289262235208181,12.0,14.0,95808,41932,161172,0,0,11,3.027169118440619,False,0.0003711952487008166,0.0002787068004459309,0,mix
3.754762000000482,1765.0,1368.0,1.289262235208181,11.0,14.0,95808,41932,161172,0,0,11,3.027169118440619,False,0.0003711952487008166,0.0002787068004459309,0,mix
3.777595999999903,1779.0,1371.0,1.2966472303206997,12.0,14.0,95808,41932,161172,0,0,11,3.027169118440619,False,0.0003711952487008166,0.0002787068004459309,0,mix
3.834089999996649,1765.0,1368.0,1.289262235208181,11.0,14.0,95808,41932,161172,0,0,11,3.027169118440619,False,0.0003711952487008166,0.0002787068004459309,0,mix
3.866678999998839,1779.0,1370.0,1.2975929978118161,11.0,14.0,95808,41932,161172,0,0,11,3.027169118440619,False,0.0003711952487008166,0.0002787068004459309,0,mix
3.879281000001356,1765.0,1368.0,1.289262235208181,11.0,14.0,95808,41932,161172,0,0,11,3.027169118440619,False,0.0003711952487008166,0.0002787068004459309,0,mix
3.916731000001164,1765.0,1367.0,1.2902046783625731,12.0,14.0,95808,41932,161172,0,0,11,3.027169118440619,False,0.0003711952487008166,0.0002787068004459309,0,mix
3.969016999999439,1779.0,1370.0,1.2975929978118161,11.0,14.0,95808,41932,161172,0,0,11,3.027169118440619,False,0.0003711952487008166,0.0002787068004459309,0,mix
3.969719000000623,1909.0,2532.0,0.7536517962889854,13.0,16.0,95808,41932,161172,0,0,11,3.027169118440619,False,0.0003711952487008166,0.0002787068004459309,0,mix
4.026245999997627,11826.0,1473.0,8.023066485753052,20.0,23.0,95808,41932,161172,0,0,11,3.027169118440619,False,0.0003711952487008166,0.0002787068004459309,0,mix
4.014431999999942,1779.0,1371.0,1.2966472303206997,12.0,14.0,95808,41932,161172,0,0,11,3.027169118440619,False,0.0003711952487008166,0.0002787068004459309,0,mix
4.085022999999637,1765.0,1368.0,1.289262235208181,11.0,14.0,95808,41932,161172,0,0,11,3.027169118440619,False,0.0003711952487008166,0.0002787068004459309,0,mix
4.122729999999137,1765.0,1367.0,1.2902046783625731,11.0,14.0,95808,41932,161172,0,0,11,3.027169118440619,False,0.0003711952487008166,0.0002787068004459309,0,mix
4.148611000000528,1779.0,1370.0,1.2975929978118161,11.0,14.0,95808,41932,161172,0,0,11,3.027169118440619,False,0.0003711952487008166,0.0002787068004459309,0,mix
4.559354000000894,3380.0,25289.0,0.13364966389877422,18.0,32.0,241151,175548,40599,0,0,15,3.0565647621309537,False,0.004608294930875576,0.005208333333333333,0,mix
4.1869829999996,1765.0,1367.0,1.2902046783625731,11.0,14.0,95808,41932,161172,0,0,11,3.027169118440619,False,0.0003711952487008166,0.0002787068004459309,0,mix
9.603527999999642,3252.0,2653.0,1.2253202712886209,12.0,15.0,241151,175548,40599,0,0,15,3.0565647621309537,False,0.004608294930875576,0.005208333333333333,0,mix
4.210075000002689,1765.0,1367.0,1.2902046783625731,11.0,14.0,95808,41932,161172,0,0,11,3.027169118440619,False,0.0003711952487008166,0.0002787068004459309,0,mix
4.2271269999982914,1779.0,1370.0,1.2975929978118161,12.0,14.0,95808,41932,161172,0,0,11,3.027169118440619,False,0.0003711952487008166,0.0002787068004459309,0,mix
3.852306000000681,1708.0,1438.0,1.1869353717859625,13.0,16.0,213012,175548,40599,0,0,15,3.0565647621309537,False,0.004608294930875576,0.14285714285714285,0,mix
4.285844000001816,1765.0,1368.0,1.289262235208181,11.0,14.0,95808,41932,161172,0,0,11,3.027169118440619,False,0.0003711952487008166,0.0002787068004459309,0,mix
4.056302000000869,1323.0,3730.0,0.3545966228893058,13.0,16.0,12919,187119,161172,0,0,17,3.734521664779752,False,1.0,0.0048543689320388345,0,mix
4.3177469999973255,1909.0,2529.0,0.7545454545454545,14.0,17.0,95808,41932,161172,0,0,11,3.027169118440619,False,0.0003711952487008166,0.0002787068004459309,0,mix
4.328639999999723,1779.0,1370.0,1.2975929978118161,12.0,14.0,95808,41932,161172,0,0,11,3.027169118440619,False,0.0003711952487008166,0.0002787068004459309,0,mix
4.386110999999801,11836.0,1471.0,8.040760869565217,20.0,23.0,95808,41932,161172,0,0,11,3.027169118440619,False,0.0003711952487008166,0.0002787068004459309,0,mix
4.401153999999224,1765.0,1368.0,1.289262235208181,11.0,14.0,95808,41932,161172,0,0,11,3.027169118440619,False,0.0003711952487008166,0.0002787068004459309,0,mix
4.425282000000152,1779.0,1370.0,1.2975929978118161,11.0,14.0,95808,41932,161172,0,0,11,3.027169118440619,False,0.0003711952487008166,0.0002787068004459309,0,mix
4.470957000001363,1765.0,1369.0,1.2883211678832116,12.0,14.0,95808,41932,161172,0,0,11,3.027169118440619,False,0.0003711952487008166,0.0002787068004459309,0,mix
4.503989000000729,1765.0,1368.0,1.289262235208181,12.0,14.0,95808,41932,161172,0,0,11,3.027169118440619,False,0.0003711952487008166,0.0002787068004459309,0,mix
4.5161950000001525,1779.0,1370.0,1.2975929978118161,11.0,14.0,95808,41932,161172,0,0,11,3.027169118440619,False,0.0003711952487008166,0.0002787068004459309,0,mix
4.556728999999905,1765.0,1368.0,1.289262235208181,11.0,14.0,95808,41932,161172,0,0,11,3.027169118440619,False,0.0003711952487008166,0.0002787068004459309,0,mix
4.584093000001303,1765.0,1368.0,1.289262235208181,11.0,14.0,95808,41932,161172,0,0,11,3.027169118440619,False,0.0003711952487008166,0.0002787068004459309,0,mix
4.612168999999994,1923.0,2536.0,0.757981868348443,13.0,16.0,95808,41932,161172,0,0,11,3.027169118440619,False,0.0003711952487008166,0.0002787068004459309,0,mix
4.658054999999877,1765.0,1368.0,1.289262235208181,11.0,14.0,95808,41932,161172,0,0,11,3.027169118440619,False,0.0003711952487008166,0.0002787068004459309,0,mix
4.688946999998734,1765.0,1368.0,1.289262235208181,11.0,14.0,95808,41932,161172,0,0,11,3.027169118440619,False,0.0003711952487008166,0.0002787068004459309,0,mix
4.695060000001831,11850.0,1475.0,8.028455284552846,20.0,23.0,95808,41932,161172,0,0,11,3.027169118440619,False,0.0003711952487008166,0.0002787068004459309,0,mix
4.741470999997546,1765.0,1369.0,1.2883211678832116,11.0,14.0,95808,41932,161172,0,0,11,3.027169118440619,False,0.0003711952487008166,0.0002787068004459309,0,mix
4.752275999999256,1765.0,1368.0,1.289262235208181,11.0,14.0,95808,41932,161172,0,0,11,3.027169118440619,False,0.0003711952487008166,0.0002787068004459309,0,mix
4.758505999998306,1779.0,1369.0,1.2985401459854014,11.0,14.0,95808,41932,161172,0,0,11,3.027169118440619,False,0.0003711952487008166,0.0002787068004459309,0,mix
9.19112799999857,3314.0,2839.0,1.1669014084507043,12.0,15.0,241151,175548,40599,0,0,15,3.0565647621309537,False,0.004608294930875576,0.005208333333333333,0,mix
4.802719999999681,1765.0,1368.0,1.289262235208181,12.0,14.0,95808,41932,161172,0,0,11,3.027169118440619,False,0.0003711952487008166,0.0002787068004459309,0,mix
4.849251999999979,1765.0,1368.0,1.289262235208181,12.0,14.0,95808,41932,161172,0,0,11,3.027169118440619,False,0.0003711952487008166,0.0002787068004459309,0,mix
4.851438999998209,1779.0,1370.0,1.2975929978118161,12.0,14.0,95808,41932,161172,0,0,11,3.027169118440619,False,0.0003711952487008166,0.0002787068004459309,0,mix
4.915066000001389,1909.0,2530.0,0.7542473330699329,13.0,16.0,95808,41932,161172,0,0,11,3.027169118440619,False,0.0003711952487008166,0.0002787068004459309,0,mix
4.938128000001598,1779.0,1370.0,1.2975929978118161,12.0,14.0,95808,41932,161172,0,0,11,3.027169118440619,False,0.0003711952487008166,0.0002787068004459309,0,mix
4.9702760000000135,1765.0,1367.0,1.2902046783625731,12.0,14.0,95808,41932,161172,0,0,11,3.027169118440619,False,0.0003711952487008166,0.0002787068004459309,0,mix
5.004818000001251,1765.0,1368.0,1.289262235208181,11.0,14.0,95808,41932,161172,0,0,11,3.027169118440619,False,0.0003711952487008166,0.0002787068004459309,0,mix
5.024532999999792,11840.0,1475.0,8.021680216802167,20.0,23.0,95808,41932,161172,0,0,11,3.027169118440619,False,0.0003711952487008166,0.0002787068004459309,0,mix
5.045326999999816,1765.0,1368.0,1.289262235208181,11.0,14.0,95808,41932,161172,0,0,11,3.027169118440619,False,0.0003711952487008166,0.0002787068004459309,0,mix
5.090290000000095,1779.0,1369.0,1.2985401459854014,11.0,14.0,95808,41932,161172,0,0,11,3.027169118440619,False,0.0003711952487008166,0.0002787068004459309,0,mix
5.131847000000562,1765.0,1368.0,1.289262235208181,11.0,14.0,95808,41932,161172,0,0,11,3.027169118440619,False,0.0003711952487008166,0.0002787068004459309,0,mix
5.141426999998657,1765.0,1368.0,1.289262235208181,11.0,14.0,95808,41932,161172,0,0,11,3.027169118440619,False,0.0003711952487008166,0.0002787068004459309,0,mix
5.183494999997492,1779.0,1371.0,1.2966472303206997,12.0,14.0,95808,41932,161172,0,0,11,3.027169118440619,False,0.0003711952487008166,0.0002787068004459309,0,mix
5.221841999999015,1909.0,2531.0,0.7539494470774092,13.0,16.0,95808,41932,161172,0,0,11,3.027169118440619,False,0.0003711952487008166,0.0002787068004459309,0,mix
5.235761999996612,1765.0,1369.0,1.2883211678832116,11.0,14.0,95808,41932,161172,0,0,11,3.027169118440619,False,0.0003711952487008166,0.0002787068004459309,0,mix
5.294101999999839,1854.0,5134.0,0.3610516066212269,14.0,18.0,95808,67117,161172,0,0,11,3.027169118440619,False,0.0003711952487008166,0.0002787068004459309,0,mix
5.328295999999682,1765.0,1368.0,1.289262235208181,11.0,14.0,95808,41932,161172,0,0,11,3.027169118440619,False,0.0003711952487008166,0.0002787068004459309,0,mix
5.346427000000404,1779.0,1370.0,1.2975929978118161,11.0,14.0,95808,41932,161172,0,0,11,3.027169118440619,False,0.0003711952487008166,0.0002787068004459309,0,mix
5.401539999998931,11816.0,1474.0,8.010847457627118,20.0,23.0,95808,41932,161172,0,0,11,3.027169118440619,False,0.0003711952487008166,0.0002787068004459309,0,mix
5.432878999999957,1765.0,1368.0,1.289262235208181,12.0,14.0,95808,41932,161172,0,0,11,3.027169118440619,False,0.0003711952487008166,0.0002787068004459309,0,mix
8.849625000002561,3393.0,2834.0,1.1968253968253968,13.0,16.0,241151,175548,40599,0,0,15,3.0565647621309537,False,0.004608294930875576,0.005208333333333333,0,mix
5.456526000001759,1779.0,1370.0,1.2975929978118161,11.0,14.0,95808,41932,161172,0,0,11,3.027169118440619,False,0.0003711952487008166,0.0002787068004459309,0,mix
5.518647000000783,1765.0,1368.0,1.289262235208181,11.0,14.0,95808,41932,161172,0,0,11,3.027169118440619,False,0.0003711952487008166,0.0002787068004459309,0,mix
5.552186000000802,1765.0,1367.0,1.2902046783625731,11.0,14.0,95808,41932,161172,0,0,11,3.027169118440619,False,0.0003711952487008166,0.0002787068004459309,0,mix
5.559262999999191,1923.0,2531.0,0.759478672985782,13.0,16.0,95808,41932,161172,0,0,11,3.027169118440619,False,0.0003711952487008166,0.0002787068004459309,0,mix
5.612067000001843,1765.0,1366.0,1.2911485003657643,12.0,14.0,95808,41932,161172,0,0,11,3.027169118440619,False,0.0003711952487008166,0.0002787068004459309,0,mix
5.649179000000004,1765.0,1368.0,1.289262235208181,11.0,14.0,95808,41932,161172,0,0,11,3.027169118440619,False,0.0003711952487008166,0.0002787068004459309,0,mix
5.660980000000564,1779.0,1370.0,1.2975929978118161,11.0,14.0,95808,41932,161172,0,0,11,3.027169118440619,False,0.0003711952487008166,0.0002787068004459309,0,mix
5.711420999999973,1765.0,1367.0,1.2902046783625731,11.0,14.0,95808,41932,161172,0,0,11,3.027169118440619,False,0.0003711952487008166,0.0002787068004459309,0,mix
5.734624000000622,1765.0,1368.0,1.289262235208181,11.0,14.0,95808,41932,161172,0,0,11,3.027169118440619,False,0.0003711952487008166,0.0002787068004459309,0,mix
5.75126100000125,11840.0,1474.0,8.027118644067796,20.0,23.0,95808,41932,161172,0,0,11,3.027169118440619,False,0.0003711952487008166,0.0002787068004459309,0,mix
5.8047200000000885,1765.0,1368.0,1.289262235208181,12.0,14.0,95808,41932,161172,0,0,11,3.027169118440619,False,0.0003711952487008166,0.0002787068004459309,0,mix
5.842111000001751,1765.0,1368.0,1.289262235208181,11.0,14.0,95808,41932,161172,0,0,11,3.027169118440619,False,0.0003711952487008166,0.0002787068004459309,0,mix
5.843073000000004,1779.0,1370.0,1.2975929978118161,11.0,14.0,95808,41932,161172,0,0,11,3.027169118440619,False,0.0003711952487008166,0.0002787068004459309,0,mix
5.898078000001988,1909.0,2527.0,0.7551424050632911,13.0,16.0,95808,41932,161172,0,0,11,3.027169118440619,False,0.0003711952487008166,0.0002787068004459309,0,mix
5.92789300000004,1779.0,1369.0,1.2985401459854014,12.0,14.0,95808,41932,161172,0,0,11,3.027169118440619,False,0.0003711952487008166,0.0002787068004459309,0,mix
5.935996000000159,1765.0,1367.0,1.2902046783625731,11.0,14.0,95808,41932,161172,0,0,11,3.027169118440619,False,0.0003711952487008166,0.0002787068004459309,0,mix
5.995428999998694,1765.0,1367.0,1.2902046783625731,11.0,14.0,95808,41932,161172,0,0,11,3.027169118440619,False,0.0003711952487008166,0.0002787068004459309,0,mix
6.030274000000645,1779.0,1371.0,1.2966472303206997,11.0,14.0,95808,41932,161172,0,0,11,3.027169118440619,False,0.0003711952487008166,0.0002787068004459309,0,mix
6.039584999998624,1765.0,1367.0,1.2902046783625731,12.0,14.0,95808,41932,161172,0,0,11,3.027169118440619,False,0.0003711952487008166,0.0002787068004459309,0,mix
6.085430000002816,1765.0,1367.0,1.2902046783625731,12.0,14.0,95808,41932,161172,0,0,11,3.027169118440619,False,0.0003711952487008166,0.0002787068004459309,0,mix
8.506697000000713,3455.0,2630.0,1.313188901558343,12.0,15.0,241151,175548,40599,0,0,15,3.0565647621309537,False,0.004608294930875576,0.005208333333333333,0,mix
6.152606999999989,11840.0,1474.0,8.027118644067796,20.0,23.0,95808,41932,161172,0,0,11,3.027169118440619,False,0.0003711952487008166,0.0002787068004459309,0,mix
6.13730299999952,1765.0,1369.0,1.2883211678832116,11.0,14.0,95808,41932,161172,0,0,11,3.027169118440619,False,0.0003711952487008166,0.0002787068004459309,0,mix
6.223314999999275,1765.0,1368.0,1.289262235208181,11.0,14.0,95808,41932,161172,0,0,11,3.027169118440619,False,0.0003711952487008166,0.0002787068004459309,0,mix
6.261542000000191,1923.0,2528.0,0.7603795966785291,13.0,16.0,95808,41932,161172,0,0,11,3.027169118440619,False,0.0003711952487008166,0.0002787068004459309,0,mix
6.266434999997728,1765.0,1367.0,1.2902046783625731,11.0,14.0,95808,41932,161172,0,0,11,3.027169118440619,False,0.0003711952487008166,0.0002787068004459309,0,mix
6.314889999997831,1765.0,1367.0,1.2902046783625731,11.0,14.0,95808,41932,161172,0,0,11,3.027169118440619,False,0.0003711952487008166,0.0002787068004459309,0,mix
6.344314000001759,1779.0,1368.0,1.2994886778670562,11.0,14.0,95808,41932,161172,0,0,11,3.027169118440619,False,0.0003711952487008166,0.0002787068004459309,0,mix
6.346657000001869,1765.0,1367.0,1.2902046783625731,11.0,14.0,95808,41932,161172,0,0,11,3.027169118440619,False,0.0003711952487008166,0.0002787068004459309,0,mix
6.399951999999757,1765.0,1369.0,1.2883211678832116,11.0,14.0,95808,41932,161172,0,0,11,3.027169118440619,False,0.0003711952487008166,0.0002787068004459309,0,mix
6.416661000002932,1779.0,1369.0,1.2985401459854014,12.0,14.0,95808,41932,161172,0,0,11,3.027169118440619,False,0.0003711952487008166,0.0002787068004459309,0,mix
6.423542999997153,1765.0,1368.0,1.289262235208181,12.0,14.0,95808,41932,161172,0,0,11,3.027169118440619,False,0.0003711952487008166,0.0002787068004459309,0,mix
6.468824999999924,11816.0,1476.0,8.0,20.0,23.0,95808,41932,161172,0,0,11,3.027169118440619,False,0.0003711952487008166,0.0002787068004459309,0,mix
6.485608000002685,1779.0,1368.0,1.2994886778670562,12.0,14.0,95808,41932,161172,0,0,11,3.027169118440619,False,0.0003711952487008166,0.0002787068004459309,0,mix
6.498211999998602,1909.0,2525.0,0.7557403008709422,13.0,16.0,95808,41932,161172,0,0,11,3.027169118440619,False,0.0003711952487008166,0.0002787068004459309,0,mix
6.547305000000051,1765.0,1368.0,1.289262235208181,11.0,14.0,95808,41932,161172,0,0,11,3.027169118440619,False,0.0003711952487008166,0.0002787068004459309,0,mix
6.573217999997723,1779.0,1369.0,1.2985401459854014,11.0,14.0,95808,41932,161172,0,0,11,3.027169118440619,False,0.0003711952487008166,0.0002787068004459309,0,mix
6.562644000001455,1765.0,1369.0,1.2883211678832116,11.0,14.0,95808,41932,161172,0,0,11,3.027169118440619,False,0.0003711952487008166,0.0002787068004459309,0,mix
6.593967000000703,1765.0,1368.0,1.289262235208181,12.0,14.0,95808,41932,161172,0,0,11,3.027169118440619,False,0.0003711952487008166,0.0002787068004459309,0,mix
6.616495000002033,1779.0,1371.0,1.2966472303206997,11.0,14.0,95808,41932,161172,0,0,11,3.027169118440619,False,0.0003711952487008166,0.0002787068004459309,0,mix
6.643219999998109,1765.0,1369.0,1.2883211678832116,11.0,14.0,95808,41932,161172,0,0,11,3.027169118440619,False,0.0003711952487008166,0.0002787068004459309,0,mix
8.069331000002421,3533.0,2973.0,1.187962340282448,12.0,16.0,241151,175548,40599,0,0,15,3.0565647621309537,False,0.004608294930875576,0.005208333333333333,0,mix
6.689781999997649,1765.0,1368.0,1.289262235208181,11.0,14.0,95808,41932,161172,0,0,11,3.027169118440619,False,0.0003711952487008166,0.0002787068004459309,0,mix
6.734286000002612,1779.0,1369.0,1.2985401459854014,11.0,14.0,95808,41932,161172,0,0,11,3.027169118440619,False,0.0003711952487008166,0.0002787068004459309,0,mix
6.738115000000107,11826.0,1471.0,8.033967391304348,20.0,23.0,95808,41932,161172,0,0,11,3.027169118440619,False,0.0003711952487008166,0.0002787068004459309,0,mix
6.790729000000283,1909.0,2531.0,0.7539494470774092,14.0,16.0,95808,41932,161172,0,0,11,3.027169118440619,False,0.0003711952487008166,0.0002787068004459309,0,mix
6.816286999997828,1779.0,1370.0,1.2975929978118161,12.0,14.0,95808,41932,161172,0,0,11,3.027169118440619,False,0.0003711952487008166,0.0002787068004459309,0,mix
6.774868000000424,1765.0,1368.0,1.289262235208181,12.0,14.0,95808,41932,161172,0,0,11,3.027169118440619,False,0.0003711952487008166,0.0002787068004459309,0,mix
6.8984719999971285,1779.0,1370.0,1.2975929978118161,12.0,14.0,95808,41932,161172,0,0,11,3.027169118440619,False,0.0003711952487008166,0.0002787068004459309,0,mix
6.878522999999404,1765.0,1370.0,1.287381473377097,12.0,14.0,95808,41932,161172,0,0,11,3.027169118440619,False,0.0003711952487008166,0.0002787068004459309,0,mix
6.894704999998794,1765.0,1368.0,1.289262235208181,12.0,14.0,95808,41932,161172,0,0,11,3.027169118440619,False,0.0003711952487008166,0.0002787068004459309,0,mix
6.984698999996908,1779.0,1372.0,1.2957028404952657,12.0,14.0,95808,41932,161172,0,0,11,3.027169118440619,False,0.0003711952487008166,0.0002787068004459309,0,mix
7.033871999999974,1765.0,1368.0,1.289262235208181,12.0,14.0,95808,41932,161172,0,0,11,3.027169118440619,False,0.0003711952487008166,0.0002787068004459309,0,mix
6.92453100000057,1765.0,1370.0,1.287381473377097,11.0,14.0,95808,41932,161172,0,0,11,3.027169118440619,False,0.0003711952487008166,0.0002787068004459309,0,mix
6.854580999999598,1779.0,1371.0,1.2966472303206997,11.0,14.0,95808,41932,161172,0,0,11,3.027169118440619,False,0.0003711952487008166,0.0002787068004459309,0,mix
7.085725999997521,11968.0,2643.0,4.526475037821482,21.0,25.0,95808,41932,161172,0,0,11,3.027169118440619,False,0.0003711952487008166,0.0002787068004459309,0,mix
7.161313000000518,1765.0,1368.0,1.289262235208181,11.0,14.0,95808,41932,161172,0,0,11,3.027169118440619,False,0.0003711952487008166,0.0002787068004459309,0,mix
7.206135000000359,1779.0,1372.0,1.2957028404952657,11.0,14.0,95808,41932,161172,0,0,11,3.027169118440619,False,0.0003711952487008166,0.0002787068004459309,0,mix
7.251549000000523,1765.0,1368.0,1.289262235208181,11.0,14.0,95808,41932,161172,0,0,11,3.027169118440619,False,0.0003711952487008166,0.0002787068004459309,0,mix
7.229165000000648,1779.0,1371.0,1.2966472303206997,12.0,14.0,95808,41932,161172,0,0,11,3.027169118440619,False,0.0003711952487008166,0.0002787068004459309,0,mix
7.334326000000146,1765.0,1367.0,1.2902046783625731,11.0,14.0,95808,41932,161172,0,0,11,3.027169118440619,False,0.0003711952487008166,0.0002787068004459309,0,mix
7.368089999999938,1765.0,1370.0,1.287381473377097,12.0,14.0,95808,41932,161172,0,0,11,3.027169118440619,False,0.0003711952487008166,0.0002787068004459309,0,mix
7.7583360000026,3592.0,2674.0,1.342803738317757,12.0,16.0,241151,175548,40599,0,0,15,3.0565647621309537,False,0.004608294930875576,0.005208333333333333,0,mix
7.384307999996963,1779.0,1370.0,1.2975929978118161,11.0,14.0,95808,41932,161172,0,0,11,3.027169118440619,False,0.0003711952487008166,0.0002787068004459309,0,mix
7.230131000000256,1765.0,1367.0,1.2902046783625731,11.0,14.0,95808,41932,161172,0,0,11,3.027169118440619,False,0.0003711952487008166,0.0002787068004459309,0,mix
7.457454999999754,1765.0,1367.0,1.2902046783625731,11.0,14.0,95808,41932,161172,0,0,11,3.027169118440619,False,0.0003711952487008166,0.0002787068004459309,0,mix
7.440853000000061,15225.0,2647.0,5.749622356495468,24.0,28.0,95808,41932,161172,0,0,11,3.027169118440619,False,0.0003711952487008166,0.0002787068004459309,0,mix
7.497921999998653,1765.0,1368.0,1.289262235208181,11.0,14.0,95808,41932,161172,0,0,11,3.027169118440619,False,0.0003711952487008166,0.0002787068004459309,0,mix
7.516910000002099,1765.0,1367.0,1.2902046783625731,11.0,14.0,95808,41932,161172,0,0,11,3.027169118440619,False,0.0003711952487008166,0.0002787068004459309,0,mix
7.527068999999756,1779.0,1370.0,1.2975929978118161,11.0,14.0,95808,41932,161172,0,0,11,3.027169118440619,False,0.0003711952487008166,0.0002787068004459309,0,mix
7.606400000000576,1765.0,1370.0,1.287381473377097,11.0,14.0,95808,41932,161172,0,0,11,3.027169118440619,False,0.0003711952487008166,0.0002787068004459309,0,mix
7.629447000002983,1765.0,1368.0,1.289262235208181,12.0,14.0,95808,41932,161172,0,0,11,3.027169118440619,False,0.0003711952487008166,0.0002787068004459309,0,mix
7.649300999997649,1779.0,1372.0,1.2957028404952657,11.0,14.0,95808,41932,161172,0,0,11,3.027169118440619,False,0.0003711952487008166,0.0002787068004459309,0,mix
7.716050999999425,1765.0,1368.0,1.289262235208181,11.0,14.0,95808,41932,161172,0,0,11,3.027169118440619,False,0.0003711952487008166,0.0002787068004459309,0,mix
7.7370909999990545,1779.0,1372.0,1.2957028404952657,11.0,14.0,95808,41932,161172,0,0,11,3.027169118440619,False,0.0003711952487008166,0.0002787068004459309,0,mix
7.730494999999792,1765.0,1367.0,1.2902046783625731,11.0,14.0,95808,41932,161172,0,0,11,3.027169118440619,False,0.0003711952487008166,0.0002787068004459309,0,mix
7.763404000001174,1909.0,2721.0,0.7013225569434239,13.0,16.0,95808,41932,161172,0,0,11,3.027169118440619,False,0.0003711952487008166,0.0002787068004459309,0,mix
7.817243000001326,11892.0,1474.0,8.062372881355932,20.0,23.0,95808,41932,161172,0,0,11,3.027169118440619,False,0.0003711952487008166,0.0002787068004459309,0,mix
7.502840999994078,1765.0,1369.0,1.2883211678832116,11.0,14.0,95808,41932,161172,0,0,11,3.027169118440619,False,0.0003711952487008166,0.0002787068004459309,0,mix
7.900624000001699,1765.0,1368.0,1.289262235208181,11.0,14.0,95808,41932,161172,0,0,11,3.027169118440619,False,0.0003711952487008166,0.0002787068004459309,0,mix
7.918808000002173,1779.0,1373.0,1.294759825327511,11.0,14.0,95808,41932,161172,0,0,11,3.027169118440619,False,0.0003711952487008166,0.0002787068004459309,0,mix
7.930639999998675,1765.0,1370.0,1.287381473377097,12.0,14.0,95808,41932,161172,0,0,11,3.027169118440619,False,0.0003711952487008166,0.0002787068004459309,0,mix
6.38326799999777,3363.0,30081.0,0.11179442856193073,19.0,37.0,241151,175548,40599,0,0,15,3.0565647621309537,False,0.004608294930875576,0.005208333333333333,0,mix
7.989663999993354,1779.0,1371.0,1.2966472303206997,11.0,14.0,95808,41932,161172,0,0,11,3.027169118440619,False,0.0003711952487008166,0.0002787068004459309,0,mix
7.42655100000411,3253.0,2558.0,1.271199687377882,13.0,17.0,241151,175548,40599,0,0,15,3.0565647621309537,False,0.004608294930875576,0.005208333333333333,0,mix
8.03316900000209,1765.0,1368.0,1.289262235208181,11.0,14.0,95808,41932,161172,0,0,11,3.027169118440619,False,0.0003711952487008166,0.0002787068004459309,0,mix
8.03791099999944,1765.0,1368.0,1.289262235208181,12.0,14.0,95808,41932,161172,0,0,11,3.027169118440619,False,0.0003711952487008166,0.0002787068004459309,0,mix
8.080598000000464,1779.0,1369.0,1.2985401459854014,11.0,14.0,95808,41932,161172,0,0,11,3.027169118440619,False,0.0003711952487008166,0.0002787068004459309,0,mix
8.121560999999929,1909.0,2534.0,0.7530571992110454,13.0,16.0,95808,41932,161172,0,0,11,3.027169118440619,False,0.0003711952487008166,0.0002787068004459309,0,mix
8.138402999997197,1765.0,1368.0,1.289262235208181,11.0,14.0,95808,41932,161172,0,0,11,3.027169118440619,False,0.0003711952487008166,0.0002787068004459309,0,mix
8.186211000000185,11856.0,1476.0,8.027081922816519,20.0,23.0,95808,41932,161172,0,0,11,3.027169118440619,False,0.0003711952487008166,0.0002787068004459309,0,mix
8.21413400000165,1765.0,1369.0,1.2883211678832116,11.0,14.0,95808,41932,161172,0,0,11,3.027169118440619,False,0.0003711952487008166,0.0002787068004459309,0,mix
8.212706999998773,1765.0,1370.0,1.287381473377097,11.0,14.0,95808,41932,161172,0,0,11,3.027169118440619,False,0.0003711952487008166,0.0002787068004459309,0,mix
8.263404000004812,1779.0,1371.0,1.2966472303206997,11.0,14.0,95808,41932,161172,0,0,11,3.027169118440619,False,0.0003711952487008166,0.0002787068004459309,0,mix
8.306619000002684,1765.0,1370.0,1.287381473377097,11.0,14.0,95808,41932,161172,0,0,11,3.027169118440619,False,0.0003711952487008166,0.0002787068004459309,0,mix
8.308597999995982,1765.0,1368.0,1.289262235208181,12.0,14.0,95808,41932,161172,0,0,11,3.027169118440619,False,0.0003711952487008166,0.0002787068004459309,0,mix
8.350072000001092,1779.0,1371.0,1.2966472303206997,11.0,14.0,95808,41932,161172,0,0,11,3.027169118440619,False,0.0003711952487008166,0.0002787068004459309,0,mix
8.392650000001595,1765.0,1368.0,1.289262235208181,12.0,14.0,95808,41932,161172,0,0,11,3.027169118440619,False,0.0003711952487008166,0.0002787068004459309,0,mix
8.36685800000123,1909.0,2538.0,0.7518708152816069,13.0,16.0,95808,41932,161172,0,0,11,3.027169118440619,False,0.0003711952487008166,0.0002787068004459309,0,mix
8.46292700000049,1779.0,1369.0,1.2985401459854014,12.0,14.0,95808,41932,161172,0,0,11,3.027169118440619,False,0.0003711952487008166,0.0002787068004459309,0,mix
8.4937329999957,1765.0,1370.0,1.287381473377097,11.0,14.0,95808,41932,161172,0,0,11,3.027169118440619,False,0.0003711952487008166,0.0002787068004459309,0,mix
8.480810000000929,11841.0,1474.0,8.027796610169492,20.0,23.0,95808,41932,161172,0,0,11,3.027169118440619,False,0.0003711952487008166,0.0002787068004459309,0,mix
8.566436000000976,1779.0,1372.0,1.2957028404952657,11.0,14.0,95808,41932,161172,0,0,11,3.027169118440619,False,0.0003711952487008166,0.0002787068004459309,0,mix
8.408908999997948,1765.0,1368.0,1.289262235208181,11.0,14.0,95808,41932,161172,0,0,11,3.027169118440619,False,0.0003711952487008166,0.0002787068004459309,0,mix
8.640782999995281,1765.0,1370.0,1.287381473377097,11.0,14.0,95808,41932,161172,0,0,11,3.027169118440619,False,0.0003711952487008166,0.0002787068004459309,0,mix
7.048879999994824,3331.0,2380.0,1.398992020159597,14.0,17.0,241151,175548,40599,0,0,15,3.0565647621309537,False,0.004608294930875576,0.005208333333333333,0,mix
8.68386499999906,1779.0,1370.0,1.2975929978118161,11.0,14.0,95808,41932,161172,0,0,11,3.027169118440619,False,0.0003711952487008166,0.0002787068004459309,0,mix
8.65440099999978,1765.0,1367.0,1.2902046783625731,12.0,14.0,95808,41932,161172,0,0,11,3.027169118440619,False,0.0003711952487008166,0.0002787068004459309,0,mix
8.74394200000097,1765.0,1368.0,1.289262235208181,11.0,14.0,95808,41932,161172,0,0,11,3.027169118440619,False,0.0003711952487008166,0.0002787068004459309,0,mix
8.758100999999442,1923.0,2555.0,0.7523474178403756,13.0,16.0,95808,41932,161172,0,0,11,3.027169118440619,False,0.0003711952487008166,0.0002787068004459309,0,mix
8.774332000000868,1765.0,1367.0,1.2902046783625731,12.0,14.0,95808,41932,161172,0,0,11,3.027169118440619,False,0.0003711952487008166,0.0002787068004459309,0,mix
8.840370999998413,1765.0,1368.0,1.289262235208181,12.0,14.0,95808,41932,161172,0,0,11,3.027169118440619,False,0.0003711952487008166,0.0002787068004459309,0,mix
8.87434299999586,1779.0,1371.0,1.2966472303206997,12.0,14.0,95808,41932,161172,0,0,11,3.027169118440619,False,0.0003711952487008166,0.0002787068004459309,0,mix
8.900810999999521,11873.0,1472.0,8.060420909708078,20.0,23.0,95808,41932,161172,0,0,11,3.027169118440619,False,0.0003711952487008166,0.0002787068004459309,0,mix
8.96365899999364,1765.0,1369.0,1.2883211678832116,11.0,14.0,95808,41932,161172,0,0,11,3.027169118440619,False,0.0003711952487008166,0.0002787068004459309,0,mix
8.993606000003638,1779.0,1369.0,1.2985401459854014,12.0,14.0,95808,41932,161172,0,0,11,3.027169118440619,False,0.0003711952487008166,0.0002787068004459309,0,mix
8.973651000000245,1765.0,1368.0,1.289262235208181,11.0,14.0,95808,41932,161172,0,0,11,3.027169118440619,False,0.0003711952487008166,0.0002787068004459309,0,mix
9.046555000000808,1765.0,1367.0,1.2902046783625731,12.0,14.0,95808,41932,161172,0,0,11,3.027169118440619,False,0.0003711952487008166,0.0002787068004459309,0,mix
9.076365000000806,1779.0,1370.0,1.2975929978118161,12.0,14.0,95808,41932,161172,0,0,11,3.027169118440619,False,0.0003711952487008166,0.0002787068004459309,0,mix
9.065189000000828,1909.0,2708.0,0.7046880767811,13.0,16.0,95808,41932,161172,0,0,11,3.027169118440619,False,0.0003711952487008166,0.0002787068004459309,0,mix
9.113349000006563,1765.0,1367.0,1.2902046783625731,12.0,14.0,95808,41932,161172,0,0,11,3.027169118440619,False,0.0003711952487008166,0.0002787068004459309,0,mix
9.119799000000055,1854.0,5136.0,0.3609110375705665,12.0,16.0,95808,67117,161172,0,0,11,3.027169118440619,False,0.0003711952487008166,0.0002787068004459309,0,mix
9.137202999998408,1765.0,1368.0,1.289262235208181,11.0,14.0,95808,41932,161172,0,0,11,3.027169118440619,False,0.0003711952487008166,0.0002787068004459309,0,mix
9.194440999999642,1779.0,1370.0,1.2975929978118161,12.0,14.0,95808,41932,161172,0,0,11,3.027169118440619,False,0.0003711952487008166,0.0002787068004459309,0,mix
9.2324329999974,11841.0,1473.0,8.033242876526458,20.0,23.0,95808,41932,161172,0,0,11,3.027169118440619,False,0.0003711952487008166,0.0002787068004459309,0,mix
9.25775799999974,1765.0,1367.0,1.2902046783625731,12.0,14.0,95808,41932,161172,0,0,11,3.027169118440619,False,0.0003711952487008166,0.0002787068004459309,0,mix
5.653852999996161,3394.0,2730.0,1.2427682167704137,13.0,16.0,241151,175548,40599,0,0,15,3.0565647621309537,False,0.004608294930875576,0.005208333333333333,0,mix
9.285329999998794,1779.0,1370.0,1.2975929978118161,11.0,14.0,95808,41932,161172,0,0,11,3.027169118440619,False,0.0003711952487008166,0.0002787068004459309,0,mix
9.345265000003565,1765.0,1368.0,1.289262235208181,11.0,14.0,95808,41932,161172,0,0,11,3.027169118440619,False,0.0003711952487008166,0.0002787068004459309,0,mix
9.344232000003103,1779.0,1369.0,1.2985401459854014,11.0,14.0,95808,41932,161172,0,0,11,3.027169118440619,False,0.0003711952487008166,0.0002787068004459309,0,mix
9.39315699999861,1909.0,2548.0,0.7489211455472734,13.0,16.0,95808,41932,161172,0,0,11,3.027169118440619,False,0.0003711952487008166,0.0002787068004459309,0,mix
9.446079000001191,1765.0,1369.0,1.2883211678832116,12.0,14.0,95808,41932,161172,0,0,11,3.027169118440619,False,0.0003711952487008166,0.0002787068004459309,0,mix
9.449544999995853,1779.0,1370.0,1.2975929978118161,12.0,14.0,95808,41932,161172,0,0,11,3.027169118440619,False,0.0003711952487008166,0.0002787068004459309,0,mix
9.505048999999415,1765.0,1367.0,1.2902046783625731,12.0,14.0,95808,41932,161172,0,0,11,3.027169118440619,False,0.0003711952487008166,0.0002787068004459309,0,mix
9.52947700000368,1765.0,1367.0,1.2902046783625731,12.0,14.0,95808,41932,161172,0,0,11,3.027169118440619,False,0.0003711952487008166,0.0002787068004459309,0,mix
9.559783999997308,1779.0,1369.0,1.2985401459854014,12.0,14.0,95808,41932,161172,0,0,11,3.027169118440619,False,0.0003711952487008166,0.0002787068004459309,0,mix
9.61851200000092,11878.0,1474.0,8.052881355932204,20.0,23.0,95808,41932,161172,0,0,11,3.027169118440619,False,0.0003711952487008166,0.0002787068004459309,0,mix
9.63679399999819,1765.0,1368.0,1.289262235208181,11.0,14.0,95808,41932,161172,0,0,11,3.027169118440619,False,0.0003711952487008166,0.0002787068004459309,0,mix
9.6446999999971,1779.0,1370.0,1.2975929978118161,11.0,14.0,95808,41932,161172,0,0,11,3.027169118440619,False,0.0003711952487008166,0.0002787068004459309,0,mix
9.670811000003596,1765.0,1367.0,1.2902046783625731,12.0,14.0,95808,41932,161172,0,0,11,3.027169118440619,False,0.0003711952487008166,0.0002787068004459309,0,mix
9.747498999997331,1909.0,2536.0,0.752463539613717,13.0,16.0,95808,41932,161172,0,0,11,3.027169118440619,False,0.0003711952487008166,0.0002787068004459309,0,mix
9.778402999996617,1779.0,1370.0,1.2975929978118161,12.0,14.0,95808,41932,161172,0,0,11,3.027169118440619,False,0.0003711952487008166,0.0002787068004459309,0,mix
9.810032000001229,1765.0,1368.0,1.289262235208181,11.0,14.0,95808,41932,161172,0,0,11,3.027169118440619,False,0.0003711952487008166,0.0002787068004459309,0,mix
9.844168000003265,1765.0,1368.0,1.289262235208181,11.0,14.0,95808,41932,161172,0,0,11,3.027169118440619,False,0.0003711952487008166,0.0002787068004459309,0,mix
9.853252999993856,1779.0,1371.0,1.2966472303206997,11.0,14.0,95808,41932,161172,0,0,11,3.027169118440619,False,0.0003711952487008166,0.0002787068004459309,0,mix
9.90770699999848,1765.0,1367.0,1.2902046783625731,11.0,14.0,95808,41932,161172,0,0,11,3.027169118440619,False,0.0003711952487008166,0.0002787068004459309,0,mix
9.928177000001597,1765.0,1368.0,1.289262235208181,11.0,14.0,95808,41932,161172,0,0,11,3.027169118440619,False,0.0003711952487008166,0.0002787068004459309,0,mix
5.349347999996098,3471.0,2502.0,1.3867359168997204,12.0,15.0,241151,175548,40599,0,0,15,3.0565647621309537,False,0.004608294930875576,0.005208333333333333,0,mix
9.93492200000037,11855.0,1475.0,8.031842818428185,20.0,23.0,95808,41932,161172,0,0,11,3.027169118440619,False,0.0003711952487008166,0.0002787068004459309,0,mix
10.000763999996709,1765.0,1368.0,1.289262235208181,11.0,14.0,95808,41932,161172,0,0,11,3.027169118440619,False,0.0003711952487008166,0.0002787068004459309,0,mix
10.018737999998848,1765.0,1367.0,1.2902046783625731,12.0,14.0,95808,41932,161172,0,0,11,3.027169118440619,False,0.0003711952487008166,0.0002787068004459309,0,mix
10.02364099999977,1923.0,2548.0,0.7544134954884268,14.0,17.0,95808,41932,161172,0,0,11,3.027169118440619,False,0.0003711952487008166,0.0002787068004459309,0,mix
10.089090999994369,1765.0,1367.0,1.2902046783625731,11.0,14.0,95808,41932,161172,0,0,11,3.027169118440619,False,0.0003711952487008166,0.0002787068004459309,0,mix
10.118786999999427,1765.0,1368.0,1.289262235208181,12.0,14.0,95808,41932,161172,0,0,11,3.027169118440619,False,0.0003711952487008166,0.0002787068004459309,0,mix
10.126557000003231,1779.0,1369.0,1.2985401459854014,11.0,14.0,95808,41932,161172,0,0,11,3.027169118440619,False,0.0003711952487008166,0.0002787068004459309,0,mix
10.167786999998498,1765.0,1367.0,1.2902046783625731,11.0,14.0,95808,41932,161172,0,0,11,3.027169118440619,False,0.0003711952487008166,0.0002787068004459309,0,mix
10.20038200000272,1765.0,1369.0,1.2883211678832116,11.0,14.0,95808,41932,161172,0,0,11,3.027169118440619,False,0.0003711952487008166,0.0002787068004459309,0,mix
10.213612999999896,1779.0,1370.0,1.2975929978118161,11.0,14.0,95808,41932,161172,0,0,11,3.027169118440619,False,0.0003711952487008166,0.0002787068004459309,0,mix
10.243249999999534,1765.0,1368.0,1.289262235208181,12.0,14.0,95808,41932,161172,0,0,11,3.027169118440619,False,0.0003711952487008166,0.0002787068004459309,0,mix
10.261115000001157,11878.0,1474.0,8.052881355932204,20.0,23.0,95808,41932,161172,0,0,11,3.027169118440619,False,0.0003711952487008166,0.0002787068004459309,0,mix
0.259049000000231,1779.0,1371.0,1.2966472303206997,11.0,14.0,95808,41932,161172,0,0,11,3.027169118440619,False,0.0003711952487008166,0.0002787068004459309,0,mix
10.306626999998116,1909.0,2546.0,0.7495092265410287,13.0,16.0,95808,41932,161172,0,0,11,3.027169118440619,False,0.0003711952487008166,0.0002787068004459309,0,mix
0.317989000002853,1765.0,1366.0,1.2911485003657643,11.0,14.0,95808,41932,161172,0,0,11,3.027169118440619,False,0.0003711952487008166,0.0002787068004459309,0,mix
0.322813999999198,1779.0,1370.0,1.2975929978118161,11.0,14.0,95808,41932,161172,0,0,11,3.027169118440619,False,0.0003711952487008166,0.0002787068004459309,0,mix
10.356415000002016,1765.0,1368.0,1.289262235208181,12.0,14.0,95808,41932,161172,0,0,11,3.027169118440619,False,0.0003711952487008166,0.0002787068004459309,0,mix
0.378119000000879,1779.0,1370.0,1.2975929978118161,11.0,14.0,95808,41932,161172,0,0,11,3.027169118440619,False,0.0003711952487008166,0.0002787068004459309,0,mix
0.406300000002374,1765.0,1368.0,1.289262235208181,11.0,14.0,95808,41932,161172,0,0,11,3.027169118440619,False,0.0003711952487008166,0.0002787068004459309,0,mix
0.451053000004321,1765.0,1367.0,1.2902046783625731,11.0,14.0,95808,41932,161172,0,0,11,3.027169118440619,False,0.0003711952487008166,0.0002787068004459309,0,mix
4.870212000001629,3535.0,3021.0,1.1697551290536068,13.0,16.0,241151,175548,40599,0,0,15,3.0565647621309537,False,0.004608294930875576,0.005208333333333333,0,mix
0.475274999997054,1779.0,1369.0,1.2985401459854014,11.0,14.0,95808,41932,161172,0,0,11,3.027169118440619,False,0.0003711952487008166,0.0002787068004459309,0,mix
9.999888999998802,1326.0,3730.0,0.3554006968641115,13.0,17.0,12919,187119,161172,0,0,17,3.734521664779752,False,0.07142857142857142,0.0048543689320388345,0,mix
0.462784000003011,1765.0,1367.0,1.2902046783625731,11.0,14.0,95808,41932,161172,0,0,11,3.027169118440619,False,0.0003711952487008166,0.0002787068004459309,0,mix
0.529490000000805,11880.0,1473.0,8.059701492537313,19.0,23.0,95808,41932,161172,0,0,11,3.027169118440619,False,0.0003711952487008166,0.0002787068004459309,0,mix
0.261548999995284,2098.0,1438.0,1.457956914523975,12.0,15.0,213012,175548,40599,0,0,15,3.0565647621309537,False,0.004608294930875576,0.14285714285714285,0,mix
0.5697010000003501,1923.0,2535.0,0.7582807570977917,13.0,16.0,95808,41932,161172,0,0,11,3.027169118440619,False,0.0003711952487008166,0.0002787068004459309,0,mix
0.573684000002685,1765.0,1367.0,1.2902046783625731,11.0,14.0,95808,41932,161172,0,0,11,3.027169118440619,False,0.0003711952487008166,0.0002787068004459309,0,mix
0.653556999997817,1779.0,1370.0,1.2975929978118161,11.0,14.0,95808,41932,161172,0,0,11,3.027169118440619,False,0.0003711952487008166,0.0002787068004459309,0,mix
0.673595000000204,1765.0,1367.0,1.2902046783625731,11.0,14.0,95808,41932,161172,0,0,11,3.027169118440619,False,0.0003711952487008166,0.0002787068004459309,0,mix
0.670445999996445,1765.0,1370.0,1.287381473377097,11.0,14.0,95808,41932,161172,0,0,11,3.027169118440619,False,0.0003711952487008166,0.0002787068004459309,0,mix
0.7414420000059181,1779.0,1368.0,1.2994886778670562,12.0,14.0,95808,41932,161172,0,0,11,3.027169118440619,False,0.0003711952487008166,0.0002787068004459309,0,mix
0.781711999996332,1765.0,1371.0,1.2864431486880465,11.0,14.0,95808,41932,161172,0,0,11,3.027169118440619,False,0.0003711952487008166,0.0002787068004459309,0,mix
0.794422999999369,1779.0,1369.0,1.2985401459854014,12.0,14.0,95808,41932,161172,0,0,11,3.027169118440619,False,0.0003711952487008166,0.0002787068004459309,0,mix
0.848135000000183,1765.0,1370.0,1.287381473377097,11.0,14.0,95808,41932,161172,0,0,11,3.027169118440619,False,0.0003711952487008166,0.0002787068004459309,0,mix
0.8817379999964031,1765.0,1368.0,1.289262235208181,11.0,14.0,95808,41932,161172,0,0,11,3.027169118440619,False,0.0003711952487008166,0.0002787068004459309,0,mix
0.802726999994774,12028.0,2638.0,4.557787040545661,21.0,25.0,95808,41932,161172,0,0,11,3.027169118440619,False,0.0003711952487008166,0.0002787068004459309,0,mix
0.930518000001029,1765.0,1368.0,1.289262235208181,12.0,14.0,95808,41932,161172,0,0,11,3.027169118440619,False,0.0003711952487008166,0.0002787068004459309,0,mix
0.965284999998402,1765.0,1370.0,1.287381473377097,11.0,14.0,95808,41932,161172,0,0,11,3.027169118440619,False,0.0003711952487008166,0.0002787068004459309,0,mix
0.974866000004112,1779.0,1370.0,1.2975929978118161,11.0,14.0,95808,41932,161172,0,0,11,3.027169118440619,False,0.0003711952487008166,0.0002787068004459309,0,mix
1.017988999999943,1765.0,1370.0,1.287381473377097,11.0,14.0,95808,41932,161172,0,0,11,3.027169118440619,False,0.0003711952487008166,0.0002787068004459309,0,mix
1.0456520000007,1765.0,1368.0,1.289262235208181,11.0,14.0,95808,41932,161172,0,0,11,3.027169118440619,False,0.0003711952487008166,0.0002787068004459309,0,mix
1.044640000000072,1779.0,1372.0,1.2957028404952657,12.0,14.0,95808,41932,161172,0,0,11,3.027169118440619,False,0.0003711952487008166,0.0002787068004459309,0,mix
3.475914999995439,3612.0,2781.0,1.2983465132997842,12.0,15.0,241151,175548,40599,0,0,15,3.0565647621309537,False,0.004608294930875576,0.005208333333333333,0,mix
1.088737999998557,1765.0,1369.0,1.2883211678832116,12.0,14.0,95808,41932,161172,0,0,11,3.027169118440619,False,0.0003711952487008166,0.0002787068004459309,0,mix
1.143094000006385,1765.0,1369.0,1.2883211678832116,11.0,14.0,95808,41932,161172,0,0,11,3.027169118440619,False,0.0003711952487008166,0.0002787068004459309,0,mix
1.150679999998828,1779.0,1370.0,1.2975929978118161,11.0,14.0,95808,41932,161172,0,0,11,3.027169118440619,False,0.0003711952487008166,0.0002787068004459309,0,mix
1.198115999999572,15249.0,2660.0,5.7305524239007894,25.0,28.0,95808,41932,161172,0,0,11,3.027169118440619,False,0.0003711952487008166,0.0002787068004459309,0,mix
1.219119000001228,1765.0,1370.0,1.287381473377097,11.0,14.0,95808,41932,161172,0,0,11,3.027169118440619,False,0.0003711952487008166,0.0002787068004459309,0,mix
1.180287999995926,1779.0,1371.0,1.2966472303206997,11.0,14.0,95808,41932,161172,0,0,11,3.027169118440619,False,0.0003711952487008166,0.0002787068004459309,0,mix
1.281846999998379,1765.0,1369.0,1.2883211678832116,11.0,14.0,95808,41932,161172,0,0,11,3.027169118440619,False,0.0003711952487008166,0.0002787068004459309,0,mix
1.320199000001594,1765.0,1369.0,1.2883211678832116,11.0,14.0,95808,41932,161172,0,0,11,3.027169118440619,False,0.0003711952487008166,0.0002787068004459309,0,mix
1.323616000001493,1779.0,1369.0,1.2985401459854014,12.0,14.0,95808,41932,161172,0,0,11,3.027169118440619,False,0.0003711952487008166,0.0002787068004459309,0,mix
1.371365999999398,1765.0,1371.0,1.2864431486880465,11.0,14.0,95808,41932,161172,0,0,11,3.027169118440619,False,0.0003711952487008166,0.0002787068004459309,0,mix
1.410615000000689,1779.0,1369.0,1.2985401459854014,12.0,14.0,95808,41932,161172,0,0,11,3.027169118440619,False,0.0003711952487008166,0.0002787068004459309,0,mix
1.414741000000503,1765.0,1370.0,1.287381473377097,11.0,14.0,95808,41932,161172,0,0,11,3.027169118440619,False,0.0003711952487008166,0.0002787068004459309,0,mix
1.476690000003145,1765.0,1369.0,1.2883211678832116,11.0,14.0,95808,41932,161172,0,0,11,3.027169118440619,False,0.0003711952487008166,0.0002787068004459309,0,mix
1.518203999999968,1923.0,2459.0,0.7817073170731708,13.0,16.0,95808,41932,161172,0,0,11,3.027169118440619,False,0.0003711952487008166,0.0002787068004459309,0,mix
1.525936000005458,11587.0,1496.0,7.740146960587842,20.0,23.0,95808,41932,161172,0,0,11,3.027169118440619,False,0.0003711952487008166,0.0002787068004459309,0,mix
1.579468000003544,1765.0,1370.0,1.287381473377097,12.0,14.0,95808,41932,161172,0,0,11,3.027169118440619,False,0.0003711952487008166,0.0002787068004459309,0,mix
1.622244999998656,1779.0,1371.0,1.2966472303206997,11.0,14.0,95808,41932,161172,0,0,11,3.027169118440619,False,0.0003711952487008166,0.0002787068004459309,0,mix
1.625708999999915,1765.0,1370.0,1.287381473377097,12.0,14.0,95808,41932,161172,0,0,11,3.027169118440619,False,0.0003711952487008166,0.0002787068004459309,0,mix
1.677520000004733,1779.0,1370.0,1.2975929978118161,11.0,14.0,95808,41932,161172,0,0,11,3.027169118440619,False,0.0003711952487008166,0.0002787068004459309,0,mix
9.118834000000788,3381.0,28973.0,0.11669082625802443,17.0,35.0,241151,175548,40599,0,0,15,3.0565647621309537,False,0.004608294930875576,0.005208333333333333,0,mix
1.710039000005053,1765.0,1370.0,1.287381473377097,12.0,14.0,95808,41932,161172,0,0,11,3.027169118440619,False,0.0003711952487008166,0.0002787068004459309,0,mix
3.165811999999277,3254.0,2540.0,1.2805981896890988,12.0,15.0,241151,175548,40599,0,0,15,3.0565647621309537,False,0.004608294930875576,0.005208333333333333,0,mix
1.74339499999769,1765.0,1368.0,1.289262235208181,11.0,14.0,95808,41932,161172,0,0,11,3.027169118440619,False,0.0003711952487008166,0.0002787068004459309,0,mix
1.777589000004809,1779.0,1369.0,1.2985401459854014,12.0,14.0,95808,41932,161172,0,0,11,3.027169118440619,False,0.0003711952487008166,0.0002787068004459309,0,mix
1.812004999999771,1765.0,1368.0,1.289262235208181,12.0,14.0,95808,41932,161172,0,0,11,3.027169118440619,False,0.0003711952487008166,0.0002787068004459309,0,mix
1.832156000004033,1909.0,2448.0,0.7795018374846876,13.0,16.0,95808,41932,161172,0,0,11,3.027169118440619,False,0.0003711952487008166,0.0002787068004459309,0,mix
1.8629589999982272,1779.0,1370.0,1.2975929978118161,12.0,14.0,95808,41932,161172,0,0,11,3.027169118440619,False,0.0003711952487008166,0.0002787068004459309,0,mix
1.910368999997445,11587.0,1474.0,7.855593220338983,20.0,23.0,95808,41932,161172,0,0,11,3.027169118440619,False,0.0003711952487008166,0.0002787068004459309,0,mix
1.900309999997262,1765.0,1367.0,1.2902046783625731,11.0,14.0,95808,41932,161172,0,0,11,3.027169118440619,False,0.0003711952487008166,0.0002787068004459309,0,mix
1.972668000002158,1779.0,1372.0,1.2957028404952657,11.0,14.0,95808,41932,161172,0,0,11,3.027169118440619,False,0.0003711952487008166,0.0002787068004459309,0,mix
2.010614999999234,1765.0,1369.0,1.2883211678832116,12.0,14.0,95808,41932,161172,0,0,11,3.027169118440619,False,0.0003711952487008166,0.0002787068004459309,0,mix
2.024906999999075,1765.0,1369.0,1.2883211678832116,11.0,14.0,95808,41932,161172,0,0,11,3.027169118440619,False,0.0003711952487008166,0.0002787068004459309,0,mix
2.083985999997821,1779.0,1370.0,1.2975929978118161,12.0,14.0,95808,41932,161172,0,0,11,3.027169118440619,False,0.0003711952487008166,0.0002787068004459309,0,mix
2.120394000005035,1765.0,1370.0,1.287381473377097,11.0,14.0,95808,41932,161172,0,0,11,3.027169118440619,False,0.0003711952487008166,0.0002787068004459309,0,mix
2.148119999998016,1765.0,1369.0,1.2883211678832116,11.0,14.0,95808,41932,161172,0,0,11,3.027169118440619,False,0.0003711952487008166,0.0002787068004459309,0,mix
2.193004000000655,1923.0,2455.0,0.7829804560260586,14.0,17.0,95808,41932,161172,0,0,11,3.027169118440619,False,0.0003711952487008166,0.0002787068004459309,0,mix
2.226774000002478,1765.0,1369.0,1.2883211678832116,12.0,14.0,95808,41932,161172,0,0,11,3.027169118440619,False,0.0003711952487008166,0.0002787068004459309,0,mix
2.246312999996007,1779.0,1372.0,1.2957028404952657,11.0,14.0,95808,41932,161172,0,0,11,3.027169118440619,False,0.0003711952487008166,0.0002787068004459309,0,mix
2.286071000002266,11589.0,1475.0,7.8516260162601625,20.0,23.0,95808,41932,161172,0,0,11,3.027169118440619,False,0.0003711952487008166,0.0002787068004459309,0,mix
2.316739999994752,1765.0,1370.0,1.287381473377097,11.0,14.0,95808,41932,161172,0,0,11,3.027169118440619,False,0.0003711952487008166,0.0002787068004459309,0,mix
2.32482699999673,1779.0,1370.0,1.2975929978118161,11.0,14.0,95808,41932,161172,0,0,11,3.027169118440619,False,0.0003711952487008166,0.0002787068004459309,0,mix
2.373741999996127,1765.0,1369.0,1.2883211678832116,11.0,14.0,95808,41932,161172,0,0,11,3.027169118440619,False,0.0003711952487008166,0.0002787068004459309,0,mix
2.792881999994279,3332.0,2695.0,1.2359050445103859,14.0,17.0,241151,175548,40599,0,0,15,3.0565647621309537,False,0.004608294930875576,0.005208333333333333,0,mix
2.37401200000022,1779.0,1370.0,1.2975929978118161,11.0,14.0,95808,41932,161172,0,0,11,3.027169118440619,False,0.0003711952487008166,0.0002787068004459309,0,mix
2.438735000003362,1765.0,1367.0,1.2902046783625731,11.0,14.0,95808,41932,161172,0,0,11,3.027169118440619,False,0.0003711952487008166,0.0002787068004459309,0,mix
2.458598999997775,1765.0,1368.0,1.289262235208181,11.0,14.0,95808,41932,161172,0,0,11,3.027169118440619,False,0.0003711952487008166,0.0002787068004459309,0,mix
2.472882000001846,1923.0,2453.0,0.7836185819070904,13.0,16.0,95808,41932,161172,0,0,11,3.027169118440619,False,0.0003711952487008166,0.0002787068004459309,0,mix
2.524662000003445,1765.0,1367.0,1.2902046783625731,12.0,14.0,95808,41932,161172,0,0,11,3.027169118440619,False,0.0003711952487008166,0.0002787068004459309,0,mix
2.551253999998152,1765.0,1367.0,1.2902046783625731,12.0,14.0,95808,41932,161172,0,0,11,3.027169118440619,False,0.0003711952487008166,0.0002787068004459309,0,mix
2.580026999996335,1779.0,1370.0,1.2975929978118161,11.0,14.0,95808,41932,161172,0,0,11,3.027169118440619,False,0.0003711952487008166,0.0002787068004459309,0,mix
2.6324949999980163,11589.0,1474.0,7.856949152542373,20.0,23.0,95808,41932,161172,0,0,11,3.027169118440619,False,0.0003711952487008166,0.0002787068004459309,0,mix
2.662630999999237,1779.0,1370.0,1.2975929978118161,12.0,14.0,95808,41932,161172,0,0,11,3.027169118440619,False,0.0003711952487008166,0.0002787068004459309,0,mix
2.690633999998681,1765.0,1368.0,1.289262235208181,11.0,14.0,95808,41932,161172,0,0,11,3.027169118440619,False,0.0003711952487008166,0.0002787068004459309,0,mix
2.730632999999216,1779.0,1369.0,1.2985401459854014,11.0,14.0,95808,41932,161172,0,0,11,3.027169118440619,False,0.0003711952487008166,0.0002787068004459309,0,mix
2.77186200000142,1765.0,1368.0,1.289262235208181,12.0,14.0,95808,41932,161172,0,0,11,3.027169118440619,False,0.0003711952487008166,0.0002787068004459309,0,mix
2.787769999995362,1765.0,1368.0,1.289262235208181,11.0,14.0,95808,41932,161172,0,0,11,3.027169118440619,False,0.0003711952487008166,0.0002787068004459309,0,mix
2.863094000000274,1923.0,2623.0,0.7328506097560976,13.0,16.0,95808,41932,161172,0,0,11,3.027169118440619,False,0.0003711952487008166,0.0002787068004459309,0,mix
2.908939000000828,1779.0,1369.0,1.2985401459854014,11.0,14.0,95808,41932,161172,0,0,11,3.027169118440619,False,0.0003711952487008166,0.0002787068004459309,0,mix
2.907524000002013,1840.0,5134.0,0.35832521908471276,12.0,16.0,95808,67117,161172,0,0,11,3.027169118440619,False,0.0003711952487008166,0.0002787068004459309,0,mix
2.971865999999863,1765.0,1368.0,1.289262235208181,11.0,14.0,95808,41932,161172,0,0,11,3.027169118440619,False,0.0003711952487008166,0.0002787068004459309,0,mix
2.9943619999976363,1779.0,1370.0,1.2975929978118161,11.0,14.0,95808,41932,161172,0,0,11,3.027169118440619,False,0.0003711952487008166,0.0002787068004459309,0,mix
3.030233000004955,11599.0,1519.0,7.630921052631579,20.0,23.0,95808,41932,161172,0,0,11,3.027169118440619,False,0.0003711952487008166,0.0002787068004459309,0,mix
3.085117999995418,1779.0,1370.0,1.2975929978118161,12.0,14.0,95808,41932,161172,0,0,11,3.027169118440619,False,0.0003711952487008166,0.0002787068004459309,0,mix
2.494745999996667,3393.0,2664.0,1.273170731707317,12.0,15.0,241151,175548,40599,0,0,15,3.0565647621309537,False,0.004608294930875576,0.005208333333333333,0,mix
13.12714699999924,1765.0,1368.0,1.289262235208181,12.0,14.0,95808,41932,161172,0,0,11,3.027169118440619,False,0.0003711952487008166,0.0002787068004459309,0,mix
3.135985000000801,1765.0,1367.0,1.2902046783625731,12.0,14.0,95808,41932,161172,0,0,11,3.027169118440619,False,0.0003711952487008166,0.0002787068004459309,0,mix
3.164052000000083,1779.0,1369.0,1.2985401459854014,12.0,14.0,95808,41932,161172,0,0,11,3.027169118440619,False,0.0003711952487008166,0.0002787068004459309,0,mix
3.190452000002551,1909.0,2475.0,0.7710016155088854,13.0,16.0,95808,41932,161172,0,0,11,3.027169118440619,False,0.0003711952487008166,0.0002787068004459309,0,mix
3.177799000004597,1779.0,1369.0,1.2985401459854014,12.0,14.0,95808,41932,161172,0,0,11,3.027169118440619,False,0.0003711952487008166,0.0002787068004459309,0,mix
3.247146999994584,1765.0,1368.0,1.289262235208181,12.0,14.0,95808,41932,161172,0,0,11,3.027169118440619,False,0.0003711952487008166,0.0002787068004459309,0,mix
3.291789000002609,1765.0,1368.0,1.289262235208181,11.0,14.0,95808,41932,161172,0,0,11,3.027169118440619,False,0.0003711952487008166,0.0002787068004459309,0,mix
3.288787999998021,1779.0,1370.0,1.2975929978118161,11.0,14.0,95808,41932,161172,0,0,11,3.027169118440619,False,0.0003711952487008166,0.0002787068004459309,0,mix
3.349291000005905,1765.0,1368.0,1.289262235208181,11.0,14.0,95808,41932,161172,0,0,11,3.027169118440619,False,0.0003711952487008166,0.0002787068004459309,0,mix
3.374393999998574,11590.0,1473.0,7.862957937584803,20.0,23.0,95808,41932,161172,0,0,11,3.027169118440619,False,0.0003711952487008166,0.0002787068004459309,0,mix
3.36335799999506,1779.0,1370.0,1.2975929978118161,11.0,14.0,95808,41932,161172,0,0,11,3.027169118440619,False,0.0003711952487008166,0.0002787068004459309,0,mix
3.431215999997221,1765.0,1369.0,1.2883211678832116,11.0,14.0,95808,41932,161172,0,0,11,3.027169118440619,False,0.0003711952487008166,0.0002787068004459309,0,mix
3.463014000000839,1765.0,1368.0,1.289262235208181,11.0,14.0,95808,41932,161172,0,0,11,3.027169118440619,False,0.0003711952487008166,0.0002787068004459309,0,mix
3.4670220000043632,1923.0,2452.0,0.7839380350591113,13.0,16.0,95808,41932,161172,0,0,11,3.027169118440619,False,0.0003711952487008166,0.0002787068004459309,0,mix
3.516720999999961,1765.0,1368.0,1.289262235208181,11.0,14.0,95808,41932,161172,0,0,11,3.027169118440619,False,0.0003711952487008166,0.0002787068004459309,0,mix
3.552444000000832,1765.0,1368.0,1.289262235208181,11.0,14.0,95808,41932,161172,0,0,11,3.027169118440619,False,0.0003711952487008166,0.0002787068004459309,0,mix
3.59574799999973,1779.0,1370.0,1.2975929978118161,12.0,14.0,95808,41932,161172,0,0,11,3.027169118440619,False,0.0003711952487008166,0.0002787068004459309,0,mix
3.628268000000389,1765.0,1368.0,1.289262235208181,11.0,14.0,95808,41932,161172,0,0,11,3.027169118440619,False,0.0003711952487008166,0.0002787068004459309,0,mix
3.601719999998749,1765.0,1369.0,1.2883211678832116,11.0,14.0,95808,41932,161172,0,0,11,3.027169118440619,False,0.0003711952487008166,0.0002787068004459309,0,mix
3.681666000004043,1779.0,1369.0,1.2985401459854014,12.0,14.0,95808,41932,161172,0,0,11,3.027169118440619,False,0.0003711952487008166,0.0002787068004459309,0,mix
11.082625999995798,3487.0,2829.0,1.2321554770318022,12.0,15.0,241151,175548,40599,0,0,15,3.0565647621309537,False,0.004608294930875576,0.005208333333333333,0,mix
3.70592200000101,11599.0,1519.0,7.630921052631579,20.0,23.0,95808,41932,161172,0,0,11,3.027169118440619,False,0.0003711952487008166,0.0002787068004459309,0,mix
3.730822999998054,1765.0,1368.0,1.289262235208181,11.0,14.0,95808,41932,161172,0,0,11,3.027169118440619,False,0.0003711952487008166,0.0002787068004459309,0,mix
3.772252999995544,1779.0,1370.0,1.2975929978118161,11.0,14.0,95808,41932,161172,0,0,11,3.027169118440619,False,0.0003711952487008166,0.0002787068004459309,0,mix
3.8134080000018,1909.0,2629.0,0.7258555133079848,13.0,16.0,95808,41932,161172,0,0,11,3.027169118440619,False,0.0003711952487008166,0.0002787068004459309,0,mix
3.818952000001445,1779.0,1370.0,1.2975929978118161,11.0,14.0,95808,41932,161172,0,0,11,3.027169118440619,False,0.0003711952487008166,0.0002787068004459309,0,mix
3.849249999999301,1765.0,1368.0,1.289262235208181,12.0,14.0,95808,41932,161172,0,0,11,3.027169118440619,False,0.0003711952487008166,0.0002787068004459309,0,mix
3.878203000000212,1765.0,1367.0,1.2902046783625731,12.0,14.0,95808,41932,161172,0,0,11,3.027169118440619,False,0.0003711952487008166,0.0002787068004459309,0,mix
3.888156999993953,1779.0,1368.0,1.2994886778670562,12.0,14.0,95808,41932,161172,0,0,11,3.027169118440619,False,0.0003711952487008166,0.0002787068004459309,0,mix
3.945427999999083,1765.0,1368.0,1.289262235208181,11.0,14.0,95808,41932,161172,0,0,11,3.027169118440619,False,0.0003711952487008166,0.0002787068004459309,0,mix
3.97198699999717,1765.0,1368.0,1.289262235208181,11.0,14.0,95808,41932,161172,0,0,11,3.027169118440619,False,0.0003711952487008166,0.0002787068004459309,0,mix
3.992326999999932,1779.0,1370.0,1.2975929978118161,11.0,14.0,95808,41932,161172,0,0,11,3.027169118440619,False,0.0003711952487008166,0.0002787068004459309,0,mix
4.031341000001703,11621.0,1473.0,7.883989145183175,20.0,23.0,95808,41932,161172,0,0,11,3.027169118440619,False,0.0003711952487008166,0.0002787068004459309,0,mix
4.076570999997784,1779.0,1370.0,1.2975929978118161,11.0,14.0,95808,41932,161172,0,0,11,3.027169118440619,False,0.0003711952487008166,0.0002787068004459309,0,mix
4.087479000001622,1909.0,2463.0,0.7747564935064936,13.0,16.0,95808,41932,161172,0,0,11,3.027169118440619,False,0.0003711952487008166,0.0002787068004459309,0,mix
4.127277999999933,1765.0,1368.0,1.289262235208181,11.0,14.0,95808,41932,161172,0,0,11,3.027169118440619,False,0.0003711952487008166,0.0002787068004459309,0,mix
4.165069000002404,1779.0,1370.0,1.2975929978118161,11.0,14.0,95808,41932,161172,0,0,11,3.027169118440619,False,0.0003711952487008166,0.0002787068004459309,0,mix
4.169888000003993,1765.0,1369.0,1.2883211678832116,12.0,14.0,95808,41932,161172,0,0,11,3.027169118440619,False,0.0003711952487008166,0.0002787068004459309,0,mix
4.214095000002999,1765.0,1369.0,1.2883211678832116,12.0,14.0,95808,41932,161172,0,0,11,3.027169118440619,False,0.0003711952487008166,0.0002787068004459309,0,mix
4.256107000001066,1779.0,1370.0,1.2975929978118161,11.0,14.0,95808,41932,161172,0,0,11,3.027169118440619,False,0.0003711952487008166,0.0002787068004459309,0,mix
4.269589000003179,1765.0,1368.0,1.289262235208181,12.0,14.0,95808,41932,161172,0,0,11,3.027169118440619,False,0.0003711952487008166,0.0002787068004459309,0,mix
9.736831000001985,3548.0,3174.0,1.1174803149606298,13.0,16.0,241151,175548,40599,0,0,15,3.0565647621309537,False,0.004608294930875576,0.005208333333333333,0,mix
4.358420999997179,1779.0,1369.0,1.2985401459854014,12.0,14.0,95808,41932,161172,0,0,11,3.027169118440619,False,0.0003711952487008166,0.0002787068004459309,0,mix
4.385139000005438,1765.0,1368.0,1.289262235208181,11.0,14.0,95808,41932,161172,0,0,11,3.027169118440619,False,0.0003711952487008166,0.0002787068004459309,0,mix
4.393960000001243,11627.0,1496.0,7.76686706746827,20.0,23.0,95808,41932,161172,0,0,11,3.027169118440619,False,0.0003711952487008166,0.0002787068004459309,0,mix
4.455331000004662,1909.0,2459.0,0.7760162601626016,14.0,17.0,95808,41932,161172,0,0,11,3.027169118440619,False,0.0003711952487008166,0.0002787068004459309,0,mix
4.467621000003419,1765.0,1368.0,1.289262235208181,12.0,14.0,95808,41932,161172,0,0,11,3.027169118440619,False,0.0003711952487008166,0.0002787068004459309,0,mix
4.490666999998211,1779.0,1369.0,1.2985401459854014,12.0,14.0,95808,41932,161172,0,0,11,3.027169118440619,False,0.0003711952487008166,0.0002787068004459309,0,mix
4.524271000002045,1765.0,1369.0,1.2883211678832116,11.0,14.0,95808,41932,161172,0,0,11,3.027169118440619,False,0.0003711952487008166,0.0002787068004459309,0,mix
4.561095999997633,1765.0,1369.0,1.2883211678832116,12.0,14.0,95808,41932,161172,0,0,11,3.027169118440619,False,0.0003711952487008166,0.0002787068004459309,0,mix
4.589939999998023,1779.0,1370.0,1.2975929978118161,12.0,14.0,95808,41932,161172,0,0,11,3.027169118440619,False,0.0003711952487008166,0.0002787068004459309,0,mix
4.639193000002706,1765.0,1371.0,1.2864431486880465,11.0,14.0,95808,41932,161172,0,0,11,3.027169118440619,False,0.0003711952487008166,0.0002787068004459309,0,mix
4.678204999996524,1765.0,1368.0,1.289262235208181,11.0,14.0,95808,41932,161172,0,0,11,3.027169118440619,False,0.0003711952487008166,0.0002787068004459309,0,mix
4.6674999999959255,1779.0,1372.0,1.2957028404952657,11.0,14.0,95808,41932,161172,0,0,11,3.027169118440619,False,0.0003711952487008166,0.0002787068004459309,0,mix
4.730008999998972,1765.0,1367.0,1.2902046783625731,11.0,14.0,95808,41932,161172,0,0,11,3.027169118440619,False,0.0003711952487008166,0.0002787068004459309,0,mix
4.757248999994772,11767.0,2595.0,4.532742681047766,21.0,25.0,95808,41932,161172,0,0,11,3.027169118440619,False,0.0003711952487008166,0.0002787068004459309,0,mix
4.7699050000010175,1779.0,1371.0,1.2966472303206997,11.0,14.0,95808,41932,161172,0,0,11,3.027169118440619,False,0.0003711952487008166,0.0002787068004459309,0,mix
4.819251000000804,1765.0,1370.0,1.287381473377097,11.0,14.0,95808,41932,161172,0,0,11,3.027169118440619,False,0.0003711952487008166,0.0002787068004459309,0,mix
4.853729000002204,1765.0,1367.0,1.2902046783625731,11.0,14.0,95808,41932,161172,0,0,11,3.027169118440619,False,0.0003711952487008166,0.0002787068004459309,0,mix
4.88864299999841,1779.0,1371.0,1.2966472303206997,11.0,14.0,95808,41932,161172,0,0,11,3.027169118440619,False,0.0003711952487008166,0.0002787068004459309,0,mix
4.929846999999427,1765.0,1368.0,1.289262235208181,11.0,14.0,95808,41932,161172,0,0,11,3.027169118440619,False,0.0003711952487008166,0.0002787068004459309,0,mix
4.964722000004258,1779.0,1372.0,1.2957028404952657,12.0,14.0,95808,41932,161172,0,0,11,3.027169118440619,False,0.0003711952487008166,0.0002787068004459309,0,mix
9.402099999999336,3626.0,2640.0,1.3729647860658842,13.0,17.0,241151,175548,40599,0,0,15,3.0565647621309537,False,0.004608294930875576,0.005208333333333333,0,mix
4.988839999998163,1765.0,1368.0,1.289262235208181,11.0,14.0,95808,41932,161172,0,0,11,3.027169118440619,False,0.0003711952487008166,0.0002787068004459309,0,mix
5.017185999997309,1765.0,1368.0,1.289262235208181,12.0,14.0,95808,41932,161172,0,0,11,3.027169118440619,False,0.0003711952487008166,0.0002787068004459309,0,mix
5.057261000001745,1779.0,1369.0,1.2985401459854014,12.0,14.0,95808,41932,161172,0,0,11,3.027169118440619,False,0.0003711952487008166,0.0002787068004459309,0,mix
5.050904000003356,14750.0,2725.0,5.410858400586941,23.0,27.0,95808,41932,161172,0,0,11,3.027169118440619,False,0.0003711952487008166,0.0002787068004459309,0,mix
5.130131999998412,1779.0,1370.0,1.2975929978118161,11.0,14.0,95808,41932,161172,0,0,11,3.027169118440619,False,0.0003711952487008166,0.0002787068004459309,0,mix
5.169629999996687,1765.0,1368.0,1.289262235208181,11.0,14.0,95808,41932,161172,0,0,11,3.027169118440619,False,0.0003711952487008166,0.0002787068004459309,0,mix
5.179246000006969,1765.0,1367.0,1.2902046783625731,11.0,14.0,95808,41932,161172,0,0,11,3.027169118440619,False,0.0003711952487008166,0.0002787068004459309,0,mix
5.21368000000075,1779.0,1371.0,1.2966472303206997,12.0,14.0,95808,41932,161172,0,0,11,3.027169118440619,False,0.0003711952487008166,0.0002787068004459309,0,mix
5.256715000003169,1765.0,1369.0,1.2883211678832116,12.0,14.0,95808,41932,161172,0,0,11,3.027169118440619,False,0.0003711952487008166,0.0002787068004459309,0,mix
5.256785999998101,1765.0,1369.0,1.2883211678832116,11.0,14.0,95808,41932,161172,0,0,11,3.027169118440619,False,0.0003711952487008166,0.0002787068004459309,0,mix
5.293042999997851,1779.0,1371.0,1.2966472303206997,11.0,14.0,95808,41932,161172,0,0,11,3.027169118440619,False,0.0003711952487008166,0.0002787068004459309,0,mix
5.328014999999141,1765.0,1370.0,1.287381473377097,11.0,14.0,95808,41932,161172,0,0,11,3.027169118440619,False,0.0003711952487008166,0.0002787068004459309,0,mix
5.341992000001483,1765.0,1368.0,1.289262235208181,11.0,14.0,95808,41932,161172,0,0,11,3.027169118440619,False,0.0003711952487008166,0.0002787068004459309,0,mix
5.392036999997799,1923.0,2501.0,0.7685851318944844,13.0,16.0,95808,41932,161172,0,0,11,3.027169118440619,False,0.0003711952487008166,0.0002787068004459309,0,mix
5.42397300000448,11616.0,1496.0,7.759519038076152,20.0,23.0,95808,41932,161172,0,0,11,3.027169118440619,False,0.0003711952487008166,0.0002787068004459309,0,mix
5.5388700000039535,1765.0,1370.0,1.287381473377097,11.0,14.0,95808,41932,161172,0,0,11,3.027169118440619,False,0.0003711952487008166,0.0002787068004459309,0,mix
5.497631999998703,1779.0,1369.0,1.2985401459854014,12.0,14.0,95808,41932,161172,0,0,11,3.027169118440619,False,0.0003711952487008166,0.0002787068004459309,0,mix
8.933174000005238,12800.0,40617.0,0.31513122261066523,37.0,68.0,95808,41932,161172,0,0,11,3.027169118440619,False,0.0003711952487008166,0.0002787068004459309,0,mix
6.147086000004492,1813.0,4479.0,0.4046875,12.0,16.0,95808,67117,161172,0,0,23,3.6211755429194716,False,0.09090909090909091,0.0002787068004459309,0,mix
6.015347000000474,1673.0,4429.0,0.3776523702031603,14.0,18.0,95808,67117,161172,0,0,21,3.6304126608739975,False,0.06666666666666667,0.0002787068004459309,0,mix
5.573586999998952,1142.0,23470.0,0.04865578799369435,18.0,35.0,95808,69425,161172,0,0,13,3.3927474104487847,False,0.022222222222222223,0.0002787068004459309,0,mix
5.390282000000298,10146.0,16133.0,0.6288583116400148,48.0,67.0,241151,175548,40599,0,0,15,3.0565647621309537,False,0.004608294930875576,0.005208333333333333,0,mix
9.387793000001691,2637.0,1243.0,2.119774919614148,12.0,15.0,241151,175548,40599,0,0,15,3.0565647621309537,False,0.004608294930875576,0.005208333333333333,0,mix
8.249839000003703,1508.0,59366.0,0.025401317230111003,27.0,60.0,95808,30502,161172,0,0,15,3.1898980954642866,False,0.5,0.0002787068004459309,0,mix
8.242322999998578,775.0,4759.0,0.16281512605042017,10.0,10.0,95808,30502,161172,0,0,15,3.1898980954642866,False,0.5,0.0002787068004459309,0,mix
7.95792999999685,2404.0,6221.0,0.38637094181935067,12.0,14.0,95808,23738,161172,0,0,35,4.022738561139235,False,0.5,0.0002787068004459309,0,mix
7.955419999998412,2436.0,6277.0,0.3880216629499841,11.0,14.0,95808,23738,161172,0,0,35,4.022738561139235,False,0.5,0.0002787068004459309,0,mix
7.962016000004951,1863.0,981091.0,0.0018989044860216982,145.0,711.0,95808,30502,161172,0,0,11,3.0957952550009344,False,0.16666666666666666,0.0002787068004459309,0,mix
0.140481999995245,775.0,4761.0,0.1627467450650987,9.0,10.0,95808,30502,161172,0,0,11,3.0957952550009344,False,0.16666666666666666,0.0002787068004459309,0,mix
0.14399499999854,775.0,4759.0,0.16281512605042017,9.0,10.0,95808,30502,161172,0,0,11,3.0957952550009344,False,0.16666666666666666,0.0002787068004459309,0,mix
0.144734000001335,775.0,4760.0,0.16278092837639152,9.0,10.0,95808,30502,161172,0,0,11,3.0957952550009344,False,0.16666666666666666,0.0002787068004459309,0,mix
0.146004999995057,775.0,4761.0,0.1627467450650987,8.0,9.0,95808,30502,161172,0,0,11,3.0957952550009344,False,0.16666666666666666,0.0002787068004459309,0,mix
0.147808000001532,775.0,4761.0,0.1627467450650987,9.0,10.0,95808,30502,161172,0,0,11,3.0957952550009344,False,0.16666666666666666,0.0002787068004459309,0,mix
4.835742000002938,1341.0,7476.0,0.179350006687174,13.0,18.0,95808,30502,161172,0,0,65,4.599237144351257,False,0.5,0.0002787068004459309,0,mix
4.829503000000841,775.0,4761.0,0.1627467450650987,10.0,10.0,95808,30502,161172,0,0,65,4.599237144351257,False,0.5,0.0002787068004459309,0,mix
2.420536999998148,1464.0,11939.0,0.12261306532663317,15.0,25.0,95808,30502,161172,0,0,13,3.238901256602631,False,0.5,0.0002787068004459309,0,mix
0.134204999994835,775.0,4069.0,0.1904176904176904,8.0,9.0,95808,30502,161172,0,0,13,3.238901256602631,False,0.5,0.0002787068004459309,0,mix
2.402732999995351,1321.0,7852.0,0.1682159684197122,12.0,18.0,95808,220620,161172,0,0,11,2.9139770731827523,False,1.0,0.0002787068004459309,0,mix
0.358464999997522,1386.0,4075.0,0.34003925417075564,12.0,15.0,95808,220620,161172,0,0,22,3.6635327548042538,False,1.0,0.0002787068004459309,0,mix
4.454074000001128,1278.0,3877.0,0.32955131511088187,11.0,15.0,95808,220620,161172,0,0,73,4.65230632658512,False,1.0,0.0002787068004459309,0,mix
4.451437000003352,1278.0,3878.0,0.3294663573085847,11.0,15.0,95808,220620,161172,0,0,73,4.582177347423974,False,1.0,0.0002787068004459309,0,mix
1.934384000000136,2959.0,29168.0,0.10144331310638006,19.0,39.0,241151,175548,40599,0,0,15,3.0565647621309537,False,0.004608294930875576,0.005208333333333333,0,mix
0.648259000001417,3838.0,3030.0,1.2662487627845596,14.0,16.0,12919,86241,161172,0,0,29,3.9262723741395082,False,0.3333333333333333,0.0048543689320388345,0,mix
9.031499999997322,3253.0,2561.0,1.269711163153786,13.0,16.0,241151,175548,40599,0,0,15,3.0565647621309537,False,0.004608294930875576,0.005208333333333333,0,mix
7.757162000001699,1105.0,2298984.0,0.00048064689417286324,225.0,1840.0,95808,125552,161172,0,0,13,3.3927474104487847,False,0.25,0.0002787068004459309,0,mix
7.75887800000055,643.0,5467.0,0.1175932699341624,9.0,11.0,95808,125552,161172,0,0,13,3.3927474104487847,False,0.25,0.0002787068004459309,0,mix
1.9966400000048448,1791.0,1265.0,1.414691943127962,11.0,14.0,95808,41932,161172,0,0,11,3.027169118440619,False,0.0003711952487008166,0.0002787068004459309,0,mix
7.130273000002489,3314.0,2713.0,1.2210759027266027,12.0,15.0,241151,175548,40599,0,0,15,3.0565647621309537,False,0.004608294930875576,0.005208333333333333,0,mix
0.092213000003539,1106.0,4330.0,0.25536827522512123,12.0,16.0,12919,67117,161172,0,0,15,3.32323142879762,False,0.037037037037037035,0.0048543689320388345,0,mix
10.017576000005649,1998.0,5335.0,0.37443778110944526,14.0,18.0,95808,67117,161172,0,0,15,3.32323142879762,False,0.037037037037037035,0.0002787068004459309,0,mix
5.273780000003171,1792.0,3486.0,0.5139088041296244,12.0,17.0,95808,41932,161172,0,0,11,3.027169118440619,False,0.0003711952487008166,0.0002787068004459309,0,mix
5.701698000004399,643.0,4198.0,0.1531316980233389,8.0,12.0,95808,69425,161172,0,0,13,3.3927474104487847,False,0.03225806451612903,0.0002787068004459309,0,mix
5.733255999999528,1954.0,83967.0,0.02327076981707317,32.0,108.0,95808,67117,161172,0,0,11,3.027169118440619,False,0.0003711952487008166,0.0002787068004459309,0,mix
2.615429000004951,1607.0,130526.0,0.012311629011622116,32.0,109.0,95808,41932,161172,0,0,11,3.027169118440619,False,0.0003711952487008166,0.0002787068004459309,0,mix
1.441591000002517,775.0,3584.0,0.21617852161785217,8.0,9.0,95808,220620,161172,0,0,27,3.624171760941958,False,0.05,0.0002787068004459309,0,mix
1.298117999998794,1935.0,3545.0,0.5456852791878173,12.0,15.0,95808,203200,40599,0,0,14,2.8423709931771093,False,0.05263157894736842,0.0002787068004459309,0,mix
0.977074999995238,2056.0,295874.0,0.0069488804393747355,74.0,299.0,95808,69425,161172,0,0,13,3.3927474104487847,False,0.022222222222222223,0.0002787068004459309,0,mix
0.1711060000016,643.0,4198.0,0.1531316980233389,9.0,10.0,95808,69425,161172,0,0,13,3.3927474104487847,False,0.03225806451612903,0.0002787068004459309,0,mix
9.170267000001331,775.0,3584.0,0.21617852161785217,9.0,10.0,95808,220620,161172,0,0,27,3.624171760941958,False,0.05,0.0002787068004459309,0,mix
9.129886999995506,1666.0,16083.0,0.10358119870678936,19.0,34.0,95808,69425,161172,0,0,13,3.3927474104487847,False,0.03225806451612903,0.0002787068004459309,0,mix
8.889898000001267,955.0,5490.0,0.17392096157348388,12.0,17.0,12919,67117,161172,0,0,11,3.027169118440619,False,0.0003711952487008166,0.0048543689320388345,0,mix
8.193371000001207,775.0,4759.0,0.16281512605042017,10.0,11.0,95808,30502,161172,0,0,19,3.4713544870139295,False,0.2,0.0002787068004459309,0,mix
7.996879999998782,13746.0,28707.0,0.4788212344990943,44.0,67.0,95808,41932,161172,0,0,11,3.027169118440619,False,0.0003711952487008166,0.0002787068004459309,0,mix
6.019464999997581,1633.0,60812.0,0.02685281107657902,30.0,76.0,95808,72598,161172,0,0,13,3.085055102756477,False,0.5,0.0002787068004459309,0,mix
5.907729999998992,643.0,4278.0,0.15026875438186493,9.0,10.0,95808,72598,161172,0,0,13,3.085055102756477,False,0.5,0.0002787068004459309,0,mix
6.323276000002806,1790.0,4479.0,0.39955357142857145,12.0,17.0,95808,67117,161172,0,0,23,3.6211755429194716,False,0.09090909090909091,0.0002787068004459309,0,mix
6.308841999998549,1649.0,4428.0,0.37231880785730415,13.0,18.0,95808,67117,161172,0,0,21,3.6304126608739975,False,0.06666666666666667,0.0002787068004459309,0,mix
7.343645000000833,1747.0,1383.0,1.2622832369942196,11.0,14.0,95808,41932,161172,0,0,11,3.027169118440619,False,0.0003711952487008166,0.0002787068004459309,0,mix
7.359002000004693,1733.0,1384.0,1.2512635379061372,11.0,14.0,95808,41932,161172,0,0,11,3.027169118440619,False,0.0003711952487008166,0.0002787068004459309,0,mix
7.383218999995734,1834.0,1668.0,1.0988615937687238,13.0,16.0,95808,41932,161172,0,0,11,3.027169118440619,False,0.0003711952487008166,0.0002787068004459309,0,mix
7.046470000001136,2112.0,1438.0,1.4676858929812369,14.0,17.0,213012,175548,40599,0,0,15,3.0565647621309537,False,0.004608294930875576,0.14285714285714285,0,mix
7.399721000001591,1733.0,1384.0,1.2512635379061372,12.0,14.0,95808,41932,161172,0,0,11,3.027169118440619,False,0.0003711952487008166,0.0002787068004459309,0,mix
7.404041000001598,1733.0,1383.0,1.2521676300578035,11.0,14.0,95808,41932,161172,0,0,11,3.027169118440619,False,0.0003711952487008166,0.0002787068004459309,0,mix
7.424699999995937,1834.0,1667.0,1.0995203836930456,13.0,16.0,95808,41932,161172,0,0,11,3.027169118440619,False,0.0003711952487008166,0.0002787068004459309,0,mix
7.445337999997719,1733.0,1383.0,1.2521676300578035,11.0,14.0,95808,41932,161172,0,0,11,3.027169118440619,False,0.0003711952487008166,0.0002787068004459309,0,mix
7.473846000000776,1733.0,1384.0,1.2512635379061372,11.0,14.0,95808,41932,161172,0,0,11,3.027169118440619,False,0.0003711952487008166,0.0002787068004459309,0,mix
3.473975000000791,3433.0,3044.0,1.1274220032840723,14.0,18.0,241151,175548,40599,0,0,15,3.0565647621309537,False,0.004608294930875576,0.005208333333333333,0,mix
7.498862000000372,1834.0,1668.0,1.0988615937687238,13.0,16.0,95808,41932,161172,0,0,11,3.027169118440619,False,0.0003711952487008166,0.0002787068004459309,0,mix
7.526835999997274,1733.0,1384.0,1.2512635379061372,11.0,14.0,95808,41932,161172,0,0,11,3.027169118440619,False,0.0003711952487008166,0.0002787068004459309,0,mix
7.549817999999504,1733.0,1384.0,1.2512635379061372,11.0,14.0,95808,41932,161172,0,0,11,3.027169118440619,False,0.0003711952487008166,0.0002787068004459309,0,mix
7.566514000005554,1834.0,1668.0,1.0988615937687238,13.0,16.0,95808,41932,161172,0,0,11,3.027169118440619,False,0.0003711952487008166,0.0002787068004459309,0,mix
7.576464999998279,12327.0,1489.0,8.273154362416108,21.0,24.0,95808,41932,161172,0,0,11,3.027169118440619,False,0.0003711952487008166,0.0002787068004459309,0,mix
7.608563000001595,1733.0,1383.0,1.2521676300578035,11.0,14.0,95808,41932,161172,0,0,11,3.027169118440619,False,0.0003711952487008166,0.0002787068004459309,0,mix
7.633295999999973,1848.0,1668.0,1.1072498502097063,13.0,16.0,95808,41932,161172,0,0,11,3.027169118440619,False,0.0003711952487008166,0.0002787068004459309,0,mix
7.639437999998336,1733.0,1382.0,1.2530730296456978,11.0,14.0,95808,41932,161172,0,0,11,3.027169118440619,False,0.0003711952487008166,0.0002787068004459309,0,mix
7.661093000002438,1733.0,1384.0,1.2512635379061372,11.0,14.0,95808,41932,161172,0,0,11,3.027169118440619,False,0.0003711952487008166,0.0002787068004459309,0,mix
7.676752999999735,1834.0,1668.0,1.0988615937687238,13.0,16.0,95808,41932,161172,0,0,11,3.027169118440619,False,0.0003711952487008166,0.0002787068004459309,0,mix
7.703552999999374,1733.0,1384.0,1.2512635379061372,11.0,14.0,95808,41932,161172,0,0,11,3.027169118440619,False,0.0003711952487008166,0.0002787068004459309,0,mix
7.724256000001333,1733.0,1384.0,1.2512635379061372,11.0,14.0,95808,41932,161172,0,0,11,3.027169118440619,False,0.0003711952487008166,0.0002787068004459309,0,mix
7.72427400000015,1834.0,1668.0,1.0988615937687238,12.0,14.0,95808,41932,161172,0,0,11,3.027169118440619,False,0.0003711952487008166,0.0002787068004459309,0,mix
7.743656999999075,1733.0,1384.0,1.2512635379061372,12.0,14.0,95808,41932,161172,0,0,11,3.027169118440619,False,0.0003711952487008166,0.0002787068004459309,0,mix
7.765925000006973,1733.0,1384.0,1.2512635379061372,11.0,14.0,95808,41932,161172,0,0,11,3.027169118440619,False,0.0003711952487008166,0.0002787068004459309,0,mix
7.77121199999965,1834.0,1668.0,1.0988615937687238,13.0,16.0,95808,41932,161172,0,0,11,3.027169118440619,False,0.0003711952487008166,0.0002787068004459309,0,mix
7.793206999995164,1733.0,1384.0,1.2512635379061372,12.0,14.0,95808,41932,161172,0,0,11,3.027169118440619,False,0.0003711952487008166,0.0002787068004459309,0,mix
7.831579999998212,1733.0,1385.0,1.2503607503607503,11.0,14.0,95808,41932,161172,0,0,11,3.027169118440619,False,0.0003711952487008166,0.0002787068004459309,0,mix
7.847419999998237,1834.0,1667.0,1.0995203836930456,13.0,16.0,95808,41932,161172,0,0,11,3.027169118440619,False,0.0003711952487008166,0.0002787068004459309,0,mix
7.843511999999464,1733.0,1384.0,1.2512635379061372,12.0,14.0,95808,41932,161172,0,0,11,3.027169118440619,False,0.0003711952487008166,0.0002787068004459309,0,mix
7.877044999993814,1733.0,1384.0,1.2512635379061372,10.0,12.0,95808,41932,161172,0,0,11,3.027169118440619,False,0.0003711952487008166,0.0002787068004459309,0,mix
7.917087000001629,14450.0,2974.0,4.857142857142857,24.0,27.0,95808,41932,161172,0,0,11,3.027169118440619,False,0.0003711952487008166,0.0002787068004459309,0,mix
0.372063000002526,2061.0,4059.0,0.5076354679802956,9.0,10.0,73616,250421,233433,0,0,21,3.689703732199547,False,0.09090909090909091,0.07142857142857142,0,mix
7.949209999998857,1733.0,1384.0,1.2512635379061372,11.0,14.0,95808,41932,161172,0,0,11,3.027169118440619,False,0.0003711952487008166,0.0002787068004459309,0,mix
7.964872000004107,1733.0,1384.0,1.2512635379061372,10.0,12.0,95808,41932,161172,0,0,11,3.027169118440619,False,0.0003711952487008166,0.0002787068004459309,0,mix
7.98224100000516,1834.0,1664.0,1.1015015015015015,12.0,14.0,95808,41932,161172,0,0,11,3.027169118440619,False,0.0003711952487008166,0.0002787068004459309,0,mix
8.019060999999056,1733.0,1383.0,1.2521676300578035,11.0,14.0,95808,41932,161172,0,0,11,3.027169118440619,False,0.0003711952487008166,0.0002787068004459309,0,mix
8.037045000004582,1733.0,1383.0,1.2521676300578035,11.0,14.0,95808,41932,161172,0,0,11,3.027169118440619,False,0.0003711952487008166,0.0002787068004459309,0,mix
8.021903000000748,1834.0,1737.0,1.0552359033371692,13.0,16.0,95808,41932,161172,0,0,11,3.027169118440619,False,0.0003711952487008166,0.0002787068004459309,0,mix
8.07531900000322,1733.0,1384.0,1.2512635379061372,11.0,14.0,95808,41932,161172,0,0,11,3.027169118440619,False,0.0003711952487008166,0.0002787068004459309,0,mix
8.107438999999431,1733.0,1384.0,1.2512635379061372,11.0,14.0,95808,41932,161172,0,0,11,3.027169118440619,False,0.0003711952487008166,0.0002787068004459309,0,mix
3.083560999999463,3512.0,2577.0,1.3622963537626067,14.0,18.0,241151,175548,40599,0,0,15,3.0565647621309537,False,0.004608294930875576,0.005208333333333333,0,mix
8.105304999997315,1834.0,1667.0,1.0995203836930456,12.0,14.0,95808,41932,161172,0,0,11,3.027169118440619,False,0.0003711952487008166,0.0002787068004459309,0,mix
8.153929000000062,1733.0,1383.0,1.2521676300578035,12.0,14.0,95808,41932,161172,0,0,11,3.027169118440619,False,0.0003711952487008166,0.0002787068004459309,0,mix
8.142762999996194,1733.0,1383.0,1.2521676300578035,11.0,12.0,95808,41932,161172,0,0,11,3.027169118440619,False,0.0003711952487008166,0.0002787068004459309,0,mix
8.150489000006928,1834.0,1667.0,1.0995203836930456,13.0,16.0,95808,41932,161172,0,0,11,3.027169118440619,False,0.0003711952487008166,0.0002787068004459309,0,mix
8.200188000002527,1733.0,1385.0,1.2503607503607503,11.0,14.0,95808,41932,161172,0,0,11,3.027169118440619,False,0.0003711952487008166,0.0002787068004459309,0,mix
8.225350000000617,1733.0,1384.0,1.2512635379061372,11.0,14.0,95808,41932,161172,0,0,11,3.027169118440619,False,0.0003711952487008166,0.0002787068004459309,0,mix
8.214774000000034,1848.0,1666.0,1.1085782843431313,13.0,16.0,95808,41932,161172,0,0,11,3.027169118440619,False,0.0003711952487008166,0.0002787068004459309,0,mix
8.2554850000015,1733.0,1384.0,1.2512635379061372,10.0,12.0,95808,41932,161172,0,0,11,3.027169118440619,False,0.0003711952487008166,0.0002787068004459309,0,mix
8.26585299999715,1733.0,1383.0,1.2521676300578035,11.0,12.0,95808,41932,161172,0,0,11,3.027169118440619,False,0.0003711952487008166,0.0002787068004459309,0,mix
8.30239000000438,1834.0,1667.0,1.0995203836930456,13.0,16.0,95808,41932,161172,0,0,11,3.027169118440619,False,0.0003711952487008166,0.0002787068004459309,0,mix
8.316274999997404,1733.0,1385.0,1.2503607503607503,11.0,14.0,95808,41932,161172,0,0,11,3.027169118440619,False,0.0003711952487008166,0.0002787068004459309,0,mix
8.3130170000004,12167.0,1488.0,8.171255876427132,20.0,22.0,95808,41932,161172,0,0,11,3.027169118440619,False,0.0003711952487008166,0.0002787068004459309,0,mix
8.354996000001847,1848.0,1666.0,1.1085782843431313,13.0,16.0,95808,41932,161172,0,0,11,3.027169118440619,False,0.0003711952487008166,0.0002787068004459309,0,mix
8.37854900000093,1733.0,1383.0,1.2521676300578035,12.0,14.0,95808,41932,161172,0,0,11,3.027169118440619,False,0.0003711952487008166,0.0002787068004459309,0,mix
8.386753000006138,1733.0,1385.0,1.2503607503607503,11.0,14.0,95808,41932,161172,0,0,11,3.027169118440619,False,0.0003711952487008166,0.0002787068004459309,0,mix
8.41434599999775,1834.0,1838.0,0.9972811310494835,13.0,16.0,95808,41932,161172,0,0,11,3.027169118440619,False,0.0003711952487008166,0.0002787068004459309,0,mix
8.427409999996598,1733.0,1385.0,1.2503607503607503,11.0,14.0,95808,41932,161172,0,0,11,3.027169118440619,False,0.0003711952487008166,0.0002787068004459309,0,mix
8.034898999998404,610.0,3007.0,0.20279255319148937,9.0,9.0,12919,224797,161172,0,0,29,3.71937582241537,False,0.08333333333333333,0.0048543689320388345,0,mix
8.475503000001481,1733.0,1384.0,1.2512635379061372,12.0,14.0,95808,41932,161172,0,0,11,3.027169118440619,False,0.0003711952487008166,0.0002787068004459309,0,mix
8.449682999998913,1834.0,1667.0,1.0995203836930456,12.0,14.0,95808,41932,161172,0,0,11,3.027169118440619,False,0.0003711952487008166,0.0002787068004459309,0,mix
8.490169999997306,1733.0,1384.0,1.2512635379061372,11.0,14.0,95808,41932,161172,0,0,11,3.027169118440619,False,0.0003711952487008166,0.0002787068004459309,0,mix
8.522435000006226,1733.0,1385.0,1.2503607503607503,12.0,14.0,95808,41932,161172,0,0,11,3.027169118440619,False,0.0003711952487008166,0.0002787068004459309,0,mix
8.518556000002718,1954.0,2820.0,0.6926621765331443,15.0,18.0,95808,41932,161172,0,0,11,3.027169118440619,False,0.0003711952487008166,0.0002787068004459309,0,mix
8.596902000004775,1733.0,1383.0,1.2521676300578035,12.0,14.0,95808,41932,161172,0,0,11,3.027169118440619,False,0.0003711952487008166,0.0002787068004459309,0,mix
8.568921000005503,1733.0,1384.0,1.2512635379061372,12.0,14.0,95808,41932,161172,0,0,11,3.027169118440619,False,0.0003711952487008166,0.0002787068004459309,0,mix
8.573276000002807,12258.0,1772.0,6.913705583756345,21.0,24.0,95808,41932,161172,0,0,11,3.027169118440619,False,0.0003711952487008166,0.0002787068004459309,0,mix
8.573679000000993,1733.0,1383.0,1.2521676300578035,12.0,14.0,95808,41932,161172,0,0,11,3.027169118440619,False,0.0003711952487008166,0.0002787068004459309,0,mix
8.635024000002886,1733.0,1384.0,1.2512635379061372,11.0,14.0,95808,41932,161172,0,0,11,3.027169118440619,False,0.0003711952487008166,0.0002787068004459309,0,mix
8.64661299999716,1834.0,1668.0,1.0988615937687238,12.0,14.0,95808,41932,161172,0,0,11,3.027169118440619,False,0.0003711952487008166,0.0002787068004459309,0,mix
8.67863199999556,1733.0,1384.0,1.2512635379061372,10.0,12.0,95808,41932,161172,0,0,11,3.027169118440619,False,0.0003711952487008166,0.0002787068004459309,0,mix
8.693735999993805,1733.0,1383.0,1.2521676300578035,11.0,14.0,95808,41932,161172,0,0,11,3.027169118440619,False,0.0003711952487008166,0.0002787068004459309,0,mix
1.646530999998503,3571.0,2472.0,1.4439951475940154,15.0,18.0,241151,175548,40599,0,0,15,3.0565647621309537,False,0.004608294930875576,0.005208333333333333,0,mix
8.70192799999495,1848.0,1667.0,1.1079136690647482,13.0,16.0,95808,41932,161172,0,0,11,3.027169118440619,False,0.0003711952487008166,0.0002787068004459309,0,mix
8.714496000000509,1733.0,1383.0,1.2521676300578035,10.0,12.0,95808,41932,161172,0,0,11,3.027169118440619,False,0.0003711952487008166,0.0002787068004459309,0,mix
8.702438000000257,1733.0,1383.0,1.2521676300578035,11.0,14.0,95808,41932,161172,0,0,11,3.027169118440619,False,0.0003711952487008166,0.0002787068004459309,0,mix
8.76365700000315,1834.0,1671.0,1.0968899521531101,13.0,16.0,95808,41932,161172,0,0,11,3.027169118440619,False,0.0003711952487008166,0.0002787068004459309,0,mix
8.755275000003166,1733.0,1385.0,1.2503607503607503,11.0,14.0,95808,41932,161172,0,0,11,3.027169118440619,False,0.0003711952487008166,0.0002787068004459309,0,mix
8.753403000002436,1733.0,1384.0,1.2512635379061372,12.0,14.0,95808,41932,161172,0,0,11,3.027169118440619,False,0.0003711952487008166,0.0002787068004459309,0,mix
8.770198999998684,1834.0,1670.0,1.0975463794135247,13.0,16.0,95808,41932,161172,0,0,11,3.027169118440619,False,0.0003711952487008166,0.0002787068004459309,0,mix
5.797204000002239,775.0,3047.0,0.25426509186351703,9.0,9.0,95808,30502,161172,0,0,27,3.8100810205217313,False,0.07142857142857142,0.0002787068004459309,0,mix
8.828686000000744,1733.0,1386.0,1.249459264599856,10.0,12.0,95808,41932,161172,0,0,11,3.027169118440619,False,0.0003711952487008166,0.0002787068004459309,0,mix
8.829257999997935,1733.0,1384.0,1.2512635379061372,11.0,14.0,95808,41932,161172,0,0,11,3.027169118440619,False,0.0003711952487008166,0.0002787068004459309,0,mix
8.87224900000001,1834.0,1670.0,1.0975463794135247,13.0,16.0,95808,41932,161172,0,0,11,3.027169118440619,False,0.0003711952487008166,0.0002787068004459309,0,mix
8.873690000000352,1733.0,1383.0,1.2521676300578035,10.0,12.0,95808,41932,161172,0,0,11,3.027169118440619,False,0.0003711952487008166,0.0002787068004459309,0,mix
8.894207999997889,1733.0,1383.0,1.2521676300578035,11.0,14.0,95808,41932,161172,0,0,11,3.027169118440619,False,0.0003711952487008166,0.0002787068004459309,0,mix
8.867257999998401,1834.0,1670.0,1.0975463794135247,12.0,14.0,95808,41932,161172,0,0,11,3.027169118440619,False,0.0003711952487008166,0.0002787068004459309,0,mix
8.950957000000926,1733.0,1384.0,1.2512635379061372,12.0,14.0,95808,41932,161172,0,0,11,3.027169118440619,False,0.0003711952487008166,0.0002787068004459309,0,mix
8.908336000000418,12167.0,1513.0,8.036327608982827,21.0,24.0,95808,41932,161172,0,0,11,3.027169118440619,False,0.0003711952487008166,0.0002787068004459309,0,mix
8.998071999994863,1834.0,1668.0,1.0988615937687238,13.0,16.0,95808,41932,161172,0,0,11,3.027169118440619,False,0.0003711952487008166,0.0002787068004459309,0,mix
9.019216000000595,1733.0,1384.0,1.2512635379061372,10.0,12.0,95808,41932,161172,0,0,11,3.027169118440619,False,0.0003711952487008166,0.0002787068004459309,0,mix
9.01509100000112,1733.0,1384.0,1.2512635379061372,11.0,14.0,95808,41932,161172,0,0,11,3.027169118440619,False,0.0003711952487008166,0.0002787068004459309,0,mix
9.086246999999275,1834.0,1670.0,1.0975463794135247,12.0,14.0,95808,41932,161172,0,0,11,3.027169118440619,False,0.0003711952487008166,0.0002787068004459309,0,mix
9.044739999997546,1733.0,1385.0,1.2503607503607503,11.0,14.0,95808,41932,161172,0,0,11,3.027169118440619,False,0.0003711952487008166,0.0002787068004459309,0,mix
9.056391000005531,1733.0,1383.0,1.2521676300578035,12.0,14.0,95808,41932,161172,0,0,11,3.027169118440619,False,0.0003711952487008166,0.0002787068004459309,0,mix
9.06540700000187,1954.0,2997.0,0.6517678452301534,15.0,18.0,95808,41932,161172,0,0,11,3.027169118440619,False,0.0003711952487008166,0.0002787068004459309,0,mix
9.046993000003567,1733.0,1385.0,1.2503607503607503,11.0,14.0,95808,41932,161172,0,0,11,3.027169118440619,False,0.0003711952487008166,0.0002787068004459309,0,mix
9.117786999995587,1733.0,1384.0,1.2512635379061372,11.0,14.0,95808,41932,161172,0,0,11,3.027169118440619,False,0.0003711952487008166,0.0002787068004459309,0,mix
9.12970199999836,1848.0,1668.0,1.1072498502097063,13.0,16.0,95808,41932,161172,0,0,11,3.027169118440619,False,0.0003711952487008166,0.0002787068004459309,0,mix
9.158215999996171,1733.0,1385.0,1.2503607503607503,12.0,14.0,95808,41932,161172,0,0,11,3.027169118440619,False,0.0003711952487008166,0.0002787068004459309,0,mix
9.178632000002835,1733.0,1384.0,1.2512635379061372,11.0,14.0,95808,41932,161172,0,0,11,3.027169118440619,False,0.0003711952487008166,0.0002787068004459309,0,mix
9.169890999997731,12261.0,1820.0,6.733113673805601,22.0,26.0,95808,41932,161172,0,0,11,3.027169118440619,False,0.0003711952487008166,0.0002787068004459309,0,mix
9.20198099999834,1733.0,1382.0,1.2530730296456978,11.0,12.0,95808,41932,161172,0,0,11,3.027169118440619,False,0.0003711952487008166,0.0002787068004459309,0,mix
9.246117000002414,1733.0,1385.0,1.2503607503607503,11.0,14.0,95808,41932,161172,0,0,11,3.027169118440619,False,0.0003711952487008166,0.0002787068004459309,0,mix
1.210735000000568,3649.0,2510.0,1.4532058940661092,15.0,18.0,241151,175548,40599,0,0,15,3.0565647621309537,False,0.004608294930875576,0.005208333333333333,0,mix
9.265313000003516,1848.0,1669.0,1.1065868263473053,13.0,16.0,95808,41932,161172,0,0,11,3.027169118440619,False,0.0003711952487008166,0.0002787068004459309,0,mix
9.29454099999566,1733.0,1384.0,1.2512635379061372,11.0,14.0,95808,41932,161172,0,0,11,3.027169118440619,False,0.0003711952487008166,0.0002787068004459309,0,mix
9.31525800000236,1733.0,1384.0,1.2512635379061372,12.0,14.0,95808,41932,161172,0,0,11,3.027169118440619,False,0.0003711952487008166,0.0002787068004459309,0,mix
9.285728000002564,1834.0,1670.0,1.0975463794135247,12.0,16.0,95808,41932,161172,0,0,11,3.027169118440619,False,0.0003711952487008166,0.0002787068004459309,0,mix
2.41372599999886,775.0,3265.0,0.2372933251684017,9.0,9.0,95808,220620,161172,0,0,13,2.873140679513133,False,0.5,0.0002787068004459309,0,mix
5.075903999997536,1041.0,1320581.0,0.000788288799938209,350.0,1341.0,95808,239926,161172,0,0,17,3.4548223999466066,False,0.5,0.0002787068004459309,0,mix
4.931705999995756,610.0,4095.0,0.14892578125,8.0,10.0,95808,239926,161172,0,0,17,3.4548223999466066,False,0.5,0.0002787068004459309,0,mix
9.016913999999815,1105.0,2298984.0,0.00048064689417286324,267.0,1926.0,95808,125552,161172,0,0,13,3.3927474104487847,False,0.25,0.0002787068004459309,0,mix
9.015992000000551,643.0,5467.0,0.1175932699341624,9.0,11.0,95808,125552,161172,0,0,13,3.3927474104487847,False,0.25,0.0002787068004459309,0,mix
8.474688000002061,1376.0,3498441.0,0.00039331793981435163,1202.0,3874.0,95808,33498,161172,0,0,20,3.3464393446710154,False,0.5,0.0002787068004459309,0,mix
6.050548999999592,859.0,3907.0,0.21980552712384852,9.0,10.0,95808,33498,161172,0,0,20,3.3464393446710154,False,0.5,0.0002787068004459309,0,mix
6.597728000000643,3696.0,3729.0,0.9908847184986596,16.0,19.0,12919,187119,161172,0,0,17,3.734521664779752,False,0.07142857142857142,0.0048543689320388345,0,mix
5.712469999998575,1747.0,1386.0,1.2595529920692141,11.0,14.0,95808,41932,161172,0,0,11,3.027169118440619,False,0.0003711952487008166,0.0002787068004459309,0,mix
5.767715000001772,1733.0,1384.0,1.2512635379061372,10.0,12.0,95808,41932,161172,0,0,11,3.027169118440619,False,0.0003711952487008166,0.0002787068004459309,0,mix
5.819061999995029,1834.0,1667.0,1.0995203836930456,13.0,16.0,95808,41932,161172,0,0,11,3.027169118440619,False,0.0003711952487008166,0.0002787068004459309,0,mix
5.820720999996411,1733.0,1385.0,1.2503607503607503,11.0,14.0,95808,41932,161172,0,0,11,3.027169118440619,False,0.0003711952487008166,0.0002787068004459309,0,mix
5.8200659999929485,1733.0,1384.0,1.2512635379061372,11.0,12.0,95808,41932,161172,0,0,11,3.027169118440619,False,0.0003711952487008166,0.0002787068004459309,0,mix
5.8374540000004345,1834.0,1736.0,1.0558434081750143,12.0,14.0,95808,41932,161172,0,0,11,3.027169118440619,False,0.0003711952487008166,0.0002787068004459309,0,mix
5.892896000004839,1733.0,1384.0,1.2512635379061372,11.0,14.0,95808,41932,161172,0,0,11,3.027169118440619,False,0.0003711952487008166,0.0002787068004459309,0,mix
5.909542999994301,1733.0,1384.0,1.2512635379061372,12.0,14.0,95808,41932,161172,0,0,11,3.027169118440619,False,0.0003711952487008166,0.0002787068004459309,0,mix
5.8793599999989965,1848.0,1673.0,1.103942652329749,13.0,16.0,95808,41932,161172,0,0,11,3.027169118440619,False,0.0003711952487008166,0.0002787068004459309,0,mix
2.927109000003838,1733.0,1384.0,1.2512635379061372,12.0,14.0,95808,41932,161172,0,0,11,3.027169118440619,False,0.0003711952487008166,0.0002787068004459309,0,mix
3.009884999999485,1733.0,1383.0,1.2521676300578035,11.0,12.0,95808,41932,161172,0,0,11,3.027169118440619,False,0.0003711952487008166,0.0002787068004459309,0,mix
9.94247699999687,3708.0,2608.0,1.4212341893445766,14.0,17.0,241151,175548,40599,0,0,15,3.0565647621309537,False,0.004608294930875576,0.005208333333333333,0,mix
2.958057999996526,1848.0,1668.0,1.1072498502097063,12.0,14.0,95808,41932,161172,0,0,11,3.027169118440619,False,0.0003711952487008166,0.0002787068004459309,0,mix
7.014817000002949,1733.0,1384.0,1.2512635379061372,12.0,14.0,95808,41932,161172,0,0,11,3.027169118440619,False,0.0003711952487008166,0.0002787068004459309,0,mix
5.041253000003053,12167.0,1488.0,8.171255876427132,21.0,24.0,95808,41932,161172,0,0,11,3.027169118440619,False,0.0003711952487008166,0.0002787068004459309,0,mix
1.036918999998306,1848.0,1668.0,1.1072498502097063,13.0,16.0,95808,41932,161172,0,0,11,3.027169118440619,False,0.0003711952487008166,0.0002787068004459309,0,mix
7.096042999997735,1733.0,1383.0,1.2521676300578035,11.0,14.0,95808,41932,161172,0,0,11,3.027169118440619,False,0.0003711952487008166,0.0002787068004459309,0,mix
7.109061000002839,1733.0,1385.0,1.2503607503607503,12.0,14.0,95808,41932,161172,0,0,11,3.027169118440619,False,0.0003711952487008166,0.0002787068004459309,0,mix
7.117689999999129,1968.0,2830.0,0.6951607205934299,13.0,16.0,95808,41932,161172,0,0,11,3.027169118440619,False,0.0003711952487008166,0.0002787068004459309,0,mix
7.149969999998575,1733.0,1385.0,1.2503607503607503,11.0,14.0,95808,41932,161172,0,0,11,3.027169118440619,False,0.0003711952487008166,0.0002787068004459309,0,mix
7.177623000003223,1733.0,1384.0,1.2512635379061372,11.0,14.0,95808,41932,161172,0,0,11,3.027169118440619,False,0.0003711952487008166,0.0002787068004459309,0,mix
7.199674999996205,1834.0,1670.0,1.0975463794135247,13.0,16.0,95808,41932,161172,0,0,11,3.027169118440619,False,0.0003711952487008166,0.0002787068004459309,0,mix
7.227420000002894,1733.0,1384.0,1.2512635379061372,11.0,14.0,95808,41932,161172,0,0,11,3.027169118440619,False,0.0003711952487008166,0.0002787068004459309,0,mix
7.235758000002534,1733.0,1385.0,1.2503607503607503,11.0,14.0,95808,41932,161172,0,0,11,3.027169118440619,False,0.0003711952487008166,0.0002787068004459309,0,mix
7.256882999994559,1834.0,1668.0,1.0988615937687238,12.0,14.0,95808,41932,161172,0,0,11,3.027169118440619,False,0.0003711952487008166,0.0002787068004459309,0,mix
7.294565000003786,1733.0,4332.0,0.39995384260327715,11.0,16.0,95808,41932,161172,0,0,11,3.027169118440619,False,0.0003711952487008166,0.0002787068004459309,0,mix
7.290093000003253,12063.0,1491.0,8.085120643431635,20.0,22.0,95808,41932,161172,0,0,11,3.027169118440619,False,0.0003711952487008166,0.0002787068004459309,0,mix
7.29993999999715,1833.0,1670.0,1.0969479353680431,12.0,14.0,95808,41932,161172,0,0,11,3.027169118440619,False,0.0003711952487008166,0.0002787068004459309,0,mix
7.364783999997599,1732.0,1386.0,1.2487382840663301,12.0,14.0,95808,41932,161172,0,0,11,3.027169118440619,False,0.0003711952487008166,0.0002787068004459309,0,mix
7.383659999999509,1732.0,1387.0,1.2478386167146973,11.0,12.0,95808,41932,161172,0,0,11,3.027169118440619,False,0.0003711952487008166,0.0002787068004459309,0,mix
7.370495000002847,1833.0,1672.0,1.0956365809922295,13.0,16.0,95808,41932,161172,0,0,11,3.027169118440619,False,0.0003711952487008166,0.0002787068004459309,0,mix
7.416077000001678,1732.0,1387.0,1.2478386167146973,12.0,14.0,95808,41932,161172,0,0,11,3.027169118440619,False,0.0003711952487008166,0.0002787068004459309,0,mix
7.436702999999397,1732.0,1386.0,1.2487382840663301,10.0,12.0,95808,41932,161172,0,0,11,3.027169118440619,False,0.0003711952487008166,0.0002787068004459309,0,mix
7.395530000001599,1833.0,1670.0,1.0969479353680431,12.0,14.0,95808,41932,161172,0,0,11,3.027169118440619,False,0.0003711952487008166,0.0002787068004459309,0,mix
7.480258000003232,1732.0,1386.0,1.2487382840663301,11.0,14.0,95808,41932,161172,0,0,11,3.027169118440619,False,0.0003711952487008166,0.0002787068004459309,0,mix
7.498773999999685,1732.0,1385.0,1.2496392496392497,11.0,14.0,95808,41932,161172,0,0,11,3.027169118440619,False,0.0003711952487008166,0.0002787068004459309,0,mix
7.514951000004657,1833.0,1670.0,1.0969479353680431,12.0,14.0,95808,41932,161172,0,0,11,3.027169118440619,False,0.0003711952487008166,0.0002787068004459309,0,mix
7.563248999998905,1732.0,1385.0,1.2496392496392497,11.0,12.0,95808,41932,161172,0,0,11,3.027169118440619,False,0.0003711952487008166,0.0002787068004459309,0,mix
7.585075000002689,1732.0,1387.0,1.2478386167146973,10.0,12.0,95808,41932,161172,0,0,11,3.027169118440619,False,0.0003711952487008166,0.0002787068004459309,0,mix
7.622213000002375,1833.0,1669.0,1.0976047904191617,13.0,16.0,95808,41932,161172,0,0,11,3.027169118440619,False,0.0003711952487008166,0.0002787068004459309,0,mix
7.652120000006107,1732.0,1386.0,1.2487382840663301,10.0,12.0,95808,41932,161172,0,0,11,3.027169118440619,False,0.0003711952487008166,0.0002787068004459309,0,mix
9.582546999998158,3787.0,2673.0,1.4162303664921465,14.0,17.0,241151,175548,40599,0,0,15,3.0565647621309537,False,0.004608294930875576,0.005208333333333333,0,mix
4.6496380000025965,1732.0,1386.0,1.2487382840663301,11.0,14.0,95808,41932,161172,0,0,11,3.027169118440619,False,0.0003711952487008166,0.0002787068004459309,0,mix
1.665087000001222,1848.0,1669.0,1.1065868263473053,13.0,16.0,95808,41932,161172,0,0,11,3.027169118440619,False,0.0003711952487008166,0.0002787068004459309,0,mix
0.6920580000005431,1704.0,1470.0,1.1583956492182188,11.0,14.0,95808,41932,161172,0,0,11,3.027169118440619,False,0.0003711952487008166,0.0002787068004459309,0,mix
9.5488039999982,775.0,4758.0,0.1628493380962387,10.0,10.0,95808,30502,161172,0,0,14,2.7534343861887853,False,0.5,0.0002787068004459309,0,mix
6.69488999999885,1732.0,1385.0,1.2496392496392497,12.0,14.0,95808,41932,161172,0,0,11,3.027169118440619,False,0.0003711952487008166,0.0002787068004459309,0,mix
6.702341999996861,1848.0,1670.0,1.1059245960502693,13.0,16.0,95808,41932,161172,0,0,11,3.027169118440619,False,0.0003711952487008166,0.0002787068004459309,0,mix
5.767450000006647,12167.0,1490.0,8.160295103957075,20.0,22.0,95808,41932,161172,0,0,11,3.027169118440619,False,0.0003711952487008166,0.0002787068004459309,0,mix
5.745438999998441,1732.0,1386.0,1.2487382840663301,10.0,12.0,95808,41932,161172,0,0,11,3.027169118440619,False,0.0003711952487008166,0.0002787068004459309,0,mix
4.760224999998172,3556.0,36289.0,0.09798842656379168,23.0,42.0,241151,175548,40599,0,0,15,3.0565647621309537,False,0.004608294930875576,0.005208333333333333,0,mix
5.793050000000221,1968.0,2810.0,0.7001067235859125,14.0,18.0,95808,41932,161172,0,0,11,3.027169118440619,False,0.0003711952487008166,0.0002787068004459309,0,mix
5.810043999998015,1732.0,1386.0,1.2487382840663301,10.0,12.0,95808,41932,161172,0,0,11,3.027169118440619,False,0.0003711952487008166,0.0002787068004459309,0,mix
3.905505000002449,1732.0,1387.0,1.2478386167146973,11.0,14.0,95808,41932,161172,0,0,11,3.027169118440619,False,0.0003711952487008166,0.0002787068004459309,0,mix
4.189146000004257,1848.0,1670.0,1.1059245960502693,13.0,16.0,95808,41932,161172,0,0,11,3.027169118440619,False,0.0003711952487008166,0.0002787068004459309,0,mix
3.505413999999292,568.0,190.0,2.973821989528796,8.0,7.0,95808,41932,161172,0,0,11,3.027169118440619,False,0.0003711952487008166,0.0002787068004459309,0,mix
3.889705999994476,1732.0,1386.0,1.2487382840663301,11.0,14.0,95808,41932,161172,0,0,11,3.027169118440619,False,0.0003711952487008166,0.0002787068004459309,0,mix
3.904279000002134,1732.0,1387.0,1.2478386167146973,12.0,14.0,95808,41932,161172,0,0,11,3.027169118440619,False,0.0003711952487008166,0.0002787068004459309,0,mix
2.910000999996555,1833.0,1671.0,1.0962918660287082,13.0,16.0,95808,41932,161172,0,0,11,3.027169118440619,False,0.0003711952487008166,0.0002787068004459309,0,mix
2.928507999997236,1732.0,1387.0,1.2478386167146973,11.0,14.0,95808,41932,161172,0,0,11,3.027169118440619,False,0.0003711952487008166,0.0002787068004459309,0,mix
6.988767000002554,1732.0,1387.0,1.2478386167146973,11.0,14.0,95808,41932,161172,0,0,11,3.027169118440619,False,0.0003711952487008166,0.0002787068004459309,0,mix
7.00027499999851,1848.0,1671.0,1.105263157894737,13.0,16.0,95808,41932,161172,0,0,11,3.027169118440619,False,0.0003711952487008166,0.0002787068004459309,0,mix
10.020364999996673,1732.0,1386.0,1.2487382840663301,11.0,14.0,95808,41932,161172,0,0,11,3.027169118440619,False,0.0003711952487008166,0.0002787068004459309,0,mix
7.037593000000925,12140.0,1491.0,8.136729222520108,21.0,24.0,95808,41932,161172,0,0,11,3.027169118440619,False,0.0003711952487008166,0.0002787068004459309,0,mix
7.079226000001654,1848.0,1669.0,1.1065868263473053,13.0,16.0,95808,41932,161172,0,0,11,3.027169118440619,False,0.0003711952487008166,0.0002787068004459309,0,mix
7.088306999998167,1807.0,5151.0,0.35073757763975155,12.0,15.0,95808,67117,161172,0,0,11,3.027169118440619,False,0.0003711952487008166,0.0002787068004459309,0,mix
7.095160999997461,1732.0,1387.0,1.2478386167146973,10.0,12.0,95808,41932,161172,0,0,11,3.027169118440619,False,0.0003711952487008166,0.0002787068004459309,0,mix
7.103780000004917,1833.0,1668.0,1.098262432594368,12.0,14.0,95808,41932,161172,0,0,11,3.027169118440619,False,0.0003711952487008166,0.0002787068004459309,0,mix
7.191176000000269,1732.0,1386.0,1.2487382840663301,11.0,14.0,95808,41932,161172,0,0,11,3.027169118440619,False,0.0003711952487008166,0.0002787068004459309,0,mix
7.188124000000243,1732.0,1385.0,1.2496392496392497,11.0,14.0,95808,41932,161172,0,0,11,3.027169118440619,False,0.0003711952487008166,0.0002787068004459309,0,mix
7.201203999997233,1833.0,1669.0,1.0976047904191617,13.0,16.0,95808,41932,161172,0,0,11,3.027169118440619,False,0.0003711952487008166,0.0002787068004459309,0,mix
7.244560999999521,1732.0,1385.0,1.2496392496392497,12.0,14.0,95808,41932,161172,0,0,11,3.027169118440619,False,0.0003711952487008166,0.0002787068004459309,0,mix
7.2484489999988,1732.0,1385.0,1.2496392496392497,11.0,14.0,95808,41932,161172,0,0,11,3.027169118440619,False,0.0003711952487008166,0.0002787068004459309,0,mix
7.235106000000087,1848.0,1669.0,1.1065868263473053,13.0,16.0,95808,41932,161172,0,0,11,3.027169118440619,False,0.0003711952487008166,0.0002787068004459309,0,mix
8.249282000004314,3252.0,2562.0,1.2688255950058525,14.0,18.0,241151,175548,40599,0,0,15,3.0565647621309537,False,0.004608294930875576,0.005208333333333333,0,mix
7.329443999995419,1732.0,1387.0,1.2478386167146973,12.0,14.0,95808,41932,161172,0,0,11,3.027169118440619,False,0.0003711952487008166,0.0002787068004459309,0,mix
8.346306999999797,1732.0,1386.0,1.2487382840663301,12.0,14.0,95808,41932,161172,0,0,11,3.027169118440619,False,0.0003711952487008166,0.0002787068004459309,0,mix
8.3601439999984,1848.0,1670.0,1.1059245960502693,13.0,16.0,95808,41932,161172,0,0,11,3.027169118440619,False,0.0003711952487008166,0.0002787068004459309,0,mix
8.385192000001553,1732.0,1385.0,1.2496392496392497,11.0,14.0,95808,41932,161172,0,0,11,3.027169118440619,False,0.0003711952487008166,0.0002787068004459309,0,mix
8.009851000002527,2097.0,1438.0,1.4572619874913133,14.0,17.0,213012,175548,40599,0,0,15,3.0565647621309537,False,0.004608294930875576,0.14285714285714285,0,mix
8.393302999997104,1732.0,1384.0,1.2505415162454874,11.0,12.0,95808,41932,161172,0,0,11,3.027169118440619,False,0.0003711952487008166,0.0002787068004459309,0,mix
8.397522000006575,1833.0,1670.0,1.0969479353680431,13.0,16.0,95808,41932,161172,0,0,11,3.027169118440619,False,0.0003711952487008166,0.0002787068004459309,0,mix
8.448572999994212,1732.0,1384.0,1.2505415162454874,11.0,14.0,95808,41932,161172,0,0,11,3.027169118440619,False,0.0003711952487008166,0.0002787068004459309,0,mix
8.475353000001633,1732.0,1386.0,1.2487382840663301,11.0,12.0,95808,41932,161172,0,0,11,3.027169118440619,False,0.0003711952487008166,0.0002787068004459309,0,mix
8.442208000000392,15461.0,3104.0,4.97938808373591,25.0,28.0,95808,41932,161172,0,0,11,3.027169118440619,False,0.0003711952487008166,0.0002787068004459309,0,mix
8.501259000004211,1732.0,1386.0,1.2487382840663301,12.0,14.0,95808,41932,161172,0,0,11,3.027169118440619,False,0.0003711952487008166,0.0002787068004459309,0,mix
8.525287000004028,1732.0,1386.0,1.2487382840663301,12.0,14.0,95808,41932,161172,0,0,11,3.027169118440619,False,0.0003711952487008166,0.0002787068004459309,0,mix
8.537466999994649,1833.0,1668.0,1.098262432594368,13.0,16.0,95808,41932,161172,0,0,11,3.027169118440619,False,0.0003711952487008166,0.0002787068004459309,0,mix
8.575972999999067,1732.0,1386.0,1.2487382840663301,10.0,12.0,95808,41932,161172,0,0,11,3.027169118440619,False,0.0003711952487008166,0.0002787068004459309,0,mix
8.605177000004915,1732.0,1386.0,1.2487382840663301,11.0,14.0,95808,41932,161172,0,0,11,3.027169118440619,False,0.0003711952487008166,0.0002787068004459309,0,mix
8.625485999997181,1833.0,1669.0,1.0976047904191617,12.0,15.0,95808,41932,161172,0,0,11,3.027169118440619,False,0.0003711952487008166,0.0002787068004459309,0,mix
8.573013000001083,1732.0,1386.0,1.2487382840663301,11.0,14.0,95808,41932,161172,0,0,11,3.027169118440619,False,0.0003711952487008166,0.0002787068004459309,0,mix
8.652876000000106,1732.0,1386.0,1.2487382840663301,11.0,14.0,95808,41932,161172,0,0,11,3.027169118440619,False,0.0003711952487008166,0.0002787068004459309,0,mix
8.668461000001116,1848.0,1669.0,1.1065868263473053,13.0,16.0,95808,41932,161172,0,0,11,3.027169118440619,False,0.0003711952487008166,0.0002787068004459309,0,mix
8.710041000005731,1732.0,1386.0,1.2487382840663301,11.0,14.0,95808,41932,161172,0,0,11,3.027169118440619,False,0.0003711952487008166,0.0002787068004459309,0,mix
8.716662999999244,1732.0,1384.0,1.2505415162454874,11.0,14.0,95808,41932,161172,0,0,11,3.027169118440619,False,0.0003711952487008166,0.0002787068004459309,0,mix
8.738062000003993,1848.0,1670.0,1.1059245960502693,12.0,14.0,95808,41932,161172,0,0,11,3.027169118440619,False,0.0003711952487008166,0.0002787068004459309,0,mix
8.766010999999708,1732.0,1386.0,1.2487382840663301,11.0,14.0,95808,41932,161172,0,0,11,3.027169118440619,False,0.0003711952487008166,0.0002787068004459309,0,mix
8.785641999995278,1732.0,1385.0,1.2496392496392497,11.0,12.0,95808,41932,161172,0,0,11,3.027169118440619,False,0.0003711952487008166,0.0002787068004459309,0,mix
8.78912699999637,1833.0,1669.0,1.0976047904191617,13.0,16.0,95808,41932,161172,0,0,11,3.027169118440619,False,0.0003711952487008166,0.0002787068004459309,0,mix
8.86089599999832,1732.0,1385.0,1.2496392496392497,12.0,14.0,95808,41932,161172,0,0,11,3.027169118440619,False,0.0003711952487008166,0.0002787068004459309,0,mix
8.841793000006874,1732.0,1386.0,1.2487382840663301,11.0,14.0,95808,41932,161172,0,0,11,3.027169118440619,False,0.0003711952487008166,0.0002787068004459309,0,mix
8.874108999996679,1833.0,1670.0,1.0969479353680431,13.0,16.0,95808,41932,161172,0,0,11,3.027169118440619,False,0.0003711952487008166,0.0002787068004459309,0,mix
8.886900999998034,1732.0,1386.0,1.2487382840663301,11.0,12.0,95808,41932,161172,0,0,11,3.027169118440619,False,0.0003711952487008166,0.0002787068004459309,0,mix
8.910466000001179,12166.0,1538.0,7.905133203378817,21.0,24.0,95808,41932,161172,0,0,11,3.027169118440619,False,0.0003711952487008166,0.0002787068004459309,0,mix
6.907809999996971,3332.0,3010.0,1.1066090999667884,14.0,17.0,241151,175548,40599,0,0,15,3.0565647621309537,False,0.004608294930875576,0.005208333333333333,0,mix
1.976064000002225,1848.0,1671.0,1.105263157894737,13.0,16.0,95808,41932,161172,0,0,11,3.027169118440619,False,0.0003711952487008166,0.0002787068004459309,0,mix
5.013495999999577,1732.0,1386.0,1.2487382840663301,12.0,14.0,95808,41932,161172,0,0,11,3.027169118440619,False,0.0003711952487008166,0.0002787068004459309,0,mix
6.064525999994657,1747.0,1386.0,1.2595529920692141,12.0,14.0,95808,41932,161172,0,0,11,3.027169118440619,False,0.0003711952487008166,0.0002787068004459309,0,mix
2.074389000001247,1833.0,1671.0,1.0962918660287082,13.0,16.0,95808,41932,161172,0,0,11,3.027169118440619,False,0.0003711952487008166,0.0002787068004459309,0,mix
1.162358000001404,1732.0,1386.0,1.2487382840663301,12.0,14.0,95808,41932,161172,0,0,11,3.027169118440619,False,0.0003711952487008166,0.0002787068004459309,0,mix
4.208845999994082,1747.0,1387.0,1.2586455331412103,10.0,12.0,95808,41932,161172,0,0,11,3.027169118440619,False,0.0003711952487008166,0.0002787068004459309,0,mix
1.3139200000005071,1833.0,1671.0,1.0962918660287082,13.0,16.0,95808,41932,161172,0,0,11,3.027169118440619,False,0.0003711952487008166,0.0002787068004459309,0,mix
2.307435000002442,1732.0,1387.0,1.2478386167146973,11.0,14.0,95808,41932,161172,0,0,11,3.027169118440619,False,0.0003711952487008166,0.0002787068004459309,0,mix
5.337615000004007,1732.0,1386.0,1.2487382840663301,11.0,14.0,95808,41932,161172,0,0,11,3.027169118440619,False,0.0003711952487008166,0.0002787068004459309,0,mix
7.369273999996949,1968.0,2828.0,0.6956521739130435,13.0,16.0,95808,41932,161172,0,0,11,3.027169118440619,False,0.0003711952487008166,0.0002787068004459309,0,mix
6.383116999997583,1732.0,1386.0,1.2487382840663301,11.0,12.0,95808,41932,161172,0,0,11,3.027169118440619,False,0.0003711952487008166,0.0002787068004459309,0,mix
6.432623000000604,1732.0,1386.0,1.2487382840663301,12.0,14.0,95808,41932,161172,0,0,11,3.027169118440619,False,0.0003711952487008166,0.0002787068004459309,0,mix
6.468465999998443,12255.0,1775.0,6.900337837837838,22.0,26.0,95808,41932,161172,0,0,11,3.027169118440619,False,0.0003711952487008166,0.0002787068004459309,0,mix
9.526254999997036,1732.0,1387.0,1.2478386167146973,11.0,14.0,95808,41932,161172,0,0,11,3.027169118440619,False,0.0003711952487008166,0.0002787068004459309,0,mix
6.536316000005172,1732.0,1386.0,1.2487382840663301,11.0,14.0,95808,41932,161172,0,0,11,3.027169118440619,False,0.0003711952487008166,0.0002787068004459309,0,mix
5.534565000001749,1848.0,1670.0,1.1059245960502693,12.0,14.0,95808,41932,161172,0,0,11,3.027169118440619,False,0.0003711952487008166,0.0002787068004459309,0,mix
9.61665599999833,1732.0,1387.0,1.2478386167146973,11.0,14.0,95808,41932,161172,0,0,11,3.027169118440619,False,0.0003711952487008166,0.0002787068004459309,0,mix
9.579384000004213,1732.0,1385.0,1.2496392496392497,11.0,12.0,95808,41932,161172,0,0,11,3.027169118440619,False,0.0003711952487008166,0.0002787068004459309,0,mix
7.597986000000674,1848.0,1841.0,1.003257328990228,14.0,16.0,95808,41932,161172,0,0,11,3.027169118440619,False,0.0003711952487008166,0.0002787068004459309,0,mix
1.674642999998468,1732.0,1386.0,1.2487382840663301,11.0,14.0,95808,41932,161172,0,0,11,3.027169118440619,False,0.0003711952487008166,0.0002787068004459309,0,mix
0.7026049999985841,1732.0,1386.0,1.2487382840663301,10.0,12.0,95808,41932,161172,0,0,11,3.027169118440619,False,0.0003711952487008166,0.0002787068004459309,0,mix
0.6991189999971531,1848.0,1669.0,1.1065868263473053,11.0,14.0,95808,41932,161172,0,0,11,3.027169118440619,False,0.0003711952487008166,0.0002787068004459309,0,mix
9.747871999999916,1732.0,1386.0,1.2487382840663301,12.0,14.0,95808,41932,161172,0,0,11,3.027169118440619,False,0.0003711952487008166,0.0002787068004459309,0,mix
5.736207999994804,3393.0,2406.0,1.4096385542168675,15.0,18.0,241151,175548,40599,0,0,15,3.0565647621309537,False,0.004608294930875576,0.005208333333333333,0,mix
9.79812099999981,1732.0,1388.0,1.2469402447804177,11.0,14.0,95808,41932,161172,0,0,11,3.027169118440619,False,0.0003711952487008166,0.0002787068004459309,0,mix
9.786918999998306,1848.0,1671.0,1.105263157894737,13.0,16.0,95808,41932,161172,0,0,11,3.027169118440619,False,0.0003711952487008166,0.0002787068004459309,0,mix
9.837843000001158,1732.0,1387.0,1.2478386167146973,11.0,14.0,95808,41932,161172,0,0,11,3.027169118440619,False,0.0003711952487008166,0.0002787068004459309,0,mix
8.834300000002258,1732.0,1389.0,1.2460431654676258,11.0,14.0,95808,41932,161172,0,0,11,3.027169118440619,False,0.0003711952487008166,0.0002787068004459309,0,mix
8.099988000001758,1848.0,1670.0,1.1059245960502693,13.0,16.0,95808,41932,161172,0,0,11,3.027169118440619,False,0.0003711952487008166,0.0002787068004459309,0,mix
6.914701999994577,1732.0,1385.0,1.2496392496392497,11.0,14.0,95808,41932,161172,0,0,11,3.027169118440619,False,0.0003711952487008166,0.0002787068004459309,0,mix
6.8604489999997895,1732.0,1387.0,1.2478386167146973,12.0,14.0,95808,41932,161172,0,0,11,3.027169118440619,False,0.0003711952487008166,0.0002787068004459309,0,mix
6.937902999998187,1848.0,1671.0,1.105263157894737,13.0,16.0,95808,41932,161172,0,0,11,3.027169118440619,False,0.0003711952487008166,0.0002787068004459309,0,mix
6.962899999998626,1732.0,1385.0,1.2496392496392497,11.0,12.0,95808,41932,161172,0,0,11,3.027169118440619,False,0.0003711952487008166,0.0002787068004459309,0,mix
6.96832600000198,12166.0,1513.0,8.035667107001322,21.0,24.0,95808,41932,161172,0,0,11,3.027169118440619,False,0.0003711952487008166,0.0002787068004459309,0,mix
7.020011000000522,1833.0,1669.0,1.0976047904191617,13.0,16.0,95808,41932,161172,0,0,11,3.027169118440619,False,0.0003711952487008166,0.0002787068004459309,0,mix
7.026450999997905,1732.0,1387.0,1.2478386167146973,10.0,12.0,95808,41932,161172,0,0,11,3.027169118440619,False,0.0003711952487008166,0.0002787068004459309,0,mix
7.04696800000238,1732.0,1385.0,1.2496392496392497,11.0,14.0,95808,41932,161172,0,0,11,3.027169118440619,False,0.0003711952487008166,0.0002787068004459309,0,mix
7.070278999999573,1833.0,1670.0,1.0969479353680431,12.0,14.0,95808,41932,161172,0,0,11,3.027169118440619,False,0.0003711952487008166,0.0002787068004459309,0,mix
7.085294000004069,1732.0,1386.0,1.2487382840663301,12.0,14.0,95808,41932,161172,0,0,11,3.027169118440619,False,0.0003711952487008166,0.0002787068004459309,0,mix
7.131934999997611,1732.0,1386.0,1.2487382840663301,12.0,14.0,95808,41932,161172,0,0,11,3.027169118440619,False,0.0003711952487008166,0.0002787068004459309,0,mix
7.140111000000616,1968.0,2814.0,0.6991119005328597,14.0,17.0,95808,41932,161172,0,0,11,3.027169118440619,False,0.0003711952487008166,0.0002787068004459309,0,mix
7.146848999997019,1732.0,1386.0,1.2487382840663301,11.0,14.0,95808,41932,161172,0,0,11,3.027169118440619,False,0.0003711952487008166,0.0002787068004459309,0,mix
7.186303000002226,1732.0,1387.0,1.2478386167146973,11.0,12.0,95808,41932,161172,0,0,11,3.027169118440619,False,0.0003711952487008166,0.0002787068004459309,0,mix
7.199427999999898,1833.0,1669.0,1.0976047904191617,13.0,16.0,95808,41932,161172,0,0,11,3.027169118440619,False,0.0003711952487008166,0.0002787068004459309,0,mix
7.210588000001735,1732.0,1385.0,1.2496392496392497,12.0,14.0,95808,41932,161172,0,0,11,3.027169118440619,False,0.0003711952487008166,0.0002787068004459309,0,mix
7.216572000004817,1732.0,1386.0,1.2487382840663301,11.0,14.0,95808,41932,161172,0,0,11,3.027169118440619,False,0.0003711952487008166,0.0002787068004459309,0,mix
7.25318800000241,12206.0,1821.0,6.699231613611416,23.0,26.0,95808,41932,161172,0,0,11,3.027169118440619,False,0.0003711952487008166,0.0002787068004459309,0,mix
7.276753000005556,1732.0,1386.0,1.2487382840663301,11.0,14.0,95808,41932,161172,0,0,11,3.027169118440619,False,0.0003711952487008166,0.0002787068004459309,0,mix
7.272302999997919,1732.0,1385.0,1.2496392496392497,11.0,14.0,95808,41932,161172,0,0,11,3.027169118440619,False,0.0003711952487008166,0.0002787068004459309,0,mix
7.295853999996325,1833.0,1669.0,1.0976047904191617,12.0,14.0,95808,41932,161172,0,0,11,3.027169118440619,False,0.0003711952487008166,0.0002787068004459309,0,mix
7.302694999998494,1732.0,1386.0,1.2487382840663301,11.0,14.0,95808,41932,161172,0,0,11,3.027169118440619,False,0.0003711952487008166,0.0002787068004459309,0,mix
7.350809999996272,1732.0,1385.0,1.2496392496392497,11.0,14.0,95808,41932,161172,0,0,11,3.027169118440619,False,0.0003711952487008166,0.0002787068004459309,0,mix
7.355364000002737,1848.0,1670.0,1.1059245960502693,13.0,16.0,95808,41932,161172,0,0,11,3.027169118440619,False,0.0003711952487008166,0.0002787068004459309,0,mix
4.34351500000048,3471.0,2549.0,1.3611764705882352,14.0,17.0,241151,175548,40599,0,0,15,3.0565647621309537,False,0.004608294930875576,0.005208333333333333,0,mix
7.391067999997176,1732.0,1388.0,1.2469402447804177,11.0,14.0,95808,41932,161172,0,0,11,3.027169118440619,False,0.0003711952487008166,0.0002787068004459309,0,mix
7.393730000003416,1732.0,1386.0,1.2487382840663301,11.0,14.0,95808,41932,161172,0,0,11,3.027169118440619,False,0.0003711952487008166,0.0002787068004459309,0,mix
7.417841000002227,1833.0,1668.0,1.098262432594368,13.0,16.0,95808,41932,161172,0,0,11,3.027169118440619,False,0.0003711952487008166,0.0002787068004459309,0,mix
7.450027999999293,1732.0,1387.0,1.2478386167146973,12.0,14.0,95808,41932,161172,0,0,11,3.027169118440619,False,0.0003711952487008166,0.0002787068004459309,0,mix
7.468024000001606,1732.0,1386.0,1.2487382840663301,10.0,12.0,95808,41932,161172,0,0,11,3.027169118440619,False,0.0003711952487008166,0.0002787068004459309,0,mix
7.510551999999734,1833.0,1672.0,1.0956365809922295,12.0,14.0,95808,41932,161172,0,0,11,3.027169118440619,False,0.0003711952487008166,0.0002787068004459309,0,mix
7.475039000004472,1732.0,1387.0,1.2478386167146973,11.0,14.0,95808,41932,161172,0,0,11,3.027169118440619,False,0.0003711952487008166,0.0002787068004459309,0,mix
7.554983000001812,1732.0,1387.0,1.2478386167146973,11.0,14.0,95808,41932,161172,0,0,11,3.027169118440619,False,0.0003711952487008166,0.0002787068004459309,0,mix
7.5490609999978915,1833.0,1668.0,1.098262432594368,13.0,16.0,95808,41932,161172,0,0,11,3.027169118440619,False,0.0003711952487008166,0.0002787068004459309,0,mix
7.5958039999968605,1732.0,1387.0,1.2478386167146973,11.0,14.0,95808,41932,161172,0,0,11,3.027169118440619,False,0.0003711952487008166,0.0002787068004459309,0,mix
7.614433000002464,1732.0,1387.0,1.2478386167146973,12.0,14.0,95808,41932,161172,0,0,11,3.027169118440619,False,0.0003711952487008166,0.0002787068004459309,0,mix
7.623081000005186,1848.0,1668.0,1.1072498502097063,13.0,16.0,95808,41932,161172,0,0,11,3.027169118440619,False,0.0003711952487008166,0.0002787068004459309,0,mix
7.649584999999206,1732.0,1387.0,1.2478386167146973,12.0,14.0,95808,41932,161172,0,0,11,3.027169118440619,False,0.0003711952487008166,0.0002787068004459309,0,mix
7.663317999998981,12166.0,1491.0,8.154155495978552,21.0,24.0,95808,41932,161172,0,0,11,3.027169118440619,False,0.0003711952487008166,0.0002787068004459309,0,mix
7.666263999999501,1833.0,1669.0,1.0976047904191617,12.0,14.0,95808,41932,161172,0,0,11,3.027169118440619,False,0.0003711952487008166,0.0002787068004459309,0,mix
7.6963920000052894,1732.0,1387.0,1.2478386167146973,12.0,14.0,95808,41932,161172,0,0,11,3.027169118440619,False,0.0003711952487008166,0.0002787068004459309,0,mix
7.716167999999016,1732.0,1385.0,1.2496392496392497,11.0,14.0,95808,41932,161172,0,0,11,3.027169118440619,False,0.0003711952487008166,0.0002787068004459309,0,mix
7.737593999998353,1953.0,2881.0,0.6776544066620402,15.0,18.0,95808,41932,161172,0,0,11,3.027169118440619,False,0.0003711952487008166,0.0002787068004459309,0,mix
7.772823999999673,1732.0,1386.0,1.2487382840663301,11.0,14.0,95808,41932,161172,0,0,11,3.027169118440619,False,0.0003711952487008166,0.0002787068004459309,0,mix
7.787248000000545,1732.0,1387.0,1.2478386167146973,11.0,14.0,95808,41932,161172,0,0,11,3.027169118440619,False,0.0003711952487008166,0.0002787068004459309,0,mix
7.804366999997001,1848.0,1669.0,1.1065868263473053,13.0,16.0,95808,41932,161172,0,0,11,3.027169118440619,False,0.0003711952487008166,0.0002787068004459309,0,mix
7.828711999994994,1732.0,1386.0,1.2487382840663301,11.0,12.0,95808,41932,161172,0,0,11,3.027169118440619,False,0.0003711952487008166,0.0002787068004459309,0,mix
7.850852999996277,1732.0,1385.0,1.2496392496392497,11.0,14.0,95808,41932,161172,0,0,11,3.027169118440619,False,0.0003711952487008166,0.0002787068004459309,0,mix
7.828303999995114,1833.0,1841.0,0.995114006514658,12.0,14.0,95808,41932,161172,0,0,11,3.027169118440619,False,0.0003711952487008166,0.0002787068004459309,0,mix
7.854709999999613,1732.0,1387.0,1.2478386167146973,11.0,14.0,95808,41932,161172,0,0,11,3.027169118440619,False,0.0003711952487008166,0.0002787068004459309,0,mix
7.959172000002582,1732.0,1386.0,1.2487382840663301,11.0,14.0,95808,41932,161172,0,0,11,3.027169118440619,False,0.0003711952487008166,0.0002787068004459309,0,mix
7.894888999995601,12224.0,1821.0,6.709110867178924,22.0,26.0,95808,41932,161172,0,0,11,3.027169118440619,False,0.0003711952487008166,0.0002787068004459309,0,mix
7.95118000000366,1732.0,1387.0,1.2478386167146973,11.0,14.0,95808,41932,161172,0,0,11,3.027169118440619,False,0.0003711952487008166,0.0002787068004459309,0,mix
7.953439000004437,1732.0,1386.0,1.2487382840663301,12.0,14.0,95808,41932,161172,0,0,11,3.027169118440619,False,0.0003711952487008166,0.0002787068004459309,0,mix
8.011093000000983,1833.0,1838.0,0.9967373572593801,12.0,14.0,95808,41932,161172,0,0,11,3.027169118440619,False,0.0003711952487008166,0.0002787068004459309,0,mix
2.993827999998757,3542.0,3025.0,1.170522141440846,14.0,19.0,241151,175548,40599,0,0,15,3.0565647621309537,False,0.004608294930875576,0.005208333333333333,0,mix
8.030088999999862,1732.0,1386.0,1.2487382840663301,11.0,14.0,95808,41932,161172,0,0,11,3.027169118440619,False,0.0003711952487008166,0.0002787068004459309,0,mix
8.037381000001915,1732.0,1386.0,1.2487382840663301,12.0,14.0,95808,41932,161172,0,0,11,3.027169118440619,False,0.0003711952487008166,0.0002787068004459309,0,mix
8.040967000000819,1833.0,1669.0,1.0976047904191617,12.0,14.0,95808,41932,161172,0,0,11,3.027169118440619,False,0.0003711952487008166,0.0002787068004459309,0,mix
8.087508999997226,1732.0,1386.0,1.2487382840663301,11.0,14.0,95808,41932,161172,0,0,11,3.027169118440619,False,0.0003711952487008166,0.0002787068004459309,0,mix
8.0504179999989,1732.0,1386.0,1.2487382840663301,10.0,12.0,95808,41932,161172,0,0,11,3.027169118440619,False,0.0003711952487008166,0.0002787068004459309,0,mix
8.092555999995966,1833.0,1671.0,1.0962918660287082,12.0,14.0,95808,41932,161172,0,0,11,3.027169118440619,False,0.0003711952487008166,0.0002787068004459309,0,mix
8.123374000002514,1732.0,1386.0,1.2487382840663301,11.0,14.0,95808,41932,161172,0,0,11,3.027169118440619,False,0.0003711952487008166,0.0002787068004459309,0,mix
8.133186999999452,1732.0,1387.0,1.2478386167146973,12.0,14.0,95808,41932,161172,0,0,11,3.027169118440619,False,0.0003711952487008166,0.0002787068004459309,0,mix
8.1199059999999,1833.0,1670.0,1.0969479353680431,12.0,14.0,95808,41932,161172,0,0,11,3.027169118440619,False,0.0003711952487008166,0.0002787068004459309,0,mix
8.171016000000236,1732.0,1386.0,1.2487382840663301,11.0,14.0,95808,41932,161172,0,0,11,3.027169118440619,False,0.0003711952487008166,0.0002787068004459309,0,mix
8.230653000005987,1732.0,1385.0,1.2496392496392497,11.0,14.0,95808,41932,161172,0,0,11,3.027169118440619,False,0.0003711952487008166,0.0002787068004459309,0,mix
8.210357999996631,1833.0,1669.0,1.0976047904191617,13.0,16.0,95808,41932,161172,0,0,11,3.027169118440619,False,0.0003711952487008166,0.0002787068004459309,0,mix
8.24441300000035,1732.0,1386.0,1.2487382840663301,12.0,14.0,95808,41932,161172,0,0,11,3.027169118440619,False,0.0003711952487008166,0.0002787068004459309,0,mix
8.266717999998946,1732.0,1387.0,1.2478386167146973,11.0,14.0,95808,41932,161172,0,0,11,3.027169118440619,False,0.0003711952487008166,0.0002787068004459309,0,mix
8.28041200000007,1833.0,1669.0,1.0976047904191617,13.0,16.0,95808,41932,161172,0,0,11,3.027169118440619,False,0.0003711952487008166,0.0002787068004459309,0,mix
8.30057300000044,1732.0,1386.0,1.2487382840663301,11.0,14.0,95808,41932,161172,0,0,11,3.027169118440619,False,0.0003711952487008166,0.0002787068004459309,0,mix
8.331698999994842,12166.0,1538.0,7.905133203378817,20.0,22.0,95808,41932,161172,0,0,11,3.027169118440619,False,0.0003711952487008166,0.0002787068004459309,0,mix
8.3326390000002,1953.0,2835.0,0.6886459802538787,14.0,18.0,95808,41932,161172,0,0,11,3.027169118440619,False,0.0003711952487008166,0.0002787068004459309,0,mix
8.430856000006315,1732.0,1387.0,1.2478386167146973,11.0,14.0,95808,41932,161172,0,0,11,3.027169118440619,False,0.0003711952487008166,0.0002787068004459309,0,mix
8.360093000002962,1732.0,1386.0,1.2487382840663301,11.0,12.0,95808,41932,161172,0,0,11,3.027169118440619,False,0.0003711952487008166,0.0002787068004459309,0,mix
8.408080000001064,1833.0,1692.0,1.082693443591258,12.0,14.0,95808,41932,161172,0,0,11,3.027169118440619,False,0.0003711952487008166,0.0002787068004459309,0,mix
8.426829000003636,1732.0,1386.0,1.2487382840663301,10.0,12.0,95808,41932,161172,0,0,11,3.027169118440619,False,0.0003711952487008166,0.0002787068004459309,0,mix
8.437315999995917,1732.0,1386.0,1.2487382840663301,12.0,14.0,95808,41932,161172,0,0,11,3.027169118440619,False,0.0003711952487008166,0.0002787068004459309,0,mix
8.46842800000013,1848.0,5198.0,0.3554529717253318,13.0,17.0,95808,41932,161172,0,0,11,3.027169118440619,False,0.0003711952487008166,0.0002787068004459309,0,mix
7.718334999997751,1034.0,7437.0,0.13901586447969885,14.0,20.0,95808,69425,161172,0,0,13,3.3927474104487847,False,0.022222222222222223,0.0002787068004459309,0,mix
8.479581999999937,1732.0,1387.0,1.2478386167146973,12.0,14.0,95808,41932,161172,0,0,11,3.027169118440619,False,0.0003711952487008166,0.0002787068004459309,0,mix
8.51433000000543,1732.0,1388.0,1.2469402447804177,12.0,14.0,95808,41932,161172,0,0,11,3.027169118440619,False,0.0003711952487008166,0.0002787068004459309,0,mix
8.517717000002449,1833.0,1672.0,1.0956365809922295,12.0,14.0,95808,41932,161172,0,0,11,3.027169118440619,False,0.0003711952487008166,0.0002787068004459309,0,mix
8.547534999997879,1732.0,1388.0,1.2469402447804177,10.0,12.0,95808,41932,161172,0,0,11,3.027169118440619,False,0.0003711952487008166,0.0002787068004459309,0,mix
8.557860000000801,1732.0,1386.0,1.2487382840663301,11.0,12.0,95808,41932,161172,0,0,11,3.027169118440619,False,0.0003711952487008166,0.0002787068004459309,0,mix
8.57141799999954,12218.0,1945.0,6.278520041109969,21.0,24.0,95808,41932,161172,0,0,11,3.027169118440619,False,0.0003711952487008166,0.0002787068004459309,0,mix
2.5641140000007,3621.0,2742.0,1.3200874954429458,15.0,18.0,241151,175548,40599,0,0,15,3.0565647621309537,False,0.004608294930875576,0.005208333333333333,0,mix
8.61068399999931,1732.0,1386.0,1.2487382840663301,11.0,14.0,95808,41932,161172,0,0,11,3.027169118440619,False,0.0003711952487008166,0.0002787068004459309,0,mix
8.628794000003836,1732.0,1387.0,1.2478386167146973,11.0,12.0,95808,41932,161172,0,0,11,3.027169118440619,False,0.0003711952487008166,0.0002787068004459309,0,mix
8.629797000001417,1833.0,1669.0,1.0976047904191617,13.0,16.0,95808,41932,161172,0,0,11,3.027169118440619,False,0.0003711952487008166,0.0002787068004459309,0,mix
8.648285000002943,1732.0,1388.0,1.2469402447804177,12.0,14.0,95808,41932,161172,0,0,11,3.027169118440619,False,0.0003711952487008166,0.0002787068004459309,0,mix
8.670087999998941,1732.0,1387.0,1.2478386167146973,12.0,14.0,95808,41932,161172,0,0,11,3.027169118440619,False,0.0003711952487008166,0.0002787068004459309,0,mix
8.68975400000636,1833.0,1668.0,1.098262432594368,12.0,14.0,95808,41932,161172,0,0,11,3.027169118440619,False,0.0003711952487008166,0.0002787068004459309,0,mix
8.719841999998607,1732.0,1387.0,1.2478386167146973,12.0,14.0,95808,41932,161172,0,0,11,3.027169118440619,False,0.0003711952487008166,0.0002787068004459309,0,mix
7.664808000001358,3388.0,36902.0,0.0918082540714847,25.0,41.0,241151,175548,40599,0,0,15,3.0565647621309537,False,0.004608294930875576,0.005208333333333333,0,mix
8.733927000001131,1732.0,1387.0,1.2478386167146973,12.0,14.0,95808,41932,161172,0,0,11,3.027169118440619,False,0.0003711952487008166,0.0002787068004459309,0,mix
7.742108999998891,1848.0,1671.0,1.105263157894737,13.0,16.0,95808,41932,161172,0,0,11,3.027169118440619,False,0.0003711952487008166,0.0002787068004459309,0,mix
7.790742000004684,1732.0,1388.0,1.2469402447804177,11.0,14.0,95808,41932,161172,0,0,11,3.027169118440619,False,0.0003711952487008166,0.0002787068004459309,0,mix
7.793617999996059,1732.0,1387.0,1.2478386167146973,11.0,14.0,95808,41932,161172,0,0,11,3.027169118440619,False,0.0003711952487008166,0.0002787068004459309,0,mix
7.809437999996589,1833.0,1693.0,1.0820543093270365,13.0,16.0,95808,41932,161172,0,0,11,3.027169118440619,False,0.0003711952487008166,0.0002787068004459309,0,mix
7.808031000000483,1732.0,1387.0,1.2478386167146973,12.0,14.0,95808,41932,161172,0,0,11,3.027169118440619,False,0.0003711952487008166,0.0002787068004459309,0,mix
7.844157999999879,1732.0,1387.0,1.2478386167146973,12.0,14.0,95808,41932,161172,0,0,11,3.027169118440619,False,0.0003711952487008166,0.0002787068004459309,0,mix
7.864888999996765,1833.0,1693.0,1.0820543093270365,13.0,16.0,95808,41932,161172,0,0,11,3.027169118440619,False,0.0003711952487008166,0.0002787068004459309,0,mix
7.895252000002074,1732.0,1388.0,1.2469402447804177,11.0,14.0,95808,41932,161172,0,0,11,3.027169118440619,False,0.0003711952487008166,0.0002787068004459309,0,mix
7.901102000003448,1732.0,1386.0,1.2487382840663301,12.0,14.0,95808,41932,161172,0,0,11,3.027169118440619,False,0.0003711952487008166,0.0002787068004459309,0,mix
7.927305000004708,14914.0,3099.0,4.8109677419354835,25.0,29.0,95808,41932,161172,0,0,11,3.027169118440619,False,0.0003711952487008166,0.0002787068004459309,0,mix
7.959750000001804,1732.0,1386.0,1.2487382840663301,12.0,14.0,95808,41932,161172,0,0,11,3.027169118440619,False,0.0003711952487008166,0.0002787068004459309,0,mix
7.970529999998689,1732.0,1388.0,1.2469402447804177,12.0,14.0,95808,41932,161172,0,0,11,3.027169118440619,False,0.0003711952487008166,0.0002787068004459309,0,mix
7.998187999997754,1833.0,1670.0,1.0969479353680431,13.0,16.0,95808,41932,161172,0,0,11,3.027169118440619,False,0.0003711952487008166,0.0002787068004459309,0,mix
8.001914000000397,1807.0,8545.0,0.21144395038614555,15.0,22.0,95808,67117,161172,0,0,11,3.027169118440619,False,0.0003711952487008166,0.0002787068004459309,0,mix
7.348329000000376,1210.0,73839.0,0.016386782231852654,32.0,81.0,95808,69425,161172,0,0,13,3.3927474104487847,False,0.022222222222222223,0.0002787068004459309,0,mix
8.036018999999214,1733.0,1385.0,1.2503607503607503,10.0,12.0,95808,41932,161172,0,0,11,3.027169118440619,False,0.0003711952487008166,0.0002787068004459309,0,mix
8.048893999999564,1834.0,1669.0,1.0982035928143712,13.0,16.0,95808,41932,161172,0,0,11,3.027169118440619,False,0.0003711952487008166,0.0002787068004459309,0,mix
8.024923999997554,1733.0,1385.0,1.2503607503607503,10.0,12.0,95808,41932,161172,0,0,11,3.027169118440619,False,0.0003711952487008166,0.0002787068004459309,0,mix
8.078789999999572,1733.0,1384.0,1.2512635379061372,11.0,14.0,95808,41932,161172,0,0,11,3.027169118440619,False,0.0003711952487008166,0.0002787068004459309,0,mix
8.06483599999774,1848.0,1668.0,1.1072498502097063,12.0,14.0,95808,41932,161172,0,0,11,3.027169118440619,False,0.0003711952487008166,0.0002787068004459309,0,mix
8.111761000000115,1733.0,1384.0,1.2512635379061372,11.0,14.0,95808,41932,161172,0,0,11,3.027169118440619,False,0.0003711952487008166,0.0002787068004459309,0,mix
8.13098799999716,1733.0,1384.0,1.2512635379061372,11.0,14.0,95808,41932,161172,0,0,11,3.027169118440619,False,0.0003711952487008166,0.0002787068004459309,0,mix
8.143877000002249,1834.0,1669.0,1.0982035928143712,13.0,16.0,95808,41932,161172,0,0,11,3.027169118440619,False,0.0003711952487008166,0.0002787068004459309,0,mix
2.120288999998592,3252.0,2677.0,1.214339058999253,14.0,17.0,241151,175548,40599,0,0,15,3.0565647621309537,False,0.004608294930875576,0.005208333333333333,0,mix
8.140292999996745,1733.0,1383.0,1.2521676300578035,11.0,14.0,95808,41932,161172,0,0,11,3.027169118440619,False,0.0003711952487008166,0.0002787068004459309,0,mix
8.188648000003013,1733.0,1385.0,1.2503607503607503,12.0,14.0,95808,41932,161172,0,0,11,3.027169118440619,False,0.0003711952487008166,0.0002787068004459309,0,mix
8.206107000005431,1848.0,1668.0,1.1072498502097063,13.0,16.0,95808,41932,161172,0,0,11,3.027169118440619,False,0.0003711952487008166,0.0002787068004459309,0,mix
8.221255999997084,1733.0,1385.0,1.2503607503607503,11.0,12.0,95808,41932,161172,0,0,11,3.027169118440619,False,0.0003711952487008166,0.0002787068004459309,0,mix
8.237752999993972,1733.0,1384.0,1.2512635379061372,11.0,14.0,95808,41932,161172,0,0,11,3.027169118440619,False,0.0003711952487008166,0.0002787068004459309,0,mix
8.256853999999294,1834.0,1668.0,1.0988615937687238,13.0,16.0,95808,41932,161172,0,0,11,3.027169118440619,False,0.0003711952487008166,0.0002787068004459309,0,mix
8.278896000003442,1733.0,1386.0,1.249459264599856,11.0,12.0,95808,41932,161172,0,0,11,3.027169118440619,False,0.0003711952487008166,0.0002787068004459309,0,mix
8.300172999995993,12169.0,1537.0,7.91222366710013,20.0,22.0,95808,41932,161172,0,0,11,3.027169118440619,False,0.0003711952487008166,0.0002787068004459309,0,mix
8.250299999999697,1848.0,1669.0,1.1065868263473053,13.0,16.0,95808,41932,161172,0,0,11,3.027169118440619,False,0.0003711952487008166,0.0002787068004459309,0,mix
8.355003000004217,1733.0,1384.0,1.2512635379061372,12.0,14.0,95808,41932,161172,0,0,11,3.027169118440619,False,0.0003711952487008166,0.0002787068004459309,0,mix
8.317488000000594,1733.0,1386.0,1.249459264599856,11.0,14.0,95808,41932,161172,0,0,11,3.027169118440619,False,0.0003711952487008166,0.0002787068004459309,0,mix
8.388203999995312,1834.0,1668.0,1.0988615937687238,12.0,14.0,95808,41932,161172,0,0,11,3.027169118440619,False,0.0003711952487008166,0.0002787068004459309,0,mix
8.400942000000214,1733.0,1384.0,1.2512635379061372,11.0,14.0,95808,41932,161172,0,0,11,3.027169118440619,False,0.0003711952487008166,0.0002787068004459309,0,mix
8.45207400000072,1733.0,1385.0,1.2503607503607503,11.0,14.0,95808,41932,161172,0,0,11,3.027169118440619,False,0.0003711952487008166,0.0002787068004459309,0,mix
8.501992999998038,1834.0,1667.0,1.0995203836930456,13.0,16.0,95808,41932,161172,0,0,11,3.027169118440619,False,0.0003711952487008166,0.0002787068004459309,0,mix
8.503670999998576,1733.0,4484.0,0.3863991081382386,12.0,16.0,95808,41932,161172,0,0,11,3.027169118440619,False,0.0003711952487008166,0.0002787068004459309,0,mix
8.51791499999672,1733.0,1385.0,1.2503607503607503,11.0,14.0,95808,41932,161172,0,0,11,3.027169118440619,False,0.0003711952487008166,0.0002787068004459309,0,mix
8.522949999998673,1954.0,2980.0,0.6554847366655485,15.0,18.0,95808,41932,161172,0,0,11,3.027169118440619,False,0.0003711952487008166,0.0002787068004459309,0,mix
8.568999000002805,1733.0,1385.0,1.2503607503607503,12.0,14.0,95808,41932,161172,0,0,11,3.027169118440619,False,0.0003711952487008166,0.0002787068004459309,0,mix
8.573454000004858,1733.0,1384.0,1.2512635379061372,11.0,14.0,95808,41932,161172,0,0,11,3.027169118440619,False,0.0003711952487008166,0.0002787068004459309,0,mix
8.59443299999839,12218.0,1821.0,6.705817782656421,23.0,26.0,95808,41932,161172,0,0,11,3.027169118440619,False,0.0003711952487008166,0.0002787068004459309,0,mix
8.61652999999933,1733.0,1385.0,1.2503607503607503,11.0,14.0,95808,41932,161172,0,0,11,3.027169118440619,False,0.0003711952487008166,0.0002787068004459309,0,mix
8.627157000002626,1733.0,1385.0,1.2503607503607503,11.0,14.0,95808,41932,161172,0,0,11,3.027169118440619,False,0.0003711952487008166,0.0002787068004459309,0,mix
8.611409999997704,1834.0,1670.0,1.0975463794135247,13.0,16.0,95808,41932,161172,0,0,11,3.027169118440619,False,0.0003711952487008166,0.0002787068004459309,0,mix
8.672955999994883,1733.0,1385.0,1.2503607503607503,10.0,12.0,95808,41932,161172,0,0,11,3.027169118440619,False,0.0003711952487008166,0.0002787068004459309,0,mix
8.68773499999952,1733.0,1386.0,1.249459264599856,10.0,12.0,95808,41932,161172,0,0,11,3.027169118440619,False,0.0003711952487008166,0.0002787068004459309,0,mix
8.678672000001825,1834.0,1663.0,1.1021634615384615,12.0,14.0,95808,41932,161172,0,0,11,3.027169118440619,False,0.0003711952487008166,0.0002787068004459309,0,mix
8.706927999999607,1733.0,1384.0,1.2512635379061372,11.0,12.0,95808,41932,161172,0,0,11,3.027169118440619,False,0.0003711952487008166,0.0002787068004459309,0,mix
8.729651000001468,1733.0,1384.0,1.2512635379061372,10.0,12.0,95808,41932,161172,0,0,11,3.027169118440619,False,0.0003711952487008166,0.0002787068004459309,0,mix
8.747346999996807,1834.0,1669.0,1.0982035928143712,13.0,16.0,95808,41932,161172,0,0,11,3.027169118440619,False,0.0003711952487008166,0.0002787068004459309,0,mix
1.7284149999977672,3332.0,2992.0,1.1132642833277648,14.0,17.0,241151,175548,40599,0,0,15,3.0565647621309537,False,0.004608294930875576,0.005208333333333333,0,mix
8.784128999999666,1733.0,1384.0,1.2512635379061372,12.0,14.0,95808,41932,161172,0,0,11,3.027169118440619,False,0.0003711952487008166,0.0002787068004459309,0,mix
8.82882800000516,1733.0,1385.0,1.2503607503607503,11.0,14.0,95808,41932,161172,0,0,11,3.027169118440619,False,0.0003711952487008166,0.0002787068004459309,0,mix
8.819484999999986,1848.0,1692.0,1.0915534554046071,13.0,16.0,95808,41932,161172,0,0,11,3.027169118440619,False,0.0003711952487008166,0.0002787068004459309,0,mix
8.84830100000545,1733.0,1385.0,1.2503607503607503,11.0,14.0,95808,41932,161172,0,0,11,3.027169118440619,False,0.0003711952487008166,0.0002787068004459309,0,mix
8.868514000001596,1733.0,1384.0,1.2512635379061372,12.0,14.0,95808,41932,161172,0,0,11,3.027169118440619,False,0.0003711952487008166,0.0002787068004459309,0,mix
8.893223999999464,1834.0,1840.0,0.9961977186311787,14.0,16.0,95808,41932,161172,0,0,11,3.027169118440619,False,0.0003711952487008166,0.0002787068004459309,0,mix
8.904119999999239,1733.0,1386.0,1.249459264599856,10.0,12.0,95808,41932,161172,0,0,11,3.027169118440619,False,0.0003711952487008166,0.0002787068004459309,0,mix
8.880832000002556,1733.0,1385.0,1.2503607503607503,11.0,14.0,95808,41932,161172,0,0,11,3.027169118440619,False,0.0003711952487008166,0.0002787068004459309,0,mix
8.950778999998874,1834.0,1667.0,1.0995203836930456,13.0,16.0,95808,41932,161172,0,0,11,3.027169118440619,False,0.0003711952487008166,0.0002787068004459309,0,mix
8.975738000001002,1733.0,1385.0,1.2503607503607503,11.0,14.0,95808,41932,161172,0,0,11,3.027169118440619,False,0.0003711952487008166,0.0002787068004459309,0,mix
8.995575000000827,12167.0,1536.0,7.916070266753416,21.0,24.0,95808,41932,161172,0,0,11,3.027169118440619,False,0.0003711952487008166,0.0002787068004459309,0,mix
9.019600999999966,1834.0,1838.0,0.9972811310494835,13.0,16.0,95808,41932,161172,0,0,11,3.027169118440619,False,0.0003711952487008166,0.0002787068004459309,0,mix
9.02704100000119,1733.0,1385.0,1.2503607503607503,11.0,14.0,95808,41932,161172,0,0,11,3.027169118440619,False,0.0003711952487008166,0.0002787068004459309,0,mix
9.0701790000021,1733.0,1386.0,1.249459264599856,11.0,12.0,95808,41932,161172,0,0,11,3.027169118440619,False,0.0003711952487008166,0.0002787068004459309,0,mix
9.058123999995589,1834.0,1668.0,1.0988615937687238,13.0,16.0,95808,41932,161172,0,0,11,3.027169118440619,False,0.0003711952487008166,0.0002787068004459309,0,mix
9.090842000005068,1733.0,1385.0,1.2503607503607503,10.0,12.0,95808,41932,161172,0,0,11,3.027169118440619,False,0.0003711952487008166,0.0002787068004459309,0,mix
9.13392400000157,1733.0,1384.0,1.2512635379061372,10.0,12.0,95808,41932,161172,0,0,11,3.027169118440619,False,0.0003711952487008166,0.0002787068004459309,0,mix
9.09446200000093,1954.0,2988.0,0.6537303445968551,15.0,18.0,95808,41932,161172,0,0,11,3.027169118440619,False,0.0003711952487008166,0.0002787068004459309,0,mix
9.16320000000269,1733.0,1385.0,1.2503607503607503,12.0,14.0,95808,41932,161172,0,0,11,3.027169118440619,False,0.0003711952487008166,0.0002787068004459309,0,mix
9.195143999997526,1733.0,1386.0,1.249459264599856,11.0,14.0,95808,41932,161172,0,0,11,3.027169118440619,False,0.0003711952487008166,0.0002787068004459309,0,mix
9.20012499999575,1834.0,1839.0,0.9967391304347826,13.0,16.0,95808,41932,161172,0,0,11,3.027169118440619,False,0.0003711952487008166,0.0002787068004459309,0,mix
9.233790000005683,1733.0,1384.0,1.2512635379061372,12.0,14.0,95808,41932,161172,0,0,11,3.027169118440619,False,0.0003711952487008166,0.0002787068004459309,0,mix
9.36255600000004,1733.0,1386.0,1.249459264599856,11.0,14.0,95808,41932,161172,0,0,11,3.027169118440619,False,0.0003711952487008166,0.0002787068004459309,0,mix
9.274029000000157,12238.0,1819.0,6.724175824175824,22.0,26.0,95808,41932,161172,0,0,11,3.027169118440619,False,0.0003711952487008166,0.0002787068004459309,0,mix
9.28829499999847,1733.0,1385.0,1.2503607503607503,11.0,12.0,95808,41932,161172,0,0,11,3.027169118440619,False,0.0003711952487008166,0.0002787068004459309,0,mix
9.281091999997445,1733.0,5060.0,0.342422446156886,13.0,17.0,95808,41932,161172,0,0,11,3.027169118440619,False,0.0003711952487008166,0.0002787068004459309,0,mix
8.619920999997703,1112.0,72979.0,0.015237051246916964,40.0,101.0,95808,69425,161172,0,0,13,3.3927474104487847,False,0.022222222222222223,0.0002787068004459309,0,mix
9.334340000001248,1833.0,1670.0,1.0969479353680431,13.0,16.0,95808,41932,161172,0,0,11,3.027169118440619,False,0.0003711952487008166,0.0002787068004459309,0,mix
9.341520000001765,1732.0,1386.0,1.2487382840663301,10.0,12.0,95808,41932,161172,0,0,11,3.027169118440619,False,0.0003711952487008166,0.0002787068004459309,0,mix
9.369684999997844,1732.0,1386.0,1.2487382840663301,12.0,14.0,95808,41932,161172,0,0,11,3.027169118440619,False,0.0003711952487008166,0.0002787068004459309,0,mix
9.369221000000834,1848.0,1695.0,1.0896226415094339,13.0,16.0,95808,41932,161172,0,0,11,3.027169118440619,False,0.0003711952487008166,0.0002787068004459309,0,mix
10.357144000001426,3395.0,2729.0,1.2435897435897436,15.0,18.0,241151,175548,40599,0,0,15,3.0565647621309537,False,0.004608294930875576,0.005208333333333333,0,mix
9.393286999998963,1732.0,1386.0,1.2487382840663301,11.0,14.0,95808,41932,161172,0,0,11,3.027169118440619,False,0.0003711952487008166,0.0002787068004459309,0,mix
9.42879399999947,1732.0,1385.0,1.2496392496392497,11.0,14.0,95808,41932,161172,0,0,11,3.027169118440619,False,0.0003711952487008166,0.0002787068004459309,0,mix
9.448043999997026,1833.0,1670.0,1.0969479353680431,12.0,14.0,95808,41932,161172,0,0,11,3.027169118440619,False,0.0003711952487008166,0.0002787068004459309,0,mix
9.4657109999971,1732.0,1386.0,1.2487382840663301,12.0,14.0,95808,41932,161172,0,0,11,3.027169118440619,False,0.0003711952487008166,0.0002787068004459309,0,mix
9.509473000005528,1732.0,1386.0,1.2487382840663301,12.0,14.0,95808,41932,161172,0,0,11,3.027169118440619,False,0.0003711952487008166,0.0002787068004459309,0,mix
9.424894999996468,1833.0,1669.0,1.0976047904191617,12.0,14.0,95808,41932,161172,0,0,11,3.027169118440619,False,0.0003711952487008166,0.0002787068004459309,0,mix
9.527361000000385,1732.0,1386.0,1.2487382840663301,11.0,14.0,95808,41932,161172,0,0,11,3.027169118440619,False,0.0003711952487008166,0.0002787068004459309,0,mix
9.561541000002762,1732.0,1386.0,1.2487382840663301,11.0,14.0,95808,41932,161172,0,0,11,3.027169118440619,False,0.0003711952487008166,0.0002787068004459309,0,mix
9.579916999995476,1833.0,1668.0,1.098262432594368,13.0,16.0,95808,41932,161172,0,0,11,3.027169118440619,False,0.0003711952487008166,0.0002787068004459309,0,mix
9.596166999996058,1732.0,1386.0,1.2487382840663301,11.0,14.0,95808,41932,161172,0,0,11,3.027169118440619,False,0.0003711952487008166,0.0002787068004459309,0,mix
9.661393000002136,1732.0,1386.0,1.2487382840663301,12.0,14.0,95808,41932,161172,0,0,11,3.027169118440619,False,0.0003711952487008166,0.0002787068004459309,0,mix
9.659191000006103,1833.0,1695.0,1.0807783018867925,13.0,16.0,95808,41932,161172,0,0,11,3.027169118440619,False,0.0003711952487008166,0.0002787068004459309,0,mix
9.678035000004456,1732.0,1386.0,1.2487382840663301,12.0,14.0,95808,41932,161172,0,0,11,3.027169118440619,False,0.0003711952487008166,0.0002787068004459309,0,mix
9.69475799999782,12168.0,1537.0,7.911573472041613,21.0,24.0,95808,41932,161172,0,0,11,3.027169118440619,False,0.0003711952487008166,0.0002787068004459309,0,mix
9.715854999994916,1833.0,1670.0,1.0969479353680431,13.0,16.0,95808,41932,161172,0,0,11,3.027169118440619,False,0.0003711952487008166,0.0002787068004459309,0,mix
9.743507999999563,1732.0,1386.0,1.2487382840663301,12.0,14.0,95808,41932,161172,0,0,11,3.027169118440619,False,0.0003711952487008166,0.0002787068004459309,0,mix
9.78153100000054,1732.0,1387.0,1.2478386167146973,12.0,14.0,95808,41932,161172,0,0,11,3.027169118440619,False,0.0003711952487008166,0.0002787068004459309,0,mix
9.77805200000148,1953.0,2988.0,0.6533957845433255,15.0,18.0,95808,41932,161172,0,0,11,3.027169118440619,False,0.0003711952487008166,0.0002787068004459309,0,mix
9.810692000006384,1732.0,1386.0,1.2487382840663301,11.0,12.0,95808,41932,161172,0,0,11,3.027169118440619,False,0.0003711952487008166,0.0002787068004459309,0,mix
9.821678000000247,1732.0,1385.0,1.2496392496392497,11.0,14.0,95808,41932,161172,0,0,11,3.027169118440619,False,0.0003711952487008166,0.0002787068004459309,0,mix
9.848621999997704,1848.0,1816.0,1.0170610897083103,13.0,16.0,95808,41932,161172,0,0,11,3.027169118440619,False,0.0003711952487008166,0.0002787068004459309,0,mix
9.863190999996732,1732.0,1386.0,1.2487382840663301,10.0,12.0,95808,41932,161172,0,0,11,3.027169118440619,False,0.0003711952487008166,0.0002787068004459309,0,mix
9.873833999998167,1732.0,1387.0,1.2478386167146973,11.0,12.0,95808,41932,161172,0,0,11,3.027169118440619,False,0.0003711952487008166,0.0002787068004459309,0,mix
9.900393000003533,1833.0,1841.0,0.995114006514658,12.0,14.0,95808,41932,161172,0,0,11,3.027169118440619,False,0.0003711952487008166,0.0002787068004459309,0,mix
9.909863999993831,1732.0,1386.0,1.2487382840663301,12.0,14.0,95808,41932,161172,0,0,11,3.027169118440619,False,0.0003711952487008166,0.0002787068004459309,0,mix
9.893138999999792,1732.0,1386.0,1.2487382840663301,11.0,14.0,95808,41932,161172,0,0,11,3.027169118440619,False,0.0003711952487008166,0.0002787068004459309,0,mix
9.949864999995045,12213.0,1822.0,6.6993965990126165,21.0,24.0,95808,41932,161172,0,0,11,3.027169118440619,False,0.0003711952487008166,0.0002787068004459309,0,mix
9.9649400000053,1732.0,1386.0,1.2487382840663301,11.0,14.0,95808,41932,161172,0,0,11,3.027169118440619,False,0.0003711952487008166,0.0002787068004459309,0,mix
10.002357999997912,1732.0,1385.0,1.2496392496392497,11.0,12.0,95808,41932,161172,0,0,11,3.027169118440619,False,0.0003711952487008166,0.0002787068004459309,0,mix
10.053509999997914,1833.0,1669.0,1.0976047904191617,12.0,14.0,95808,41932,161172,0,0,11,3.027169118440619,False,0.0003711952487008166,0.0002787068004459309,0,mix
10.014384999994943,1732.0,1386.0,1.2487382840663301,11.0,14.0,95808,41932,161172,0,0,11,3.027169118440619,False,0.0003711952487008166,0.0002787068004459309,0,mix
9.99493999999686,3472.0,2559.0,1.35625,14.0,17.0,241151,175548,40599,0,0,15,3.0565647621309537,False,0.004608294930875576,0.005208333333333333,0,mix
10.046164999999746,1732.0,1386.0,1.2487382840663301,12.0,14.0,95808,41932,161172,0,0,11,3.027169118440619,False,0.0003711952487008166,0.0002787068004459309,0,mix
10.04794899999979,1833.0,1669.0,1.0976047904191617,12.0,14.0,95808,41932,161172,0,0,11,3.027169118440619,False,0.0003711952487008166,0.0002787068004459309,0,mix
10.098860999998578,1732.0,1387.0,1.2478386167146973,11.0,12.0,95808,41932,161172,0,0,11,3.027169118440619,False,0.0003711952487008166,0.0002787068004459309,0,mix
10.111734999998587,1732.0,1387.0,1.2478386167146973,12.0,14.0,95808,41932,161172,0,0,11,3.027169118440619,False,0.0003711952487008166,0.0002787068004459309,0,mix
10.1208620000034,1833.0,1692.0,1.082693443591258,13.0,16.0,95808,41932,161172,0,0,11,3.027169118440619,False,0.0003711952487008166,0.0002787068004459309,0,mix
10.151138999994146,1732.0,1387.0,1.2478386167146973,11.0,14.0,95808,41932,161172,0,0,11,3.027169118440619,False,0.0003711952487008166,0.0002787068004459309,0,mix
10.189532000003965,1732.0,1385.0,1.2496392496392497,12.0,14.0,95808,41932,161172,0,0,11,3.027169118440619,False,0.0003711952487008166,0.0002787068004459309,0,mix
10.94581499999913,1156.0,69329.0,0.016673878551853455,40.0,92.0,95808,210493,161172,0,0,14,2.78845045730829,False,0.5,0.0002787068004459309,0,mix
0.438292999999248,643.0,6244.0,0.10296236989591673,11.0,14.0,95808,210493,161172,0,0,14,2.78845045730829,False,0.5,0.0002787068004459309,0,mix
10.191341000005195,12754.0,4269.0,2.9868852459016395,25.0,30.0,95808,41932,161172,0,0,11,3.027169118440619,False,0.0003711952487008166,0.0002787068004459309,0,mix
3.858514999999897,8906.0,5555365.0,0.0016031346989559283,1969.0,6030.0,95808,69425,161172,0,0,13,3.3927474104487847,False,0.03225806451612903,0.0002787068004459309,0,mix
0.166970999998739,643.0,4198.0,0.1531316980233389,8.0,11.0,95808,69425,161172,0,0,13,3.3927474104487847,False,0.022222222222222223,0.0002787068004459309,0,mix
9.926674999995155,1453.0,82177.0,0.01768113120299837,40.0,98.0,95808,69425,161172,0,0,13,3.3927474104487847,False,0.022222222222222223,0.0002787068004459309,0,mix
9.99097299999994,1254.0,4407.0,0.28448275862068967,15.0,19.0,12919,67117,161172,0,0,15,3.32323142879762,False,0.037037037037037035,0.0048543689320388345,0,mix
9.7649689999962,2221.0,9309.0,0.23856068743286787,21.0,30.0,95808,67117,161172,0,0,15,3.32323142879762,False,0.037037037037037035,0.0002787068004459309,0,mix
9.162907999998424,1040.0,4934.0,0.21073961499493415,12.0,17.0,12919,69425,161172,0,0,15,3.373557262275185,False,0.14285714285714285,0.0048543689320388345,0,mix
8.232495000003837,2425.0,19252.0,0.1259543967173947,19.0,35.0,95808,41932,161172,0,0,11,3.027169118440619,False,0.0003711952487008166,0.0002787068004459309,0,mix
18.59274700000242,2964.0,7030.0,0.4215616555255298,25.0,29.0,95808,41932,161172,0,0,15,3.32323142879762,False,0.037037037037037035,0.0002787068004459309,0,mix
5.59423400000378,11816.0,3496.0,3.378896196740063,21.0,25.0,95808,41932,161172,0,0,11,3.027169118440619,False,0.0003711952487008166,0.0002787068004459309,0,mix
5.232746000001498,1124.0,57206.0,0.01964794518153373,28.0,72.0,95808,69425,161172,0,0,13,3.3927474104487847,False,0.022222222222222223,0.0002787068004459309,0,mix
3.484368999997969,1033.0,805.0,1.281637717121588,11.0,14.0,12919,41932,161172,0,0,15,3.32323142879762,False,0.037037037037037035,0.0048543689320388345,0,mix
9.417671000002883,14438.0,8449.0,1.7086390532544378,31.0,40.0,95808,41932,161172,0,0,11,3.027169118440619,False,0.0003711952487008166,0.0002787068004459309,0,mix
18.970042999993893,1600.0,52806.0,0.030299013388376542,35.0,72.0,95808,69425,161172,0,0,13,3.3927474104487847,False,0.022222222222222223,0.0002787068004459309,0,mix
0.110805999996955,643.0,4088.0,0.15725116165321595,7.0,8.0,95808,69425,161172,0,0,13,3.3927474104487847,False,0.03225806451612903,0.0002787068004459309,0,mix
4.498246000002837,2029.0,4485.0,0.45229603209986624,17.0,22.0,95808,41932,161172,0,0,15,3.32323142879762,False,0.037037037037037035,0.0002787068004459309,0,mix
1.655494000006001,1733.0,1384.0,1.2512635379061372,11.0,14.0,95808,41932,161172,0,0,11,3.027169118440619,False,0.0003711952487008166,0.0002787068004459309,0,mix
7.497386999995797,2100.0,3975.0,0.528169014084507,18.0,22.0,95808,41932,161172,0,0,15,3.32323142879762,False,0.037037037037037035,0.0002787068004459309,0,mix
6.59602299999824,12117.0,6711.0,1.805274135876043,26.0,32.0,95808,41932,161172,0,0,11,3.027169118440619,False,0.0003711952487008166,0.0002787068004459309,0,mix
5.323956999993243,1031.0,804.0,1.2807453416149068,11.0,14.0,12919,41932,161172,0,0,15,3.32323142879762,False,0.037037037037037035,0.0048543689320388345,0,mix
2.3479179999994813,1027.0,24347.0,0.04218005585674388,19.0,36.0,95808,69425,161172,0,0,13,3.3927474104487847,False,0.022222222222222223,0.0002787068004459309,0,mix
9.81425599999784,2751.0,3351.0,0.8207040572792362,19.0,21.0,95808,41932,161172,0,0,15,3.32323142879762,False,0.037037037037037035,0.0002787068004459309,0,mix
4.683104000003368,2290.0,4111.0,0.5569066147859922,16.0,20.0,95808,41932,161172,0,0,11,3.027169118440619,False,0.0003711952487008166,0.0002787068004459309,0,mix
10.064556999997876,1335.0,10752.0,0.12415139960941132,12.0,21.0,95808,69425,161172,0,0,13,3.3927474104487847,False,0.022222222222222223,0.0002787068004459309,0,mix
8.891932999998971,12037.0,12502.0,0.9627289450531873,26.0,37.0,95808,41932,161172,0,0,11,3.027169118440619,False,0.0003711952487008166,0.0002787068004459309,0,mix
6.202907999999297,2100.0,4239.0,0.49528301886792453,16.0,20.0,95808,41932,161172,0,0,15,3.32323142879762,False,0.037037037037037035,0.0002787068004459309,0,mix
11.13793799999985,3923.0,29179.0,0.1344413982179575,25.0,44.0,241151,175548,40599,0,0,15,3.0565647621309537,False,0.004608294930875576,0.005208333333333333,0,mix
1.271319999999832,1732.0,1384.0,1.2505415162454874,10.0,12.0,95808,41932,161172,0,0,11,3.027169118440619,False,0.0003711952487008166,0.0002787068004459309,0,mix
10.94194100000459,1191.0,11541.0,0.10318835557095823,15.0,22.0,95808,251181,161172,0,0,12,3.0220552088742,False,0.5,0.0002787068004459309,0,mix
0.7670219999999971,643.0,3258.0,0.19729978521018718,9.0,10.0,95808,251181,161172,0,0,12,3.0220552088742,False,0.5,0.0002787068004459309,0,mix
9.584149999995134,1202.0,411699.0,0.0029196016516881223,107.0,437.0,12919,69425,161172,0,0,22,3.538310595615005,False,0.5,0.0048543689320388345,0,mix
9.370622000002186,1811.0,194645.0,0.009304069952631958,81.0,151.0,95808,30502,161172,0,0,15,3.373557262275185,False,1.0,0.0002787068004459309,0,mix
8.803005000001576,610.0,3647.0,0.16721491228070176,10.0,10.0,95808,199364,161172,0,0,16,3.5,False,0.3333333333333333,0.0002787068004459309,0,mix
8.85131900000124,4498.0,16217.0,0.27734615858922185,18.0,27.0,95808,199364,161172,0,0,16,3.5,False,0.3333333333333333,0.0002787068004459309,0,mix
8.460203000002366,15758.0,223654.0,0.07045673023183027,163.0,343.0,95808,199364,161172,0,0,14,3.2359263506290326,False,0.3333333333333333,0.0002787068004459309,0,mix
8.412226000000373,610.0,7209.0,0.08460471567267684,11.0,15.0,95808,199364,161172,0,0,14,3.2359263506290326,False,0.3333333333333333,0.0002787068004459309,0,mix
8.412386000003607,610.0,7209.0,0.08460471567267684,11.0,15.0,95808,199364,161172,0,0,14,3.2359263506290326,False,0.3333333333333333,0.0002787068004459309,0,mix
7.860466999998607,1193.0,4515.0,0.2641718334809566,9.0,12.0,95808,199364,161172,0,0,9,2.725480556997868,False,1.0,0.0002787068004459309,0,mix
7.389024999996764,1240.0,11547.0,0.10737790093522688,12.0,23.0,12919,134185,161172,0,0,33,4.161987589698946,False,1.0,0.0048543689320388345,0,mix
2.099729000001389,1032.0,25247.0,0.0408745247148289,16.0,31.0,95808,134306,161172,0,0,19,3.4713544870139286,False,0.3333333333333333,0.0002787068004459309,0,mix
1.980776999997033,643.0,3640.0,0.1765998352101071,9.0,10.0,95808,134306,161172,0,0,19,3.4713544870139286,False,0.3333333333333333,0.0002787068004459309,0,mix
1.138785000002826,643.0,3911.0,0.16436605316973416,9.0,11.0,95808,69425,161172,0,0,22,3.538310595615005,False,0.5,0.0002787068004459309,0,mix
1.124117999999725,1653.0,469208.0,0.003522950327039763,146.0,507.0,95808,199364,161172,0,0,23,3.6424896731661263,False,0.14285714285714285,0.0002787068004459309,0,mix
0.248634000003221,610.0,4045.0,0.15076618882847256,8.0,10.0,95808,199364,161172,0,0,23,3.6424896731661263,False,0.14285714285714285,0.0002787068004459309,0,mix
0.250853999998071,610.0,4045.0,0.15076618882847256,8.0,9.0,95808,199364,161172,0,0,23,3.6424896731661263,False,0.14285714285714285,0.0002787068004459309,0,mix
0.251298000002861,610.0,4045.0,0.15076618882847256,9.0,10.0,95808,199364,161172,0,0,23,3.6424896731661263,False,0.14285714285714285,0.0002787068004459309,0,mix
0.250800000001618,610.0,4045.0,0.15076618882847256,9.0,10.0,95808,199364,161172,0,0,23,3.6424896731661263,False,0.14285714285714285,0.0002787068004459309,0,mix
0.253368999998201,610.0,4045.0,0.15076618882847256,8.0,9.0,95808,199364,161172,0,0,23,3.6424896731661263,False,0.14285714285714285,0.0002787068004459309,0,mix
8.435042999997677,956.0,7565.0,0.12635474491144594,14.0,19.0,95808,248163,161172,0,0,22,3.879664004902593,False,1.0,0.0002787068004459309,0,mix
6.959447999994154,4821.0,2383120.0,0.0020229774316956627,528.0,2416.0,95808,80881,161172,0,0,23,3.6424896731661263,False,0.14285714285714285,0.0002787068004459309,0,mix
6.8270400000037625,1717.0,1174.0,1.461276595744681,9.0,10.0,95808,80881,161172,0,0,16,3.5,False,0.3333333333333333,0.0002787068004459309,0,mix
6.854354000002786,2605.0,7493.0,0.3476114224713104,16.0,22.0,95808,199364,161172,0,0,20,3.5841837197791886,False,1.0,0.0002787068004459309,0,mix
6.589983999998367,3582.0,9666.0,0.3705389469328644,22.0,28.0,95808,134306,161172,0,0,19,3.4713544870139286,False,0.3333333333333333,0.0002787068004459309,0,mix
6.019317999998748,643.0,3640.0,0.1765998352101071,10.0,10.0,12919,134306,161172,0,0,24,3.740601562950723,False,1.0,0.0048543689320388345,0,mix
4.24427999999898,12760.0,2739.0,4.656934306569343,22.0,26.0,95808,41932,161172,0,0,11,3.027169118440619,False,0.0003711952487008166,0.0002787068004459309,0,mix
8.079729999997653,1685.0,5810.0,0.28996730339012217,15.0,20.0,95808,30502,161172,0,0,20,3.5464393446710147,False,1.0,0.0002787068004459309,0,mix
9.85011200000008,1315.0,5178.0,0.25391002123962153,13.0,16.0,95808,30502,161172,0,0,25,3.6430741894285683,False,1.0,0.0002787068004459309,0,mix
7.943672000001243,1880.0,27645.0,0.0680026043550604,23.0,42.0,95808,125552,161172,0,0,20,3.6841837197791887,False,0.5,0.0002787068004459309,0,mix
9.466409000000567,643.0,4593.0,0.13996517196343056,11.0,14.0,95808,125552,161172,0,0,20,3.6841837197791887,False,0.5,0.0002787068004459309,0,mix
9.367228000002797,775.0,3570.0,0.217026043125175,9.0,10.0,95808,220620,161172,0,0,18,3.6143694458867563,False,1.0,0.0002787068004459309,0,mix
8.955741999998281,1390.0,19238.0,0.07224907739487499,17.0,26.0,95808,220620,161172,0,0,25,3.7336606896881848,False,1.0,0.0002787068004459309,0,mix
8.965381000001798,1208.0,45283.0,0.026676088684745164,26.0,44.0,12919,187119,161172,0,0,11,3.095795255000934,False,1.0,0.0048543689320388345,0,mix
8.70603399999527,1531.0,35178.0,0.04352028198641235,24.0,38.0,95808,30502,161172,0,0,29,3.8404025467025056,False,0.5,0.0002787068004459309,0,mix
8.65976899999805,1716.0,3856.0,0.44490536686543947,13.0,15.0,95808,30502,161172,0,0,28,3.8154107252426988,False,1.0,0.0002787068004459309,0,mix
8.562294999996084,775.0,3164.0,0.24486571879936808,9.0,9.0,95808,30502,161172,0,0,29,3.8404025467025056,False,0.5,0.0002787068004459309,0,mix
8.26763999999821,1732.0,1385.0,1.2496392496392497,10.0,12.0,95808,41932,161172,0,0,11,3.027169118440619,False,0.0003711952487008166,0.0002787068004459309,0,mix
1.596158000000286,775.0,3166.0,0.2447110830438901,9.0,8.0,95808,30502,161172,0,0,25,3.683856189774724,False,1.0,0.0002787068004459309,0,mix
1.606407999999646,1433.0,93433.0,0.01533702934691868,36.0,99.0,95808,99593,161172,0,0,27,3.6339740759971573,False,0.08333333333333333,0.0002787068004459309,0,mix
1.603948999996646,1400.0,134563.0,0.010403971344490354,38.0,134.0,95808,99593,161172,0,0,27,3.6339740759971573,False,0.08333333333333333,0.0002787068004459309,0,mix
1.602505999995628,1403.0,36731.0,0.03819557878688882,20.0,43.0,95808,99593,161172,0,0,27,3.6339740759971573,False,0.08333333333333333,0.0002787068004459309,0,mix
1.601486999999906,1030.0,24977.0,0.041236287933381376,16.0,34.0,95808,99593,161172,0,0,27,3.6339740759971573,False,0.08333333333333333,0.0002787068004459309,0,mix
1.6021679999976182,1836.0,313781.0,0.005851196053310898,82.0,287.0,95808,99593,161172,0,0,27,3.6339740759971573,False,0.08333333333333333,0.0002787068004459309,0,mix
1.601750999994692,1038.0,15852.0,0.06547656594966253,14.0,25.0,95808,99593,161172,0,0,27,3.6339740759971573,False,0.08333333333333333,0.0002787068004459309,0,mix
1.178166000005148,990.0,70164.0,0.01410959880282192,34.0,83.0,95808,63686,161172,0,0,25,3.6234651896016468,False,1.0,0.0002787068004459309,0,mix
0.933681000002252,1117.0,38287.0,0.029173631424989552,19.0,43.0,12919,99593,161172,0,0,27,3.6339740759971573,False,0.08333333333333333,0.0048543689320388345,0,mix
0.8607300000003301,1468.0,128922.0,0.01138664163880766,57.0,143.0,95808,134185,161172,0,0,22,3.6069367321753205,False,0.08333333333333333,0.0002787068004459309,0,mix
0.860389000001305,1466.0,152178.0,0.009633392255173184,62.0,160.0,95808,134185,161172,0,0,22,3.6069367321753205,False,0.08333333333333333,0.0002787068004459309,0,mix
0.8593200000032081,1072.0,147022.0,0.007291376179237262,61.0,161.0,95808,134185,161172,0,0,22,3.6069367321753205,False,0.08333333333333333,0.0002787068004459309,0,mix
0.8590029999977561,1070.0,173663.0,0.006161323014556845,74.0,195.0,95808,134185,161172,0,0,22,3.6069367321753205,False,0.08333333333333333,0.0002787068004459309,0,mix
0.860014999998384,1085.0,219961.0,0.004932670188487102,86.0,227.0,95808,134185,161172,0,0,22,3.6069367321753205,False,0.08333333333333333,0.0002787068004459309,0,mix
10.861711000005016,5373.0,447743.0,0.012000160806174958,191.0,490.0,95808,134185,161172,0,0,22,3.6069367321753205,False,0.08333333333333333,0.0002787068004459309,0,mix
9.9012819999989,1849.0,61194.0,0.0302148868371599,32.0,71.0,95808,167632,161172,0,0,27,3.6339740759971573,False,0.08333333333333333,0.0002787068004459309,0,mix
9.89473800000269,2932.0,21710.0,0.1350467504951407,22.0,37.0,95808,167632,161172,0,0,27,3.6339740759971573,False,0.08333333333333333,0.0002787068004459309,0,mix
9.771141000004718,569.0,183.0,3.092391304347826,7.0,8.0,95808,167632,161172,0,0,27,3.6339740759971573,False,0.08333333333333333,0.0002787068004459309,0,mix
9.671335999999428,2074.0,64349.0,0.03222999222999223,36.0,63.0,95808,30502,161172,0,0,30,3.8980685120588383,False,1.0,0.0002787068004459309,0,mix
9.55707899999834,1022.0,317355.0,0.00322035820970771,101.0,321.0,95808,99593,161172,0,0,21,3.8442328987631913,False,0.25,0.0002787068004459309,0,mix
9.428987999999665,3569.0,237555.0,0.015023825961036555,108.0,266.0,95808,79991,161172,0,0,22,3.6069367321753205,False,0.08333333333333333,0.0002787068004459309,0,mix
9.426102000004905,3142.0,214917.0,0.014619529308852679,99.0,251.0,95808,79991,161172,0,0,22,3.6069367321753205,False,0.08333333333333333,0.0002787068004459309,0,mix
9.423559999995632,3144.0,202019.0,0.015562815562815562,109.0,249.0,95808,79991,161172,0,0,22,3.6069367321753205,False,0.08333333333333333,0.0002787068004459309,0,mix
9.423630000004778,3147.0,147529.0,0.02133125466006914,82.0,185.0,95808,79991,161172,0,0,22,3.6069367321753205,False,0.08333333333333333,0.0002787068004459309,0,mix
9.42494699999952,3573.0,226875.0,0.01574869091486098,120.0,273.0,95808,79991,161172,0,0,22,3.6069367321753205,False,0.08333333333333333,0.0002787068004459309,0,mix
7.958550999996078,1042.0,21941.0,0.04748883419925257,16.0,33.0,12919,167632,161172,0,0,27,3.6339740759971573,False,0.08333333333333333,0.0048543689320388345,0,mix
7.921633999998448,2295.0,7247.0,0.3166390728476821,12.0,16.0,12919,99593,161172,0,0,21,3.8442328987631913,False,0.25,0.0048543689320388345,0,mix
7.370377999999619,1039.0,8360.0,0.12426743212534386,13.0,20.0,95808,99593,161172,0,0,12,3.418295834054489,False,1.0,0.0002787068004459309,0,mix
7.313971000003221,1041.0,8376.0,0.12426883132386296,12.0,17.0,95808,99593,161172,0,0,14,3.039148671903071,False,1.0,0.0002787068004459309,0,mix
7.314879999998084,1045.0,8376.0,0.12474632923480959,12.0,17.0,95808,99593,161172,0,0,18,3.6143694458867563,False,1.0,0.0002787068004459309,0,mix
7.288053999996919,1039.0,8360.0,0.12426743212534386,12.0,18.0,95808,99593,161172,0,0,12,3.0220552088742,False,1.0,0.0002787068004459309,0,mix
7.271460000003572,1043.0,8376.0,0.12450758027933628,13.0,19.0,95808,99593,161172,0,0,16,3.625,False,1.0,0.0002787068004459309,0,mix
7.099934000005305,1044.0,8376.0,0.12462695475707294,13.0,19.0,95808,99593,161172,0,0,17,3.4992275471326932,False,1.0,0.0002787068004459309,0,mix
7.095954000003985,1043.0,8376.0,0.12450758027933628,12.0,18.0,95808,99593,161172,0,0,16,3.625,False,1.0,0.0002787068004459309,0,mix
6.844568000000436,1319.0,5172.0,0.2549777691861589,11.0,14.0,12919,99593,161172,0,0,22,3.7544418457133446,False,0.3333333333333333,0.0048543689320388345,0,mix
6.727575000004435,1086.0,83148.0,0.013060890690206738,28.0,93.0,95808,72598,161172,0,0,17,3.6168746059562227,False,0.3333333333333333,0.0002787068004459309,0,mix
14.471870000001218,13027.0,14531968.0,0.0008964373650948471,2746.0,13469.0,12919,134185,161172,0,0,21,3.45852501923415,False,0.016129032258064516,0.0048543689320388345,0,mix
6.529748999993899,1089.0,4019.0,0.2708955223880597,13.0,16.0,12919,187119,161172,0,0,35,3.8401568604088583,False,1.0,0.0048543689320388345,0,mix
0.271612999997159,1572.0,17885.0,0.08788996980878899,11.0,24.0,95808,23738,161172,0,0,28,4.008621780036165,False,1.0,0.0002787068004459309,0,mix
9.5293840000013,2732.0,15398992.0,0.00017741419844791148,3370.0,15446.0,12919,134185,161172,0,0,21,3.45852501923415,False,0.016129032258064516,0.0048543689320388345,0,mix
4.110208999998576,1340.0,5593672.0,0.00023955637020612396,1064.0,5067.0,12919,134185,161172,0,0,21,3.45852501923415,False,0.016129032258064516,0.0048543689320388345,0,mix
8.779500999997254,2037.0,10399917.0,0.00019586692895078595,1989.0,10027.0,12919,134185,161172,0,0,21,3.45852501923415,False,0.016129032258064516,0.0048543689320388345,0,mix
3.626635000000533,1340.0,5388693.0,0.00024866878690829353,783.0,4260.0,12919,134185,161172,0,0,21,3.45852501923415,False,0.016129032258064516,0.0048543689320388345,0,mix
3.036794999999983,1340.0,5141515.0,0.00026062352037803637,991.0,4607.0,12919,134185,161172,0,0,21,3.45852501923415,False,0.016129032258064516,0.0048543689320388345,0,mix
2.875842000001284,1340.0,5503228.0,0.00024349341086841924,1171.0,5497.0,12919,134185,161172,0,0,21,3.45852501923415,False,0.016129032258064516,0.0048543689320388345,0,mix
2.936476000002585,1340.0,5313376.0,0.00025219366139462717,1118.0,5291.0,12919,134185,161172,0,0,21,3.45852501923415,False,0.016129032258064516,0.0048543689320388345,0,mix
2.950640000002749,1340.0,4381844.0,0.0003058072569887798,961.0,4315.0,12919,134185,161172,0,0,21,3.45852501923415,False,0.016129032258064516,0.0048543689320388345,0,mix
2.966090000001713,1340.0,4689357.0,0.00028575340163834793,928.0,4325.0,12919,134185,161172,0,0,21,3.45852501923415,False,0.016129032258064516,0.0048543689320388345,0,mix
2.972733000002335,1340.0,5141514.0,0.00026062357106806065,986.0,4679.0,12919,134185,161172,0,0,21,3.45852501923415,False,0.016129032258064516,0.0048543689320388345,0,mix
6.778878999997687,1340.0,4457247.0,0.00030063393376361376,521.0,3251.0,12919,134185,161172,0,0,21,3.45852501923415,False,0.016129032258064516,0.0048543689320388345,0,mix
4.009920999997121,1340.0,4987787.0,0.0002686561658193973,987.0,4690.0,12919,134185,161172,0,0,21,3.45852501923415,False,0.016129032258064516,0.0048543689320388345,0,mix
3.581749000004492,1340.0,4843083.0,0.0002766832043383926,1027.0,4735.0,12919,134185,161172,0,0,21,3.45852501923415,False,0.016129032258064516,0.0048543689320388345,0,mix
8.165494000000763,1340.0,5494205.0,0.00024389329413567674,675.0,4109.0,12919,134185,161172,0,0,21,3.45852501923415,False,0.016129032258064516,0.0048543689320388345,0,mix
1.7205429999958142,1340.0,3393105.0,0.00039491840219551053,721.0,3219.0,12919,134185,161172,0,0,21,3.45852501923415,False,0.016129032258064516,0.0048543689320388345,0,mix
6.615888000000268,1340.0,5183743.0,0.000258500419773816,827.0,4648.0,12919,134185,161172,0,0,21,3.45852501923415,False,0.016129032258064516,0.0048543689320388345,0,mix
6.546705000000657,1340.0,5358553.0,0.00025006746222954926,942.0,4856.0,12919,134185,161172,0,0,21,3.45852501923415,False,0.016129032258064516,0.0048543689320388345,0,mix
6.402754999995523,1340.0,5014887.0,0.00026720437226115517,925.0,4416.0,12919,134185,161172,0,0,21,3.45852501923415,False,0.016129032258064516,0.0048543689320388345,0,mix
6.45981899999606,1340.0,5560524.0,0.00024098443941893976,1093.0,5171.0,12919,134185,161172,0,0,21,3.45852501923415,False,0.016129032258064516,0.0048543689320388345,0,mix
6.484222999999474,1340.0,5129453.0,0.0002612363811041097,918.0,5024.0,12919,134185,161172,0,0,21,3.45852501923415,False,0.016129032258064516,0.0048543689320388345,0,mix
4.602644999999029,3785.0,5259.0,0.7195817490494296,15.0,18.0,95808,203200,40599,0,0,15,3.0565647621309537,False,0.004608294930875576,0.0002787068004459309,0,mix
6.232632000006561,1340.0,5352510.0,0.0002503497890989855,744.0,4235.0,12919,134185,161172,0,0,21,3.45852501923415,False,0.016129032258064516,0.0048543689320388345,0,mix
6.378608999999415,1340.0,5467075.0,0.0002451035983403194,982.0,5038.0,12919,134185,161172,0,0,21,3.45852501923415,False,0.016129032258064516,0.0048543689320388345,0,mix
5.173372999997809,1340.0,5153575.0,0.0002600136293711396,688.0,4245.0,12919,134185,161172,0,0,21,3.45852501923415,False,0.016129032258064516,0.0048543689320388345,0,mix
4.804770000002463,1340.0,5626845.0,0.00023814406863098794,998.0,5204.0,12919,134185,161172,0,0,21,3.45852501923415,False,0.016129032258064516,0.0048543689320388345,0,mix
1.728914999999688,1340.0,4565739.0,0.0002934902118824112,642.0,3670.0,12919,134185,161172,0,0,21,3.45852501923415,False,0.016129032258064516,0.0048543689320388345,0,mix
6.413868000003276,1340.0,5732359.0,0.000233760615174204,1320.0,6661.0,12919,134185,161172,0,0,21,3.45852501923415,False,0.016129032258064516,0.0048543689320388345,0,mix
6.577454999998736,1340.0,4785789.0,0.0002799955702193368,850.0,4640.0,12919,134185,161172,0,0,21,3.45852501923415,False,0.016129032258064516,0.0048543689320388345,0,mix
6.266954999999143,1340.0,5512311.0,0.00024309219071779682,1164.0,5823.0,12919,134185,161172,0,0,21,3.45852501923415,False,0.016129032258064516,0.0048543689320388345,0,mix
6.264107000002696,1340.0,5455014.0,0.000245645520681428,1163.0,5580.0,12919,134185,161172,0,0,21,3.45852501923415,False,0.016129032258064516,0.0048543689320388345,0,mix
6.198978999993415,1340.0,5337470.0,0.00025105522821575985,940.0,4989.0,12919,134185,161172,0,0,21,3.45852501923415,False,0.016129032258064516,0.0048543689320388345,0,mix
6.279726000000664,1340.0,5488189.0,0.0002441606431264224,913.0,5260.0,12919,134185,161172,0,0,21,3.45852501923415,False,0.016129032258064516,0.0048543689320388345,0,mix
6.252760999996099,1340.0,5250035.0,0.0002552363450460149,1063.0,5108.0,12919,134185,161172,0,0,21,3.45852501923415,False,0.016129032258064516,0.0048543689320388345,0,mix
6.278621000004932,1340.0,5026978.0,0.000266561686452241,946.0,4673.0,12919,134185,161172,0,0,21,3.45852501923415,False,0.016129032258064516,0.0048543689320388345,0,mix
6.280010000002221,1340.0,5427912.0,0.00024687204824395677,1189.0,5940.0,12919,134185,161172,0,0,21,3.45852501923415,False,0.016129032258064516,0.0048543689320388345,0,mix
6.2941980000032345,1340.0,4993805.0,0.00026833241018974304,924.0,4691.0,12919,134185,161172,0,0,21,3.45852501923415,False,0.016129032258064516,0.0048543689320388345,0,mix
6.312249999995402,1340.0,5569548.0,0.00024059398705352983,1035.0,5174.0,12919,134185,161172,0,0,21,3.45852501923415,False,0.016129032258064516,0.0048543689320388345,0,mix
6.158396000006178,1340.0,4457248.0,0.000300633866315299,682.0,3681.0,12919,134185,161172,0,0,21,3.45852501923415,False,0.016129032258064516,0.0048543689320388345,0,mix
6.243360000000393,1340.0,5632862.0,0.00023788968416238777,1158.0,5660.0,12919,134185,161172,0,0,21,3.45852501923415,False,0.016129032258064516,0.0048543689320388345,0,mix
6.323127000003296,1340.0,5424876.0,0.00024701020871072284,1056.0,5175.0,12919,134185,161172,0,0,21,3.45852501923415,False,0.016129032258064516,0.0048543689320388345,0,mix
6.228025000003981,1340.0,4532592.0,0.0002956365153456311,664.0,3729.0,12919,134185,161172,0,0,21,3.45852501923415,False,0.016129032258064516,0.0048543689320388345,0,mix
6.235801000002539,1340.0,5081239.0,0.0002637151561429887,887.0,4675.0,12919,134185,161172,0,0,21,3.45852501923415,False,0.016129032258064516,0.0048543689320388345,0,mix
6.226473000002443,1340.0,4710443.0,0.0002844742448907152,817.0,4361.0,12919,134185,161172,0,0,21,3.45852501923415,False,0.016129032258064516,0.0048543689320388345,0,mix
6.276312000001781,1340.0,5132461.0,0.00026108327738227774,860.0,4668.0,12919,134185,161172,0,0,21,3.45852501923415,False,0.016129032258064516,0.0048543689320388345,0,mix
6.230166000001191,1340.0,5596680.0,0.00023942761790425433,962.0,4945.0,12919,134185,161172,0,0,21,3.45852501923415,False,0.016129032258064516,0.0048543689320388345,0,mix
6.274602999998024,1340.0,5442980.0,0.00024618862347673085,1035.0,5557.0,12919,134185,161172,0,0,21,3.45852501923415,False,0.016129032258064516,0.0048543689320388345,0,mix
6.1817210000008345,1340.0,4620000.0,0.00029004322726337075,914.0,4597.0,12919,134185,161172,0,0,21,3.45852501923415,False,0.016129032258064516,0.0048543689320388345,0,mix
6.195048999994469,1340.0,5334460.0,0.00025119688755808695,1479.0,6258.0,12919,134185,161172,0,0,21,3.45852501923415,False,0.016129032258064516,0.0048543689320388345,0,mix
4.194520999997621,1340.0,5503227.0,0.00024349345511398036,645.0,4190.0,12919,134185,161172,0,0,21,3.45852501923415,False,0.016129032258064516,0.0048543689320388345,0,mix
3.796891999998479,1340.0,5301286.0,0.00025276880878171657,989.0,5087.0,12919,134185,161172,0,0,21,3.45852501923415,False,0.016129032258064516,0.0048543689320388345,0,mix
3.731207999997423,1822.0,9464.0,0.1924986793449551,13.0,24.0,95808,67117,161172,0,0,11,3.027169118440619,False,0.0003711952487008166,0.0002787068004459309,0,mix
8.708537999998953,1340.0,4993832.0,0.0002683309594053305,1213.0,5761.0,12919,134185,161172,0,0,21,3.45852501923415,False,0.016129032258064516,0.0048543689320388345,0,mix
6.12445299999672,1265.0,5122906.0,0.0002469301121414072,1049.0,5429.0,12919,79991,161172,0,0,21,3.45852501923415,False,0.016129032258064516,0.0048543689320388345,0,mix
40.45725600000151,3431.0,16943477.0,0.00020249679552214721,3359.0,16269.0,12919,134185,161172,0,0,21,3.45852501923415,False,0.016129032258064516,0.0048543689320388345,0,mix
15.09468999999808,2768.0,7037.0,0.39329354930377947,13.0,17.0,12919,99593,161172,0,0,21,3.8442328987631913,False,0.25,0.0048543689320388345,0,mix
14.490030000000845,1308.0,5147.0,0.2540792540792541,9.0,11.0,12919,99593,161172,0,0,22,3.7544418457133446,False,0.3333333333333333,0.0048543689320388345,0,mix
14.281852000000072,1086.0,110983.0,0.009785194262235997,42.0,124.0,95808,72598,161172,0,0,17,3.6168746059562227,False,0.3333333333333333,0.0002787068004459309,0,mix
14.138187999997172,1139.0,8410.0,0.13541790512424207,12.0,17.0,95808,99593,161172,0,0,27,3.6339740759971573,False,0.08333333333333333,0.0002787068004459309,0,mix
84.97569199999998,16461.0,28978571.0,0.0005680404127573988,5324.0,27662.0,12919,79991,161172,0,0,21,3.45852501923415,False,0.016129032258064516,0.0048543689320388345,0,mix
9.690990000002785,1265.0,3106177.0,0.0004072529005098871,654.0,2941.0,12919,79991,161172,0,0,21,3.45852501923415,False,0.016129032258064516,0.0048543689320388345,0,mix
9.727952000001096,1265.0,2913317.0,0.00043421281164637707,604.0,2759.0,12919,79991,161172,0,0,21,3.45852501923415,False,0.016129032258064516,0.0048543689320388345,0,mix
9.735346999994364,1265.0,3341380.0,0.00037858597986880276,793.0,3405.0,12919,79991,161172,0,0,21,3.45852501923415,False,0.016129032258064516,0.0048543689320388345,0,mix
9.724771000001056,1265.0,3504102.0,0.00036100536999055107,619.0,3198.0,12919,79991,161172,0,0,21,3.45852501923415,False,0.016129032258064516,0.0048543689320388345,0,mix
14.733178000002226,1962.0,5579156.0,0.00035166603126601386,1005.0,5219.0,12919,79991,161172,0,0,21,3.45852501923415,False,0.016129032258064516,0.0048543689320388345,0,mix
4.273561000001791,1265.0,2551515.0,0.0004957836831123144,464.0,2338.0,12919,79991,161172,0,0,21,3.45852501923415,False,0.016129032258064516,0.0048543689320388345,0,mix
4.3038720000040485,1265.0,49477.0,0.025566918630502446,21.0,60.0,12919,79991,161172,0,0,21,3.45852501923415,False,0.016129032258064516,0.0048543689320388345,0,mix
17.792481999997108,2693.0,3467.0,0.7765282583621684,10.0,12.0,12919,167632,161172,0,0,21,3.8442328987631913,False,0.25,0.0048543689320388345,0,mix
17.314855999997235,1244.0,1252.0,0.9928172386272945,9.0,10.0,12919,167632,161172,0,0,22,3.7544418457133446,False,0.3333333333333333,0.0048543689320388345,0,mix
17.29762099999789,1011.0,103004.0,0.00981505752147954,32.0,104.0,95808,207910,161172,0,0,17,3.6168746059562227,False,0.3333333333333333,0.0002787068004459309,0,mix
16.911470000006375,14344.0,26614665.0,0.0005389509678611034,6727.0,28160.0,12919,79991,161172,0,0,21,3.45852501923415,False,0.016129032258064516,0.0048543689320388345,0,mix
0.104631999995035,1572.0,20779.0,0.07564966313763234,13.0,25.0,95808,23738,161172,0,0,28,4.008621780036165,False,1.0,0.0002787068004459309,0,mix
0.325476000005437,2061.0,4058.0,0.5077605321507761,9.0,10.0,73616,250421,233433,0,0,21,3.689703732199547,False,0.09090909090909091,0.07142857142857142,0,mix
0.313901999994413,2045.0,4058.0,0.5038186745503819,9.0,10.0,73616,250421,233433,0,0,21,3.689703732199547,False,0.09090909090909091,0.07142857142857142,0,mix
241.5523530000064,1672.0,5204.0,0.3212295869356388,21.0,29.0,95808,203200,40599,0,0,14,2.8423709931771093,False,0.05263157894736842,0.0002787068004459309,0,mix
0.206251999989035,1867.0,4597.0,0.4060461070030448,8.0,10.0,73616,250421,233433,0,0,19,3.4713544870139295,False,0.2,0.07142857142857142,0,mix
2509.4209030000056,610.0,3070.0,0.1986323673070661,63.0,64.0,12919,224797,161172,0,0,29,3.71937582241537,False,0.08333333333333333,0.0048543689320388345,0,mix
1971.4649730000087,775.0,3112.0,0.24895599100546098,53.0,53.0,95808,30502,161172,0,0,27,3.8100810205217313,False,0.07142857142857142,0.0002787068004459309,0,mix
80.56444400000328,1036.0,5845.0,0.17721518987341772,12.0,16.0,95808,134185,161172,0,0,22,3.6069367321753205,False,0.08333333333333333,0.0002787068004459309,0,mix
61.69045399999595,1139.0,5526768.0,0.0002060878607374399,1140.0,5958.0,95808,99593,161172,0,0,20,3.346439344671015,False,0.5,0.0002787068004459309,0,mix
44.81282599999395,643.0,3996.0,0.16087065298974232,10.0,11.0,95808,99593,161172,0,0,20,3.346439344671015,False,0.5,0.0002787068004459309,0,mix
16.819491000002017,1152.0,6299685.0,0.00018286625714361001,1119.0,6615.0,95808,131383,161172,0,0,17,3.292770193936991,False,0.5,0.0002787068004459309,0,mix
11.080657999991672,643.0,5776.0,0.1113034446944781,9.0,10.0,95808,131383,161172,0,0,17,3.292770193936991,False,0.5,0.0002787068004459309,0,mix
14.199798000001463,1122.0,365249.0,0.0030718685831622175,66.0,273.0,95808,190290,161172,0,0,22,3.265583322887733,False,0.5,0.0002787068004459309,0,mix
10.524585999999545,643.0,6974.0,0.09218637992831541,9.0,11.0,95808,190290,161172,0,0,22,3.265583322887733,False,0.5,0.0002787068004459309,0,mix
7.279460000005201,1654.0,133470.0,0.012392205048287643,30.0,163.0,95808,67117,161172,0,0,11,3.027169118440619,False,0.0003711952487008166,0.0002787068004459309,0,mix
5.7499600000010105,2572.0,412065.0,0.006241718559648212,98.0,435.0,95808,69425,161172,0,0,13,3.3927474104487847,False,0.022222222222222223,0.0002787068004459309,0,mix
5.234511999995448,4147.0,978517.0,0.004238041609863079,156.0,729.0,95808,203200,40599,0,0,15,3.0565647621309537,False,0.004608294930875576,0.0002787068004459309,0,mix
3.688437000004342,1013.0,5194.0,0.19499518768046198,12.0,16.0,95808,72598,161172,0,0,13,3.3927474104487847,False,0.03225806451612903,0.0002787068004459309,0,mix
9.668994000006933,21935.0,917470.0,0.023908112626993116,230.0,769.0,241151,175548,40599,0,0,15,3.0565647621309537,False,0.004608294930875576,0.005208333333333333,0,mix
5.445827999996254,1657.0,5745.0,0.2883745214061956,12.0,16.0,95808,30502,161172,0,0,16,3.327819531114783,False,0.2,0.0002787068004459309,0,mix
5.440542999989702,775.0,4760.0,0.16278092837639152,9.0,9.0,95808,30502,161172,0,0,16,3.327819531114783,False,0.2,0.0002787068004459309,0,mix
5.442573000007542,775.0,4761.0,0.1627467450650987,9.0,9.0,95808,30502,161172,0,0,16,3.327819531114783,False,0.2,0.0002787068004459309,0,mix
5.441385000012815,775.0,4761.0,0.1627467450650987,10.0,10.0,95808,30502,161172,0,0,16,3.327819531114783,False,0.2,0.0002787068004459309,0,mix
9.728847999998834,3797.0,13655.0,0.2780462800234329,21.0,34.0,241151,175548,40599,0,0,15,3.0565647621309537,False,0.004608294930875576,0.005208333333333333,0,mix
0.4704400000046,1200.0,3600.0,0.3332407664537628,12.0,14.0,12919,224797,161172,0,0,38,3.852676197426378,False,0.5,0.0048543689320388345,0,mix
9.927524999991874,2972.0,20151.0,0.14747915839618897,27.0,43.0,95808,30502,161172,0,0,14,3.039148671903071,False,0.2,0.0002787068004459309,0,mix
0.080819000009796,775.0,4760.0,0.16278092837639152,9.0,11.0,95808,30502,161172,0,0,14,3.039148671903071,False,0.2,0.0002787068004459309,0,mix
0.084486000007018,775.0,4760.0,0.16278092837639152,9.0,10.0,95808,30502,161172,0,0,14,3.039148671903071,False,0.2,0.0002787068004459309,0,mix
0.071706999995512,775.0,4760.0,0.16278092837639152,9.0,10.0,95808,30502,161172,0,0,14,3.039148671903071,False,0.2,0.0002787068004459309,0,mix
0.07278899999801,775.0,4760.0,0.16278092837639152,9.0,10.0,95808,30502,161172,0,0,14,3.039148671903071,False,0.2,0.0002787068004459309,0,mix
8.320275999998557,2755.0,13102.0,0.21025719300923454,16.0,24.0,241151,175548,40599,0,0,15,3.0565647621309537,False,0.004608294930875576,0.005208333333333333,0,mix
5.389186999993399,1997.0,4905.0,0.40705258866693844,13.0,17.0,95808,220620,161172,0,0,31,3.434215165910625,False,0.14285714285714285,0.0002787068004459309,0,mix
0.063214000008883,775.0,3584.0,0.21617852161785217,7.0,8.0,95808,220620,161172,0,0,31,3.434215165910625,False,0.14285714285714285,0.0002787068004459309,0,mix
4.43616800000018,3316.0,37381.0,0.08870579423251833,33.0,60.0,95808,41932,161172,0,0,11,3.027169118440619,False,0.0003711952487008166,0.0002787068004459309,0,mix
1.390727999998489,1484.0,12025.0,0.12339930151338765,22.0,30.0,95808,207910,161172,0,0,13,3.3927474104487847,False,0.03225806451612903,0.0002787068004459309,0,mix
1.561130999994929,1791.0,4482.0,0.3995092571938434,12.0,16.0,95808,67117,161172,0,0,23,3.6211755429194716,False,0.09090909090909091,0.0002787068004459309,0,mix
1.556577000010293,1649.0,4429.0,0.372234762979684,12.0,17.0,95808,67117,161172,0,0,21,3.6304126608739975,False,0.06666666666666667,0.0002787068004459309,0,mix
0.972601000001304,1761.0,432011.0,0.004076275659009472,81.0,393.0,95808,69425,161172,0,0,13,3.3927474104487847,False,0.022222222222222223,0.0002787068004459309,0,mix
9.522563999998964,2139.0,18152.0,0.11783176334490167,32.0,44.0,95808,207910,161172,0,0,13,3.3927474104487847,False,0.03225806451612903,0.0002787068004459309,0,mix
9.531643999987864,8287.0,2995947.0,0.002766069371030472,715.0,3091.0,95808,69425,161172,0,0,13,3.3927474104487847,False,0.022222222222222223,0.0002787068004459309,0,mix
8.682235000000219,11739.0,934.0,12.555080213903743,21.0,24.0,95808,41932,161172,0,0,11,3.027169118440619,False,0.0003711952487008166,0.0002787068004459309,0,mix
0.9836489999870532,1739.0,1389.0,1.2510791366906475,12.0,14.0,95808,41932,161172,0,0,11,3.027169118440619,False,0.0003711952487008166,0.0002787068004459309,0,mix
0.226215999995474,2077.0,4060.0,0.5114503816793893,9.0,10.0,73616,250421,233433,0,0,21,3.689703732199547,False,0.09090909090909091,0.07142857142857142,0,mix
2.32929399999557,1331.0,3731.0,0.3566452304394427,13.0,17.0,12919,187119,161172,0,0,17,3.734521664779752,False,0.07142857142857142,0.0048543689320388345,0,mix
9.022188000002645,2139.0,3933.0,0.5437214031520081,13.0,16.0,12919,203200,40599,0,0,15,3.0565647621309537,False,0.004608294930875576,0.0048543689320388345,0,mix
6.788170999992872,1390.0,4687.0,0.29650170648464164,13.0,17.0,12919,187119,161172,0,0,17,3.1018812234760182,False,0.3333333333333333,0.0048543689320388345,0,mix
10.023558999993838,1124.0,8369622.0,0.00013429517673615646,920.0,6051.0,95808,571,161172,0,0,10,2.446439344671015,False,0.5,0.0002787068004459309,0,mix
10.021323000008124,1056.0,52592.0,0.020078717700074154,19.0,46.0,95808,571,161172,0,0,10,2.446439344671015,False,0.5,0.0002787068004459309,0,mix
7.28240700000606,1140.0,1455149.0,0.0007834243892382228,164.0,1209.0,95808,150699,161172,0,0,12,2.8553885422075336,False,0.5,0.0002787068004459309,0,mix
7.28556099999696,1229.0,400812.0,0.0030662678106748035,71.0,418.0,95808,150699,161172,0,0,12,2.8553885422075336,False,0.5,0.0002787068004459309,0,mix
9.001468000002205,3259.0,2555.0,1.2750391236306728,13.0,16.0,241151,175548,40599,0,0,15,3.0565647621309537,False,0.004608294930875576,0.005208333333333333,0,mix
8.096187999995891,610.0,4718.0,0.12926467471922018,10.0,10.0,12919,224797,161172,0,0,20,3.6464393446710153,False,0.3333333333333333,0.0048543689320388345,0,mix
6.031949999989592,2392.0,4079.0,0.5862745098039216,16.0,19.0,95808,41932,161172,0,0,11,3.027169118440619,False,0.0003711952487008166,0.0002787068004459309,0,mix
0.534620000005816,1334.0,17156.0,0.07775252083697616,13.0,24.0,95808,69425,161172,0,0,13,3.3927474104487847,False,0.022222222222222223,0.0002787068004459309,0,mix
9.405629000000772,12120.0,9589.0,1.2638164754953076,24.0,32.0,95808,41932,161172,0,0,11,3.027169118440619,False,0.0003711952487008166,0.0002787068004459309,0,mix
4.554459999999381,1106.0,4330.0,0.25536827522512123,12.0,16.0,12919,67117,161172,0,0,15,3.32323142879762,False,0.037037037037037035,0.0048543689320388345,0,mix
4.479456000000937,1929.0,6329.0,0.304739336492891,14.0,18.0,95808,67117,161172,0,0,15,3.32323142879762,False,0.037037037037037035,0.0002787068004459309,0,mix
9.461797999989358,1808.0,5153.0,0.35079549864183157,12.0,16.0,95808,67117,161172,0,0,11,3.027169118440619,False,0.0003711952487008166,0.0002787068004459309,0,mix
7.177223999999114,2289.0,9815.0,0.23319070904645478,20.0,26.0,95808,67117,161172,0,0,15,3.32323142879762,False,0.037037037037037035,0.0002787068004459309,0,mix
9.461063000009744,1733.0,1389.0,1.2467625899280577,11.0,14.0,95808,41932,161172,0,0,11,3.027169118440619,False,0.0003711952487008166,0.0002787068004459309,0,mix
9.060278000004471,1855.0,2687.0,0.6901041666666666,13.0,16.0,95808,41932,161172,0,0,15,3.32323142879762,False,0.037037037037037035,0.0002787068004459309,0,mix
9.438673999989987,13410.0,1776.0,7.546426561620709,22.0,26.0,95808,41932,161172,0,0,11,3.027169118440619,False,0.0003711952487008166,0.0002787068004459309,0,mix
9.497729999988223,1733.0,1389.0,1.2467625899280577,12.0,14.0,95808,41932,161172,0,0,11,3.027169118440619,False,0.0003711952487008166,0.0002787068004459309,0,mix
9.456607000000076,1733.0,1389.0,1.2467625899280577,12.0,14.0,95808,41932,161172,0,0,11,3.027169118440619,False,0.0003711952487008166,0.0002787068004459309,0,mix
9.494587000008323,1834.0,1671.0,1.0968899521531101,13.0,16.0,95808,41932,161172,0,0,11,3.027169118440619,False,0.0003711952487008166,0.0002787068004459309,0,mix
6.049958000003244,1320.0,3731.0,0.3536977491961415,13.0,16.0,12919,187119,161172,0,0,17,3.734521664779752,False,0.07142857142857142,0.0048543689320388345,0,mix
9.522772999989684,1733.0,1387.0,1.2485590778097984,11.0,14.0,95808,41932,161172,0,0,11,3.027169118440619,False,0.0003711952487008166,0.0002787068004459309,0,mix
9.524863000013283,1733.0,1387.0,1.2485590778097984,12.0,14.0,95808,41932,161172,0,0,11,3.027169118440619,False,0.0003711952487008166,0.0002787068004459309,0,mix
9.519639000005554,1834.0,1674.0,1.0949253731343283,13.0,16.0,95808,41932,161172,0,0,11,3.027169118440619,False,0.0003711952487008166,0.0002787068004459309,0,mix
3.098523999986355,3276.0,5217.0,0.6278267535454197,13.0,16.0,95808,203200,40599,0,0,15,3.0565647621309537,False,0.004608294930875576,0.0002787068004459309,0,mix
9.547667000006186,1733.0,1389.0,1.2467625899280577,11.0,14.0,95808,41932,161172,0,0,11,3.027169118440619,False,0.0003711952487008166,0.0002787068004459309,0,mix
9.551952000008896,1733.0,1388.0,1.2476601871850252,12.0,14.0,95808,41932,161172,0,0,11,3.027169118440619,False,0.0003711952487008166,0.0002787068004459309,0,mix
9.516759999998612,1834.0,1669.0,1.0982035928143712,13.0,16.0,95808,41932,161172,0,0,11,3.027169118440619,False,0.0003711952487008166,0.0002787068004459309,0,mix
9.57438999999431,1733.0,1387.0,1.2485590778097984,11.0,14.0,95808,41932,161172,0,0,11,3.027169118440619,False,0.0003711952487008166,0.0002787068004459309,0,mix
9.59164199999941,1733.0,1387.0,1.2485590778097984,11.0,14.0,95808,41932,161172,0,0,11,3.027169118440619,False,0.0003711952487008166,0.0002787068004459309,0,mix
9.586867999998503,1834.0,1672.0,1.096234309623431,13.0,16.0,95808,41932,161172,0,0,11,3.027169118440619,False,0.0003711952487008166,0.0002787068004459309,0,mix
9.560252999988734,1733.0,1389.0,1.2467625899280577,11.0,14.0,95808,41932,161172,0,0,11,3.027169118440619,False,0.0003711952487008166,0.0002787068004459309,0,mix
9.627766000005067,1733.0,1390.0,1.245866283249461,11.0,14.0,95808,41932,161172,0,0,11,3.027169118440619,False,0.0003711952487008166,0.0002787068004459309,0,mix
9.611686999996891,1834.0,1671.0,1.0968899521531101,13.0,16.0,95808,41932,161172,0,0,11,3.027169118440619,False,0.0003711952487008166,0.0002787068004459309,0,mix
9.63750599999912,1733.0,1387.0,1.2485590778097984,12.0,14.0,95808,41932,161172,0,0,11,3.027169118440619,False,0.0003711952487008166,0.0002787068004459309,0,mix
9.654178000011598,1733.0,1387.0,1.2485590778097984,12.0,14.0,95808,41932,161172,0,0,11,3.027169118440619,False,0.0003711952487008166,0.0002787068004459309,0,mix
9.660935000007155,1834.0,4245.0,0.43193593970796046,13.0,18.0,95808,41932,161172,0,0,11,3.027169118440619,False,0.0003711952487008166,0.0002787068004459309,0,mix
2.2322439999989,3395.0,2564.0,1.3235867446393763,13.0,16.0,241151,175548,40599,0,0,15,3.0565647621309537,False,0.004608294930875576,0.005208333333333333,0,mix
9.678132000000916,12587.0,1495.0,8.413770053475936,21.0,24.0,95808,41932,161172,0,0,11,3.027169118440619,False,0.0003711952487008166,0.0002787068004459309,0,mix
9.68602799999644,1733.0,1389.0,1.2467625899280577,11.0,14.0,95808,41932,161172,0,0,11,3.027169118440619,False,0.0003711952487008166,0.0002787068004459309,0,mix
9.674433000007411,1834.0,4884.0,0.3754350051177073,13.0,18.0,95808,41932,161172,0,0,11,3.027169118440619,False,0.0003711952487008166,0.0002787068004459309,0,mix
9.151272999995854,1089.0,6543.0,0.1664119804400978,12.0,16.0,95808,69425,161172,0,0,13,3.3927474104487847,False,0.03225806451612903,0.0002787068004459309,0,mix
9.694856000001892,1734.0,1387.0,1.2492795389048992,11.0,14.0,95808,41932,161172,0,0,11,3.027169118440619,False,0.0003711952487008166,0.0002787068004459309,0,mix
9.716133000008996,1734.0,1389.0,1.2474820143884893,11.0,14.0,95808,41932,161172,0,0,11,3.027169118440619,False,0.0003711952487008166,0.0002787068004459309,0,mix
9.681930999999167,1955.0,2943.0,0.6640625,14.0,18.0,95808,41932,161172,0,0,11,3.027169118440619,False,0.0003711952487008166,0.0002787068004459309,0,mix
9.742348000014315,1734.0,1390.0,1.2465851905104242,11.0,14.0,95808,41932,161172,0,0,11,3.027169118440619,False,0.0003711952487008166,0.0002787068004459309,0,mix
9.749007999998868,1734.0,1390.0,1.2465851905104242,11.0,14.0,95808,41932,161172,0,0,11,3.027169118440619,False,0.0003711952487008166,0.0002787068004459309,0,mix
9.721000000005006,1835.0,1670.0,1.0981448234590065,13.0,16.0,95808,41932,161172,0,0,11,3.027169118440619,False,0.0003711952487008166,0.0002787068004459309,0,mix
9.76102499999979,1734.0,4836.0,0.3584866652884019,12.0,18.0,95808,41932,161172,0,0,11,3.027169118440619,False,0.0003711952487008166,0.0002787068004459309,0,mix
9.229429999992137,1132.0,9385.0,0.12060515661623696,12.0,21.0,95808,69425,161172,0,0,13,3.3927474104487847,False,0.022222222222222223,0.0002787068004459309,0,mix
9.201662999999826,1013.0,5781.0,0.17519889311656867,11.0,16.0,95808,69425,161172,0,0,13,3.3927474104487847,False,0.03225806451612903,0.0002787068004459309,0,mix
9.76862999999139,1734.0,1387.0,1.2492795389048992,12.0,14.0,95808,41932,161172,0,0,11,3.027169118440619,False,0.0003711952487008166,0.0002787068004459309,0,mix
9.73862299999746,1835.0,5551.0,0.3305115273775216,13.0,18.0,95808,41932,161172,0,0,11,3.027169118440619,False,0.0003711952487008166,0.0002787068004459309,0,mix
9.183711999998197,1089.0,6639.0,0.16400602409638554,12.0,18.0,95808,69425,161172,0,0,13,3.3927474104487847,False,0.03225806451612903,0.0002787068004459309,0,mix
9.190105000001497,1112.0,167719.0,0.006630097782017648,38.0,196.0,95808,69425,161172,0,0,13,3.3927474104487847,False,0.022222222222222223,0.0002787068004459309,0,mix
9.786145999998553,1734.0,1386.0,1.2501802451333814,11.0,14.0,95808,41932,161172,0,0,11,3.027169118440619,False,0.0003711952487008166,0.0002787068004459309,0,mix
9.797802000000956,12309.0,1493.0,8.238955823293173,21.0,24.0,95808,41932,161172,0,0,11,3.027169118440619,False,0.0003711952487008166,0.0002787068004459309,0,mix
9.7940510000044,1835.0,1672.0,1.0968320382546324,13.0,16.0,95808,41932,161172,0,0,11,3.027169118440619,False,0.0003711952487008166,0.0002787068004459309,0,mix
9.818016000004718,1734.0,1386.0,1.2501802451333814,11.0,14.0,95808,41932,161172,0,0,11,3.027169118440619,False,0.0003711952487008166,0.0002787068004459309,0,mix
9.826815999986138,1734.0,1386.0,1.2501802451333814,11.0,14.0,95808,41932,161172,0,0,11,3.027169118440619,False,0.0003711952487008166,0.0002787068004459309,0,mix
9.80388700000185,1835.0,1671.0,1.097488038277512,13.0,16.0,95808,41932,161172,0,0,11,3.027169118440619,False,0.0003711952487008166,0.0002787068004459309,0,mix
1.426793000006,3456.0,2788.0,1.2391538185729651,12.0,15.0,241151,175548,40599,0,0,15,3.0565647621309537,False,0.004608294930875576,0.005208333333333333,0,mix
9.853166000000783,1734.0,1386.0,1.2501802451333814,11.0,14.0,95808,41932,161172,0,0,11,3.027169118440619,False,0.0003711952487008166,0.0002787068004459309,0,mix
9.85696000000462,1734.0,1387.0,1.2492795389048992,11.0,14.0,95808,41932,161172,0,0,11,3.027169118440619,False,0.0003711952487008166,0.0002787068004459309,0,mix
9.84453499999654,1835.0,1669.0,1.098802395209581,13.0,16.0,95808,41932,161172,0,0,11,3.027169118440619,False,0.0003711952487008166,0.0002787068004459309,0,mix
9.888737000001129,1734.0,1386.0,1.2501802451333814,11.0,14.0,95808,41932,161172,0,0,11,3.027169118440619,False,0.0003711952487008166,0.0002787068004459309,0,mix
9.887335000006717,1734.0,1387.0,1.2492795389048992,11.0,14.0,95808,41932,161172,0,0,11,3.027169118440619,False,0.0003711952487008166,0.0002787068004459309,0,mix
9.868370000011057,1835.0,1670.0,1.0981448234590065,13.0,16.0,95808,41932,161172,0,0,11,3.027169118440619,False,0.0003711952487008166,0.0002787068004459309,0,mix
9.889414999997824,1734.0,1387.0,1.2492795389048992,11.0,14.0,95808,41932,161172,0,0,11,3.027169118440619,False,0.0003711952487008166,0.0002787068004459309,0,mix
9.90665300001274,1734.0,1386.0,1.2501802451333814,12.0,14.0,95808,41932,161172,0,0,11,3.027169118440619,False,0.0003711952487008166,0.0002787068004459309,0,mix
9.892680000004477,1835.0,1670.0,1.0981448234590065,12.0,16.0,95808,41932,161172,0,0,11,3.027169118440619,False,0.0003711952487008166,0.0002787068004459309,0,mix
9.930672999995297,1734.0,1385.0,1.251082251082251,12.0,14.0,95808,41932,161172,0,0,11,3.027169118440619,False,0.0003711952487008166,0.0002787068004459309,0,mix
9.93132799999148,1734.0,1387.0,1.2492795389048992,12.0,14.0,95808,41932,161172,0,0,11,3.027169118440619,False,0.0003711952487008166,0.0002787068004459309,0,mix
9.916880999997376,1835.0,1671.0,1.097488038277512,13.0,16.0,95808,41932,161172,0,0,11,3.027169118440619,False,0.0003711952487008166,0.0002787068004459309,0,mix
9.941602999999304,1734.0,1388.0,1.2483801295896328,12.0,14.0,95808,41932,161172,0,0,11,3.027169118440619,False,0.0003711952487008166,0.0002787068004459309,0,mix
9.946313000007647,1734.0,4285.0,0.404573028464769,12.0,16.0,95808,41932,161172,0,0,11,3.027169118440619,False,0.0003711952487008166,0.0002787068004459309,0,mix
4.50183000000834,775.0,4761.0,0.1627467450650987,10.0,10.0,95808,30502,161172,0,0,15,2.973557262275185,False,0.5,0.0002787068004459309,0,mix
9.926505999988876,1835.0,1670.0,1.0981448234590065,13.0,16.0,95808,41932,161172,0,0,11,3.027169118440619,False,0.0003711952487008166,0.0002787068004459309,0,mix
9.952246999993804,12170.0,1489.0,8.167785234899329,21.0,24.0,95808,41932,161172,0,0,11,3.027169118440619,False,0.0003711952487008166,0.0002787068004459309,0,mix
9.962660999997752,1734.0,1386.0,1.2501802451333814,11.0,14.0,95808,41932,161172,0,0,11,3.027169118440619,False,0.0003711952487008166,0.0002787068004459309,0,mix
9.934966000000712,1955.0,2963.0,0.6595816464237517,15.0,18.0,95808,41932,161172,0,0,11,3.027169118440619,False,0.0003711952487008166,0.0002787068004459309,0,mix
0.529708000001846,3518.0,2535.0,1.387223974763407,13.0,16.0,241151,175548,40599,0,0,15,3.0565647621309537,False,0.004608294930875576,0.005208333333333333,0,mix
9.969092999992426,1734.0,1386.0,1.2501802451333814,11.0,14.0,95808,41932,161172,0,0,11,3.027169118440619,False,0.0003711952487008166,0.0002787068004459309,0,mix
9.975202000001444,1734.0,1386.0,1.2501802451333814,12.0,14.0,95808,41932,161172,0,0,11,3.027169118440619,False,0.0003711952487008166,0.0002787068004459309,0,mix
9.971704000010504,1835.0,1669.0,1.098802395209581,13.0,16.0,95808,41932,161172,0,0,11,3.027169118440619,False,0.0003711952487008166,0.0002787068004459309,0,mix
10.010607999996864,1734.0,1384.0,1.251985559566787,11.0,14.0,95808,41932,161172,0,0,11,3.027169118440619,False,0.0003711952487008166,0.0002787068004459309,0,mix
10.00328500001342,1734.0,1384.0,1.251985559566787,11.0,14.0,95808,41932,161172,0,0,11,3.027169118440619,False,0.0003711952487008166,0.0002787068004459309,0,mix
220.16933699999936,17411.0,17024.0,1.0226725403817916,72.0,84.0,95808,41932,161172,0,0,11,3.027169118440619,False,0.0003711952487008166,0.0002787068004459309,0,mix
0.198063000003458,1734.0,1384.0,1.251985559566787,11.0,14.0,95808,41932,161172,0,0,11,3.027169118440619,False,0.0003711952487008166,0.0002787068004459309,0,mix
10.19963099999586,15795.0,3610.0,4.3741345887565775,27.0,32.0,95808,41932,161172,0,0,11,3.027169118440619,False,0.0003711952487008166,0.0002787068004459309,0,mix
8.792000999994343,3577.0,2827.0,1.2648514851485149,13.0,16.0,241151,175548,40599,0,0,15,3.0565647621309537,False,0.004608294930875576,0.005208333333333333,0,mix
10.235293999998248,2030.0,2186.0,0.928212162780064,15.0,18.0,95808,41932,161172,0,0,11,3.027169118440619,False,0.0003711952487008166,0.0002787068004459309,0,mix
0.249131000004126,1734.0,1385.0,1.251082251082251,11.0,14.0,95808,41932,161172,0,0,11,3.027169118440619,False,0.0003711952487008166,0.0002787068004459309,0,mix
10.26271799999813,2030.0,2181.0,0.9303391384051329,15.0,18.0,95808,41932,161172,0,0,11,3.027169118440619,False,0.0003711952487008166,0.0002787068004459309,0,mix
0.277650999996694,1734.0,1386.0,1.2501802451333814,11.0,14.0,95808,41932,161172,0,0,11,3.027169118440619,False,0.0003711952487008166,0.0002787068004459309,0,mix
0.290449000007356,1734.0,1383.0,1.2528901734104045,11.0,14.0,95808,41932,161172,0,0,11,3.027169118440619,False,0.0003711952487008166,0.0002787068004459309,0,mix
0.259403000003658,1835.0,1670.0,1.0981448234590065,12.0,16.0,95808,41932,161172,0,0,11,3.027169118440619,False,0.0003711952487008166,0.0002787068004459309,0,mix
0.301342000006116,1734.0,1385.0,1.251082251082251,11.0,14.0,95808,41932,161172,0,0,11,3.027169118440619,False,0.0003711952487008166,0.0002787068004459309,0,mix
10.31276899999648,2030.0,2185.0,0.9286367795059469,15.0,18.0,95808,41932,161172,0,0,11,3.027169118440619,False,0.0003711952487008166,0.0002787068004459309,0,mix
0.327208000002428,1734.0,1386.0,1.2501802451333814,11.0,14.0,95808,41932,161172,0,0,11,3.027169118440619,False,0.0003711952487008166,0.0002787068004459309,0,mix
0.346514999997452,1734.0,1386.0,1.2501802451333814,11.0,14.0,95808,41932,161172,0,0,11,3.027169118440619,False,0.0003711952487008166,0.0002787068004459309,0,mix
0.349050000004353,1835.0,1668.0,1.0994607549430797,12.0,16.0,95808,41932,161172,0,0,11,3.027169118440619,False,0.0003711952487008166,0.0002787068004459309,0,mix
0.376262999998289,1734.0,1385.0,1.251082251082251,11.0,14.0,95808,41932,161172,0,0,11,3.027169118440619,False,0.0003711952487008166,0.0002787068004459309,0,mix
0.384265999993658,1734.0,1384.0,1.251985559566787,11.0,14.0,95808,41932,161172,0,0,11,3.027169118440619,False,0.0003711952487008166,0.0002787068004459309,0,mix
0.379749999992782,1835.0,1668.0,1.0994607549430797,12.0,16.0,95808,41932,161172,0,0,11,3.027169118440619,False,0.0003711952487008166,0.0002787068004459309,0,mix
0.406012999999802,1734.0,1384.0,1.251985559566787,11.0,14.0,95808,41932,161172,0,0,11,3.027169118440619,False,0.0003711952487008166,0.0002787068004459309,0,mix
0.429854000001796,12169.0,1489.0,8.167114093959732,20.0,24.0,95808,41932,161172,0,0,11,3.027169118440619,False,0.0003711952487008166,0.0002787068004459309,0,mix
20.39948500000173,2225.0,2698.0,0.8243793997776955,16.0,20.0,95808,41932,161172,0,0,11,3.027169118440619,False,0.0003711952487008166,0.0002787068004459309,0,mix
0.485020000007352,1835.0,1670.0,1.0981448234590065,12.0,16.0,95808,41932,161172,0,0,11,3.027169118440619,False,0.0003711952487008166,0.0002787068004459309,0,mix
0.478124000001116,1734.0,1386.0,1.2501802451333814,10.0,12.0,95808,41932,161172,0,0,11,3.027169118440619,False,0.0003711952487008166,0.0002787068004459309,0,mix
0.441898999997647,1734.0,1387.0,1.2492795389048992,11.0,14.0,95808,41932,161172,0,0,11,3.027169118440619,False,0.0003711952487008166,0.0002787068004459309,0,mix
0.517815999992308,1835.0,1670.0,1.0981448234590065,13.0,16.0,95808,41932,161172,0,0,11,3.027169118440619,False,0.0003711952487008166,0.0002787068004459309,0,mix
0.5346389999904201,1734.0,1385.0,1.251082251082251,10.0,12.0,95808,41932,161172,0,0,11,3.027169118440619,False,0.0003711952487008166,0.0002787068004459309,0,mix
0.532905000000027,1734.0,1385.0,1.251082251082251,11.0,14.0,95808,41932,161172,0,0,11,3.027169118440619,False,0.0003711952487008166,0.0002787068004459309,0,mix
10.550070000012056,2150.0,3481.0,0.617461229178633,16.0,20.0,95808,41932,161172,0,0,11,3.027169118440619,False,0.0003711952487008166,0.0002787068004459309,0,mix
8.011714000007487,3684.0,3125.0,1.1785028790786949,13.0,17.0,241151,175548,40599,0,0,15,3.0565647621309537,False,0.004608294930875576,0.005208333333333333,0,mix
0.56880199999432,1734.0,1388.0,1.2483801295896328,11.0,14.0,95808,41932,161172,0,0,11,3.027169118440619,False,0.0003711952487008166,0.0002787068004459309,0,mix
0.532999000002746,12416.0,1796.0,6.90929326655537,21.0,26.0,95808,41932,161172,0,0,11,3.027169118440619,False,0.0003711952487008166,0.0002787068004459309,0,mix
0.609666999996989,1734.0,1383.0,1.2528901734104045,12.0,14.0,95808,41932,161172,0,0,11,3.027169118440619,False,0.0003711952487008166,0.0002787068004459309,0,mix
0.6207729999878211,1734.0,1386.0,1.2501802451333814,11.0,14.0,95808,41932,161172,0,0,11,3.027169118440619,False,0.0003711952487008166,0.0002787068004459309,0,mix
0.6253780000115511,1835.0,1670.0,1.0981448234590065,13.0,16.0,95808,41932,161172,0,0,11,3.027169118440619,False,0.0003711952487008166,0.0002787068004459309,0,mix
0.643616000001202,1734.0,1388.0,1.2483801295896328,11.0,14.0,95808,41932,161172,0,0,11,3.027169118440619,False,0.0003711952487008166,0.0002787068004459309,0,mix
0.6620640000037381,1734.0,1387.0,1.2492795389048992,11.0,14.0,95808,41932,161172,0,0,11,3.027169118440619,False,0.0003711952487008166,0.0002787068004459309,0,mix
0.6805369999929091,1835.0,1667.0,1.1001199040767387,13.0,16.0,95808,41932,161172,0,0,11,3.027169118440619,False,0.0003711952487008166,0.0002787068004459309,0,mix
0.7049649999971731,1734.0,1385.0,1.251082251082251,11.0,14.0,95808,41932,161172,0,0,11,3.027169118440619,False,0.0003711952487008166,0.0002787068004459309,0,mix
0.7018629999947731,1734.0,1386.0,1.2501802451333814,11.0,14.0,95808,41932,161172,0,0,11,3.027169118440619,False,0.0003711952487008166,0.0002787068004459309,0,mix
0.684946000008494,1835.0,1668.0,1.0994607549430797,12.0,16.0,95808,41932,161172,0,0,11,3.027169118440619,False,0.0003711952487008166,0.0002787068004459309,0,mix
0.7286980000062611,1734.0,1387.0,1.2492795389048992,12.0,14.0,95808,41932,161172,0,0,11,3.027169118440619,False,0.0003711952487008166,0.0002787068004459309,0,mix
0.74740799999563,1734.0,1387.0,1.2492795389048992,11.0,14.0,95808,41932,161172,0,0,11,3.027169118440619,False,0.0003711952487008166,0.0002787068004459309,0,mix
0.727591000002576,1835.0,1668.0,1.0994607549430797,13.0,16.0,95808,41932,161172,0,0,11,3.027169118440619,False,0.0003711952487008166,0.0002787068004459309,0,mix
0.751562999997986,1734.0,1384.0,1.251985559566787,11.0,14.0,95808,41932,161172,0,0,11,3.027169118440619,False,0.0003711952487008166,0.0002787068004459309,0,mix
0.7742779999971391,1734.0,1386.0,1.2501802451333814,11.0,14.0,95808,41932,161172,0,0,11,3.027169118440619,False,0.0003711952487008166,0.0002787068004459309,0,mix
0.729882999992696,1835.0,1738.0,1.0552041403105232,12.0,16.0,95808,41932,161172,0,0,11,3.027169118440619,False,0.0003711952487008166,0.0002787068004459309,0,mix
0.8027529999963,1734.0,1385.0,1.251082251082251,12.0,14.0,95808,41932,161172,0,0,11,3.027169118440619,False,0.0003711952487008166,0.0002787068004459309,0,mix
0.767768999998224,1734.0,1388.0,1.2483801295896328,12.0,14.0,95808,41932,161172,0,0,11,3.027169118440619,False,0.0003711952487008166,0.0002787068004459309,0,mix
0.786600999999791,1835.0,1670.0,1.0981448234590065,12.0,16.0,95808,41932,161172,0,0,11,3.027169118440619,False,0.0003711952487008166,0.0002787068004459309,0,mix
0.713878000009572,1734.0,1384.0,1.251985559566787,11.0,14.0,95808,41932,161172,0,0,11,3.027169118440619,False,0.0003711952487008166,0.0002787068004459309,0,mix
0.8309440000011811,12168.0,1489.0,8.166442953020134,21.0,24.0,95808,41932,161172,0,0,11,3.027169118440619,False,0.0003711952487008166,0.0002787068004459309,0,mix
0.855142999993404,1835.0,1670.0,1.0981448234590065,13.0,16.0,95808,41932,161172,0,0,11,3.027169118440619,False,0.0003711952487008166,0.0002787068004459309,0,mix
0.8556399999943091,1734.0,1385.0,1.251082251082251,11.0,14.0,95808,41932,161172,0,0,11,3.027169118440619,False,0.0003711952487008166,0.0002787068004459309,0,mix
0.8801379999931661,1734.0,1386.0,1.2501802451333814,11.0,14.0,95808,41932,161172,0,0,11,3.027169118440619,False,0.0003711952487008166,0.0002787068004459309,0,mix
0.8866660000057891,1835.0,1669.0,1.098802395209581,13.0,16.0,95808,41932,161172,0,0,11,3.027169118440619,False,0.0003711952487008166,0.0002787068004459309,0,mix
0.916586000006645,1734.0,1384.0,1.251985559566787,12.0,14.0,95808,41932,161172,0,0,11,3.027169118440619,False,0.0003711952487008166,0.0002787068004459309,0,mix
0.925979000006918,1734.0,4475.0,0.3873994638069705,13.0,18.0,95808,41932,161172,0,0,11,3.027169118440619,False,0.0003711952487008166,0.0002787068004459309,0,mix
0.8743030000041471,1955.0,3108.0,0.6288195561273722,15.0,19.0,95808,41932,161172,0,0,11,3.027169118440619,False,0.0003711952487008166,0.0002787068004459309,0,mix
0.9354349999921392,1734.0,1388.0,1.2483801295896328,12.0,14.0,95808,41932,161172,0,0,11,3.027169118440619,False,0.0003711952487008166,0.0002787068004459309,0,mix
6.45885699999053,3746.0,2730.0,1.3716587330648113,14.0,17.0,241151,175548,40599,0,0,15,3.0565647621309537,False,0.004608294930875576,0.005208333333333333,0,mix
0.932528000004822,1734.0,3959.0,0.43787878787878787,12.0,16.0,95808,41932,161172,0,0,11,3.027169118440619,False,0.0003711952487008166,0.0002787068004459309,0,mix
0.9324599999963532,1835.0,1694.0,1.0825958702064897,13.0,16.0,95808,41932,161172,0,0,11,3.027169118440619,False,0.0003711952487008166,0.0002787068004459309,0,mix
0.9822649999987332,1734.0,1387.0,1.2492795389048992,11.0,14.0,95808,41932,161172,0,0,11,3.027169118440619,False,0.0003711952487008166,0.0002787068004459309,0,mix
1.000090999994427,1734.0,1386.0,1.2501802451333814,12.0,14.0,95808,41932,161172,0,0,11,3.027169118440619,False,0.0003711952487008166,0.0002787068004459309,0,mix
0.9802079999935812,12410.0,1797.0,6.902113459399333,22.0,26.0,95808,41932,161172,0,0,11,3.027169118440619,False,0.0003711952487008166,0.0002787068004459309,0,mix
1.000159999995958,1734.0,1385.0,1.251082251082251,12.0,14.0,95808,41932,161172,0,0,11,3.027169118440619,False,0.0003711952487008166,0.0002787068004459309,0,mix
1.021961000005831,1734.0,1385.0,1.251082251082251,11.0,14.0,95808,41932,161172,0,0,11,3.027169118440619,False,0.0003711952487008166,0.0002787068004459309,0,mix
1.011553000003914,1835.0,1670.0,1.0981448234590065,13.0,16.0,95808,41932,161172,0,0,11,3.027169118440619,False,0.0003711952487008166,0.0002787068004459309,0,mix
1.028261000014026,1734.0,1387.0,1.2492795389048992,11.0,14.0,95808,41932,161172,0,0,11,3.027169118440619,False,0.0003711952487008166,0.0002787068004459309,0,mix
1.028476000006776,1734.0,1387.0,1.2492795389048992,11.0,14.0,95808,41932,161172,0,0,11,3.027169118440619,False,0.0003711952487008166,0.0002787068004459309,0,mix
1.02245399999083,1835.0,5104.0,0.3594515181194907,14.0,20.0,95808,41932,161172,0,0,11,3.027169118440619,False,0.0003711952487008166,0.0002787068004459309,0,mix
0.604545000009238,1210.0,82291.0,0.014703737908909735,30.0,111.0,95808,69425,161172,0,0,13,3.3927474104487847,False,0.022222222222222223,0.0002787068004459309,0,mix
1.018818999989889,1733.0,1387.0,1.2485590778097984,11.0,14.0,95808,41932,161172,0,0,11,3.027169118440619,False,0.0003711952487008166,0.0002787068004459309,0,mix
1.074737000002642,1733.0,1387.0,1.2485590778097984,12.0,14.0,95808,41932,161172,0,0,11,3.027169118440619,False,0.0003711952487008166,0.0002787068004459309,0,mix
1.072465999997803,1834.0,1668.0,1.0988615937687238,13.0,16.0,95808,41932,161172,0,0,11,3.027169118440619,False,0.0003711952487008166,0.0002787068004459309,0,mix
1.111306000006152,1733.0,1386.0,1.249459264599856,11.0,14.0,95808,41932,161172,0,0,11,3.027169118440619,False,0.0003711952487008166,0.0002787068004459309,0,mix
1.115591000008862,1733.0,1385.0,1.2503607503607503,11.0,14.0,95808,41932,161172,0,0,11,3.027169118440619,False,0.0003711952487008166,0.0002787068004459309,0,mix
1.074710000000777,1834.0,1671.0,1.0968899521531101,13.0,16.0,95808,41932,161172,0,0,11,3.027169118440619,False,0.0003711952487008166,0.0002787068004459309,0,mix
1.135353999998187,1733.0,1387.0,1.2485590778097984,12.0,14.0,95808,41932,161172,0,0,11,3.027169118440619,False,0.0003711952487008166,0.0002787068004459309,0,mix
1.121637000003829,1733.0,1386.0,1.249459264599856,12.0,14.0,95808,41932,161172,0,0,11,3.027169118440619,False,0.0003711952487008166,0.0002787068004459309,0,mix
1.132765999995172,1834.0,1670.0,1.0975463794135247,13.0,16.0,95808,41932,161172,0,0,11,3.027169118440619,False,0.0003711952487008166,0.0002787068004459309,0,mix
1.178436999995028,1733.0,1386.0,1.249459264599856,11.0,14.0,95808,41932,161172,0,0,11,3.027169118440619,False,0.0003711952487008166,0.0002787068004459309,0,mix
1.176818000007188,1733.0,1387.0,1.2485590778097984,11.0,14.0,95808,41932,161172,0,0,11,3.027169118440619,False,0.0003711952487008166,0.0002787068004459309,0,mix
4.711268999992171,775.0,4760.0,0.16278092837639152,10.0,10.0,95808,30502,161172,0,0,16,3.327819531114783,False,0.2,0.0002787068004459309,0,mix
1.182581000000937,1834.0,1669.0,1.0982035928143712,13.0,16.0,95808,41932,161172,0,0,11,3.027169118440619,False,0.0003711952487008166,0.0002787068004459309,0,mix
1.182365999993635,1733.0,1389.0,1.2467625899280577,11.0,14.0,95808,41932,161172,0,0,11,3.027169118440619,False,0.0003711952487008166,0.0002787068004459309,0,mix
1.217544999992242,12169.0,1516.0,8.021753460777852,21.0,24.0,95808,41932,161172,0,0,11,3.027169118440619,False,0.0003711952487008166,0.0002787068004459309,0,mix
1.167172000001301,1834.0,1671.0,1.0968899521531101,13.0,16.0,95808,41932,161172,0,0,11,3.027169118440619,False,0.0003711952487008166,0.0002787068004459309,0,mix
1.229139999995823,1733.0,1385.0,1.2503607503607503,11.0,14.0,95808,41932,161172,0,0,11,3.027169118440619,False,0.0003711952487008166,0.0002787068004459309,0,mix
1.239574999999604,1733.0,1385.0,1.2503607503607503,11.0,14.0,95808,41932,161172,0,0,11,3.027169118440619,False,0.0003711952487008166,0.0002787068004459309,0,mix
1.213273999994271,1954.0,3113.0,0.6274887604367373,14.0,19.0,95808,41932,161172,0,0,11,3.027169118440619,False,0.0003711952487008166,0.0002787068004459309,0,mix
0.73443500000576,1733.0,1388.0,1.2476601871850252,12.0,14.0,95808,41932,161172,0,0,11,3.027169118440619,False,0.0003711952487008166,0.0002787068004459309,0,mix
5.799896999989869,3806.0,2427.0,1.5675453047775947,14.0,17.0,241151,175548,40599,0,0,15,3.0565647621309537,False,0.004608294930875576,0.005208333333333333,0,mix
0.762138999998569,1733.0,1388.0,1.2476601871850252,11.0,14.0,95808,41932,161172,0,0,11,3.027169118440619,False,0.0003711952487008166,0.0002787068004459309,0,mix
0.685714999999618,1834.0,4233.0,0.43316013226263583,13.0,19.0,95808,41932,161172,0,0,11,3.027169118440619,False,0.0003711952487008166,0.0002787068004459309,0,mix
0.7862820000009371,1734.0,1388.0,1.2483801295896328,11.0,14.0,95808,41932,161172,0,0,11,3.027169118440619,False,0.0003711952487008166,0.0002787068004459309,0,mix
0.802348999990499,1734.0,1386.0,1.2501802451333814,11.0,14.0,95808,41932,161172,0,0,11,3.027169118440619,False,0.0003711952487008166,0.0002787068004459309,0,mix
0.7608590000018011,1835.0,1671.0,1.097488038277512,13.0,16.0,95808,41932,161172,0,0,11,3.027169118440619,False,0.0003711952487008166,0.0002787068004459309,0,mix
0.811448000007658,1734.0,1388.0,1.2483801295896328,11.0,14.0,95808,41932,161172,0,0,11,3.027169118440619,False,0.0003711952487008166,0.0002787068004459309,0,mix
0.320997999995597,1734.0,1388.0,1.2483801295896328,11.0,14.0,95808,41932,161172,0,0,11,3.027169118440619,False,0.0003711952487008166,0.0002787068004459309,0,mix
10.281113999997617,12613.0,2338.0,5.392475416844806,23.0,28.0,95808,41932,161172,0,0,11,3.027169118440619,False,0.0003711952487008166,0.0002787068004459309,0,mix
0.349243000004207,1734.0,1385.0,1.251082251082251,11.0,14.0,95808,41932,161172,0,0,11,3.027169118440619,False,0.0003711952487008166,0.0002787068004459309,0,mix
0.340882000004057,1835.0,1669.0,1.098802395209581,12.0,16.0,95808,41932,161172,0,0,11,3.027169118440619,False,0.0003711952487008166,0.0002787068004459309,0,mix
10.416225000008126,1929.0,1907.0,1.0110062893081762,13.0,16.0,95808,41932,161172,0,0,11,3.027169118440619,False,0.0003711952487008166,0.0002787068004459309,0,mix
0.419097000005422,1835.0,1670.0,1.0981448234590065,13.0,16.0,95808,41932,161172,0,0,11,3.027169118440619,False,0.0003711952487008166,0.0002787068004459309,0,mix
0.464220000008936,1734.0,1387.0,1.2492795389048992,11.0,14.0,95808,41932,161172,0,0,11,3.027169118440619,False,0.0003711952487008166,0.0002787068004459309,0,mix
0.47942500001227,1734.0,1386.0,1.2501802451333814,11.0,14.0,95808,41932,161172,0,0,11,3.027169118440619,False,0.0003711952487008166,0.0002787068004459309,0,mix
0.460665999999037,1835.0,1669.0,1.098802395209581,12.0,16.0,95808,41932,161172,0,0,11,3.027169118440619,False,0.0003711952487008166,0.0002787068004459309,0,mix
1.058202000000164,1734.0,1389.0,1.2474820143884893,11.0,14.0,95808,41932,161172,0,0,11,3.027169118440619,False,0.0003711952487008166,0.0002787068004459309,0,mix
30.26772499999788,2225.0,2711.0,0.8204277286135693,16.0,20.0,95808,41932,161172,0,0,11,3.027169118440619,False,0.0003711952487008166,0.0002787068004459309,0,mix
10.718779999995604,1734.0,1389.0,1.2474820143884893,11.0,14.0,95808,41932,161172,0,0,11,3.027169118440619,False,0.0003711952487008166,0.0002787068004459309,0,mix
9.206095999994432,1835.0,1673.0,1.0961768219832735,13.0,16.0,95808,41932,161172,0,0,11,3.027169118440619,False,0.0003711952487008166,0.0002787068004459309,0,mix
8.746830999996746,1734.0,1389.0,1.2474820143884893,12.0,14.0,95808,41932,161172,0,0,11,3.027169118440619,False,0.0003711952487008166,0.0002787068004459309,0,mix
9.653281999999308,1734.0,1389.0,1.2474820143884893,11.0,14.0,95808,41932,161172,0,0,11,3.027169118440619,False,0.0003711952487008166,0.0002787068004459309,0,mix
8.08505699998932,1835.0,1671.0,1.097488038277512,13.0,16.0,95808,41932,161172,0,0,11,3.027169118440619,False,0.0003711952487008166,0.0002787068004459309,0,mix
8.326189999992494,1734.0,1388.0,1.2483801295896328,11.0,14.0,95808,41932,161172,0,0,11,3.027169118440619,False,0.0003711952487008166,0.0002787068004459309,0,mix
8.328940000006696,12171.0,1540.0,7.898118105126541,22.0,24.0,95808,41932,161172,0,0,11,3.027169118440619,False,0.0003711952487008166,0.0002787068004459309,0,mix
8.155587000001105,1955.0,2933.0,0.6663258350374914,14.0,18.0,95808,41932,161172,0,0,11,3.027169118440619,False,0.0003711952487008166,0.0002787068004459309,0,mix
7.861959999994724,1734.0,1389.0,1.2474820143884893,12.0,14.0,95808,41932,161172,0,0,11,3.027169118440619,False,0.0003711952487008166,0.0002787068004459309,0,mix
5.42876399999659,3872.0,2616.0,1.4795567443637754,13.0,17.0,241151,175548,40599,0,0,15,3.0565647621309537,False,0.004608294930875576,0.005208333333333333,0,mix
7.861097000000882,1734.0,1391.0,1.2456896551724137,12.0,14.0,95808,41932,161172,0,0,11,3.027169118440619,False,0.0003711952487008166,0.0002787068004459309,0,mix
7.874807999993209,1835.0,1671.0,1.097488038277512,13.0,16.0,95808,41932,161172,0,0,11,3.027169118440619,False,0.0003711952487008166,0.0002787068004459309,0,mix
7.898608000003151,1734.0,1388.0,1.2483801295896328,12.0,14.0,95808,41932,161172,0,0,11,3.027169118440619,False,0.0003711952487008166,0.0002787068004459309,0,mix
9.684136000010769,1734.0,1388.0,1.2483801295896328,11.0,14.0,95808,41932,161172,0,0,11,3.027169118440619,False,0.0003711952487008166,0.0002787068004459309,0,mix
7.39548599999398,1835.0,1672.0,1.0968320382546324,13.0,16.0,95808,41932,161172,0,0,11,3.027169118440619,False,0.0003711952487008166,0.0002787068004459309,0,mix
7.285816000003251,1734.0,1391.0,1.2456896551724137,11.0,14.0,95808,41932,161172,0,0,11,3.027169118440619,False,0.0003711952487008166,0.0002787068004459309,0,mix
5.754553999999189,1734.0,1392.0,1.2447954055994257,11.0,14.0,95808,41932,161172,0,0,11,3.027169118440619,False,0.0003711952487008166,0.0002787068004459309,0,mix
4.760276000000886,1835.0,1695.0,1.0819575471698113,13.0,16.0,95808,41932,161172,0,0,11,3.027169118440619,False,0.0003711952487008166,0.0002787068004459309,0,mix
4.460223000001861,1734.0,1388.0,1.2483801295896328,11.0,14.0,95808,41932,161172,0,0,11,3.027169118440619,False,0.0003711952487008166,0.0002787068004459309,0,mix
4.971027999999933,1734.0,1387.0,1.2492795389048992,12.0,14.0,95808,41932,161172,0,0,11,3.027169118440619,False,0.0003711952487008166,0.0002787068004459309,0,mix
4.468458999996073,12398.0,1825.0,6.789704271631982,22.0,26.0,95808,41932,161172,0,0,11,3.027169118440619,False,0.0003711952487008166,0.0002787068004459309,0,mix
3.696528000000398,1734.0,1388.0,1.2483801295896328,11.0,14.0,95808,41932,161172,0,0,11,3.027169118440619,False,0.0003711952487008166,0.0002787068004459309,0,mix
4.007329000000027,1734.0,1387.0,1.2492795389048992,12.0,14.0,95808,41932,161172,0,0,11,3.027169118440619,False,0.0003711952487008166,0.0002787068004459309,0,mix
3.984410999997635,1835.0,1670.0,1.0981448234590065,13.0,16.0,95808,41932,161172,0,0,11,3.027169118440619,False,0.0003711952487008166,0.0002787068004459309,0,mix
4.021198000002187,1734.0,1386.0,1.2501802451333814,11.0,14.0,95808,41932,161172,0,0,11,3.027169118440619,False,0.0003711952487008166,0.0002787068004459309,0,mix
4.043082999996841,1734.0,1386.0,1.2501802451333814,11.0,14.0,95808,41932,161172,0,0,11,3.027169118440619,False,0.0003711952487008166,0.0002787068004459309,0,mix
4.015241000000969,1835.0,1671.0,1.097488038277512,13.0,16.0,95808,41932,161172,0,0,11,3.027169118440619,False,0.0003711952487008166,0.0002787068004459309,0,mix
3.159998999995878,1734.0,1388.0,1.2483801295896328,11.0,14.0,95808,41932,161172,0,0,11,3.027169118440619,False,0.0003711952487008166,0.0002787068004459309,0,mix
3.182581000000937,1734.0,1388.0,1.2483801295896328,12.0,14.0,95808,41932,161172,0,0,11,3.027169118440619,False,0.0003711952487008166,0.0002787068004459309,0,mix
3.157995000001392,1835.0,1669.0,1.098802395209581,13.0,16.0,95808,41932,161172,0,0,11,3.027169118440619,False,0.0003711952487008166,0.0002787068004459309,0,mix
2.784609000009368,1734.0,1388.0,1.2483801295896328,12.0,14.0,95808,41932,161172,0,0,11,3.027169118440619,False,0.0003711952487008166,0.0002787068004459309,0,mix
3.385773000001791,1734.0,1389.0,1.2474820143884893,12.0,14.0,95808,41932,161172,0,0,11,3.027169118440619,False,0.0003711952487008166,0.0002787068004459309,0,mix
2.701694999996107,1835.0,1848.0,0.9924283396430503,13.0,17.0,95808,41932,161172,0,0,11,3.027169118440619,False,0.0003711952487008166,0.0002787068004459309,0,mix
11.242207000002963,1929.0,1909.0,1.0099476439790576,15.0,16.0,95808,41932,161172,0,0,11,3.027169118440619,False,0.0003711952487008166,0.0002787068004459309,0,mix
10.818616000004113,2030.0,2195.0,0.924408014571949,14.0,18.0,95808,41932,161172,0,0,11,3.027169118440619,False,0.0003711952487008166,0.0002787068004459309,0,mix
10.011005000007572,568.0,190.0,2.973821989528796,7.0,6.0,95808,41932,161172,0,0,11,3.027169118440619,False,0.0003711952487008166,0.0002787068004459309,0,mix
20.889716000005137,15475.0,4227.0,3.660122989593188,29.0,33.0,95808,41932,161172,0,0,11,3.027169118440619,False,0.0003711952487008166,0.0002787068004459309,0,mix
4.413285000002361,3966.0,2495.0,1.5889423076923077,13.0,16.0,241151,175548,40599,0,0,15,3.0565647621309537,False,0.004608294930875576,0.005208333333333333,0,mix
0.887577999994391,1734.0,1390.0,1.2465851905104242,11.0,14.0,95808,41932,161172,0,0,11,3.027169118440619,False,0.0003711952487008166,0.0002787068004459309,0,mix
0.888336999996681,1835.0,1673.0,1.0961768219832735,13.0,16.0,95808,41932,161172,0,0,11,3.027169118440619,False,0.0003711952487008166,0.0002787068004459309,0,mix
0.9196170000068372,1734.0,1390.0,1.2465851905104242,12.0,14.0,95808,41932,161172,0,0,11,3.027169118440619,False,0.0003711952487008166,0.0002787068004459309,0,mix
0.9416060000075952,1734.0,1390.0,1.2465851905104242,12.0,14.0,95808,41932,161172,0,0,11,3.027169118440619,False,0.0003711952487008166,0.0002787068004459309,0,mix
0.9008180000091672,1835.0,1674.0,1.0955223880597016,13.0,16.0,95808,41932,161172,0,0,11,3.027169118440619,False,0.0003711952487008166,0.0002787068004459309,0,mix
0.960118000002694,1734.0,1390.0,1.2465851905104242,11.0,14.0,95808,41932,161172,0,0,11,3.027169118440619,False,0.0003711952487008166,0.0002787068004459309,0,mix
0.955816999994567,1734.0,1389.0,1.2474820143884893,12.0,14.0,95808,41932,161172,0,0,11,3.027169118440619,False,0.0003711952487008166,0.0002787068004459309,0,mix
0.9664459999912652,1835.0,1675.0,1.0948687350835322,13.0,16.0,95808,41932,161172,0,0,11,3.027169118440619,False,0.0003711952487008166,0.0002787068004459309,0,mix
0.9615069999999832,1734.0,1389.0,1.2474820143884893,11.0,14.0,95808,41932,161172,0,0,11,3.027169118440619,False,0.0003711952487008166,0.0002787068004459309,0,mix
1.001558000003569,1734.0,1391.0,1.2456896551724137,11.0,14.0,95808,41932,161172,0,0,11,3.027169118440619,False,0.0003711952487008166,0.0002787068004459309,0,mix
0.9893250000022812,1835.0,1673.0,1.0961768219832735,13.0,16.0,95808,41932,161172,0,0,11,3.027169118440619,False,0.0003711952487008166,0.0002787068004459309,0,mix
1.031617999993614,1734.0,1389.0,1.2474820143884893,11.0,14.0,95808,41932,161172,0,0,11,3.027169118440619,False,0.0003711952487008166,0.0002787068004459309,0,mix
1.031696000005467,1734.0,1390.0,1.2465851905104242,11.0,14.0,95808,41932,161172,0,0,11,3.027169118440619,False,0.0003711952487008166,0.0002787068004459309,0,mix
1.035145000001648,1835.0,1674.0,1.0955223880597016,13.0,16.0,95808,41932,161172,0,0,11,3.027169118440619,False,0.0003711952487008166,0.0002787068004459309,0,mix
1.07109300000593,1734.0,1390.0,1.2465851905104242,12.0,14.0,95808,41932,161172,0,0,11,3.027169118440619,False,0.0003711952487008166,0.0002787068004459309,0,mix
1.070450999992317,1734.0,1390.0,1.2465851905104242,11.0,14.0,95808,41932,161172,0,0,11,3.027169118440619,False,0.0003711952487008166,0.0002787068004459309,0,mix
1.061896999992313,1835.0,1675.0,1.0948687350835322,13.0,16.0,95808,41932,161172,0,0,11,3.027169118440619,False,0.0003711952487008166,0.0002787068004459309,0,mix
1.085535999998683,1734.0,1390.0,1.2465851905104242,11.0,14.0,95808,41932,161172,0,0,11,3.027169118440619,False,0.0003711952487008166,0.0002787068004459309,0,mix
1.107596000001649,12168.0,1495.0,8.133689839572192,21.0,24.0,95808,41932,161172,0,0,11,3.027169118440619,False,0.0003711952487008166,0.0002787068004459309,0,mix
1.100372000000788,1835.0,1674.0,1.0955223880597016,13.0,16.0,95808,41932,161172,0,0,11,3.027169118440619,False,0.0003711952487008166,0.0002787068004459309,0,mix
1.130841999998665,1734.0,1389.0,1.2474820143884893,12.0,14.0,95808,41932,161172,0,0,11,3.027169118440619,False,0.0003711952487008166,0.0002787068004459309,0,mix
1.140105999991647,1734.0,1389.0,1.2474820143884893,11.0,14.0,95808,41932,161172,0,0,11,3.027169118440619,False,0.0003711952487008166,0.0002787068004459309,0,mix
1.121536999999079,1835.0,1675.0,1.0948687350835322,13.0,16.0,95808,41932,161172,0,0,11,3.027169118440619,False,0.0003711952487008166,0.0002787068004459309,0,mix
1.155448999998043,1734.0,1390.0,1.2465851905104242,11.0,14.0,95808,41932,161172,0,0,11,3.027169118440619,False,0.0003711952487008166,0.0002787068004459309,0,mix
1.159154000008129,1734.0,1390.0,1.2465851905104242,12.0,14.0,95808,41932,161172,0,0,11,3.027169118440619,False,0.0003711952487008166,0.0002787068004459309,0,mix
1.146705000006477,1835.0,1673.0,1.0961768219832735,12.0,16.0,95808,41932,161172,0,0,11,3.027169118440619,False,0.0003711952487008166,0.0002787068004459309,0,mix
1.187632000001031,1734.0,1389.0,1.2474820143884893,11.0,14.0,95808,41932,161172,0,0,11,3.027169118440619,False,0.0003711952487008166,0.0002787068004459309,0,mix
1.195330999995349,1734.0,1390.0,1.2465851905104242,12.0,14.0,95808,41932,161172,0,0,11,3.027169118440619,False,0.0003711952487008166,0.0002787068004459309,0,mix
1.196688999989419,1955.0,2993.0,0.6529726118904475,14.0,18.0,95808,41932,161172,0,0,11,3.027169118440619,False,0.0003711952487008166,0.0002787068004459309,0,mix
3.793577000004006,4026.0,2541.0,1.5837922895357985,13.0,16.0,241151,175548,40599,0,0,15,3.0565647621309537,False,0.004608294930875576,0.005208333333333333,0,mix
1.226863999996567,1734.0,1390.0,1.2465851905104242,12.0,14.0,95808,41932,161172,0,0,11,3.027169118440619,False,0.0003711952487008166,0.0002787068004459309,0,mix
1.240764000001945,1734.0,1388.0,1.2483801295896328,12.0,14.0,95808,41932,161172,0,0,11,3.027169118440619,False,0.0003711952487008166,0.0002787068004459309,0,mix
1.200924999997369,12418.0,1799.0,6.898888888888889,22.0,26.0,95808,41932,161172,0,0,11,3.027169118440619,False,0.0003711952487008166,0.0002787068004459309,0,mix
1.268192000003182,1734.0,1389.0,1.2474820143884893,12.0,14.0,95808,41932,161172,0,0,11,3.027169118440619,False,0.0003711952487008166,0.0002787068004459309,0,mix
1.267629000009037,1734.0,1390.0,1.2465851905104242,11.0,14.0,95808,41932,161172,0,0,11,3.027169118440619,False,0.0003711952487008166,0.0002787068004459309,0,mix
1.258788999999524,1835.0,1674.0,1.0955223880597016,13.0,16.0,95808,41932,161172,0,0,11,3.027169118440619,False,0.0003711952487008166,0.0002787068004459309,0,mix
1.257502999986172,1734.0,1389.0,1.2474820143884893,11.0,14.0,95808,41932,161172,0,0,11,3.027169118440619,False,0.0003711952487008166,0.0002787068004459309,0,mix
1.298398000013548,1734.0,1389.0,1.2474820143884893,11.0,14.0,95808,41932,161172,0,0,11,3.027169118440619,False,0.0003711952487008166,0.0002787068004459309,0,mix
1.275464999998803,1835.0,1671.0,1.097488038277512,12.0,16.0,95808,41932,161172,0,0,11,3.027169118440619,False,0.0003711952487008166,0.0002787068004459309,0,mix
1.314396999994642,1734.0,1388.0,1.2483801295896328,11.0,14.0,95808,41932,161172,0,0,11,3.027169118440619,False,0.0003711952487008166,0.0002787068004459309,0,mix
1.325300999989849,1734.0,1389.0,1.2474820143884893,11.0,14.0,95808,41932,161172,0,0,11,3.027169118440619,False,0.0003711952487008166,0.0002787068004459309,0,mix
1.329024000006029,1835.0,1675.0,1.0948687350835322,13.0,16.0,95808,41932,161172,0,0,11,3.027169118440619,False,0.0003711952487008166,0.0002787068004459309,0,mix
1.3560320000106,1734.0,1389.0,1.2474820143884893,11.0,14.0,95808,41932,161172,0,0,11,3.027169118440619,False,0.0003711952487008166,0.0002787068004459309,0,mix
1.369126000005053,1734.0,1389.0,1.2474820143884893,11.0,14.0,95808,41932,161172,0,0,11,3.027169118440619,False,0.0003711952487008166,0.0002787068004459309,0,mix
1.357843999998294,1835.0,1671.0,1.097488038277512,13.0,16.0,95808,41932,161172,0,0,11,3.027169118440619,False,0.0003711952487008166,0.0002787068004459309,0,mix
1.393656000000191,1734.0,1388.0,1.2483801295896328,11.0,14.0,95808,41932,161172,0,0,11,3.027169118440619,False,0.0003711952487008166,0.0002787068004459309,0,mix
1.391304999997373,1734.0,1389.0,1.2474820143884893,12.0,14.0,95808,41932,161172,0,0,11,3.027169118440619,False,0.0003711952487008166,0.0002787068004459309,0,mix
1.392513999991933,1835.0,1674.0,1.0955223880597016,13.0,16.0,95808,41932,161172,0,0,11,3.027169118440619,False,0.0003711952487008166,0.0002787068004459309,0,mix
1.43593900000269,1734.0,1389.0,1.2474820143884893,12.0,14.0,95808,41932,161172,0,0,11,3.027169118440619,False,0.0003711952487008166,0.0002787068004459309,0,mix
1.417775000008987,1734.0,1391.0,1.2456896551724137,12.0,14.0,95808,41932,161172,0,0,11,3.027169118440619,False,0.0003711952487008166,0.0002787068004459309,0,mix
1.431107999989763,1835.0,1673.0,1.0961768219832735,13.0,16.0,95808,41932,161172,0,0,11,3.027169118440619,False,0.0003711952487008166,0.0002787068004459309,0,mix
1.464664000013726,1734.0,1390.0,1.2465851905104242,11.0,14.0,95808,41932,161172,0,0,11,3.027169118440619,False,0.0003711952487008166,0.0002787068004459309,0,mix
1.473756000006687,12168.0,1494.0,8.139130434782608,21.0,24.0,95808,41932,161172,0,0,11,3.027169118440619,False,0.0003711952487008166,0.0002787068004459309,0,mix
1.437099999995553,1835.0,1698.0,1.0800470865214833,13.0,16.0,95808,41932,161172,0,0,11,3.027169118440619,False,0.0003711952487008166,0.0002787068004459309,0,mix
1.493233000001055,1734.0,1390.0,1.2465851905104242,11.0,14.0,95808,41932,161172,0,0,11,3.027169118440619,False,0.0003711952487008166,0.0002787068004459309,0,mix
1.5013840000028722,1734.0,1389.0,1.2474820143884893,11.0,14.0,95808,41932,161172,0,0,11,3.027169118440619,False,0.0003711952487008166,0.0002787068004459309,0,mix
1.494557999991229,1835.0,1672.0,1.0968320382546324,13.0,16.0,95808,41932,161172,0,0,11,3.027169118440619,False,0.0003711952487008166,0.0002787068004459309,0,mix
1.513418000002275,1734.0,1390.0,1.2465851905104242,12.0,14.0,95808,41932,161172,0,0,11,3.027169118440619,False,0.0003711952487008166,0.0002787068004459309,0,mix
1.526648999992176,1734.0,1389.0,1.2474820143884893,11.0,14.0,95808,41932,161172,0,0,11,3.027169118440619,False,0.0003711952487008166,0.0002787068004459309,0,mix
1.510848000005353,1955.0,2927.0,0.667691256830601,14.0,18.0,95808,41932,161172,0,0,11,3.027169118440619,False,0.0003711952487008166,0.0002787068004459309,0,mix
3.103610000005574,4088.0,2592.0,1.5765522560740455,15.0,18.0,241151,175548,40599,0,0,15,3.0565647621309537,False,0.004608294930875576,0.005208333333333333,0,mix
1.536418999996385,1734.0,1389.0,1.2474820143884893,11.0,14.0,95808,41932,161172,0,0,11,3.027169118440619,False,0.0003711952487008166,0.0002787068004459309,0,mix
1.542834000007133,1734.0,1392.0,1.2447954055994257,11.0,14.0,95808,41932,161172,0,0,11,3.027169118440619,False,0.0003711952487008166,0.0002787068004459309,0,mix
1.537927000012132,1835.0,1674.0,1.0955223880597016,13.0,16.0,95808,41932,161172,0,0,11,3.027169118440619,False,0.0003711952487008166,0.0002787068004459309,0,mix
1.557563999987905,1734.0,1390.0,1.2465851905104242,12.0,14.0,95808,41932,161172,0,0,11,3.027169118440619,False,0.0003711952487008166,0.0002787068004459309,0,mix
1.581130999999004,1734.0,1389.0,1.2474820143884893,11.0,14.0,95808,41932,161172,0,0,11,3.027169118440619,False,0.0003711952487008166,0.0002787068004459309,0,mix
1.571230999994441,12408.0,1780.0,6.96687254351488,22.0,26.0,95808,41932,161172,0,0,11,3.027169118440619,False,0.0003711952487008166,0.0002787068004459309,0,mix
1.585517999992589,1734.0,1388.0,1.2483801295896328,11.0,14.0,95808,41932,161172,0,0,11,3.027169118440619,False,0.0003711952487008166,0.0002787068004459309,0,mix
1.613192000004346,1734.0,1390.0,1.2465851905104242,11.0,14.0,95808,41932,161172,0,0,11,3.027169118440619,False,0.0003711952487008166,0.0002787068004459309,0,mix
1.6123859999934211,1835.0,1672.0,1.0968320382546324,13.0,16.0,95808,41932,161172,0,0,11,3.027169118440619,False,0.0003711952487008166,0.0002787068004459309,0,mix
1.640847000002395,1734.0,1390.0,1.2465851905104242,11.0,14.0,95808,41932,161172,0,0,11,3.027169118440619,False,0.0003711952487008166,0.0002787068004459309,0,mix
1.649459000007482,1734.0,1390.0,1.2465851905104242,11.0,14.0,95808,41932,161172,0,0,11,3.027169118440619,False,0.0003711952487008166,0.0002787068004459309,0,mix
1.645088000004761,1835.0,1673.0,1.0961768219832735,13.0,16.0,95808,41932,161172,0,0,11,3.027169118440619,False,0.0003711952487008166,0.0002787068004459309,0,mix
1.6869220000080531,1734.0,1389.0,1.2474820143884893,12.0,14.0,95808,41932,161172,0,0,11,3.027169118440619,False,0.0003711952487008166,0.0002787068004459309,0,mix
1.6960649999964512,1734.0,1391.0,1.2456896551724137,12.0,14.0,95808,41932,161172,0,0,11,3.027169118440619,False,0.0003711952487008166,0.0002787068004459309,0,mix
1.692527999999583,1835.0,1673.0,1.0961768219832735,13.0,16.0,95808,41932,161172,0,0,11,3.027169118440619,False,0.0003711952487008166,0.0002787068004459309,0,mix
1.719702000002144,1734.0,1389.0,1.2474820143884893,11.0,14.0,95808,41932,161172,0,0,11,3.027169118440619,False,0.0003711952487008166,0.0002787068004459309,0,mix
1.7362750000029332,1734.0,1390.0,1.2465851905104242,11.0,14.0,95808,41932,161172,0,0,11,3.027169118440619,False,0.0003711952487008166,0.0002787068004459309,0,mix
1.722433000002638,1835.0,1674.0,1.0955223880597016,13.0,16.0,95808,41932,161172,0,0,11,3.027169118440619,False,0.0003711952487008166,0.0002787068004459309,0,mix
1.74536299999454,1734.0,1390.0,1.2465851905104242,12.0,14.0,95808,41932,161172,0,0,11,3.027169118440619,False,0.0003711952487008166,0.0002787068004459309,0,mix
1.756568999990122,1734.0,1390.0,1.2465851905104242,12.0,14.0,95808,41932,161172,0,0,11,3.027169118440619,False,0.0003711952487008166,0.0002787068004459309,0,mix
1.7345649999915622,1835.0,1673.0,1.0961768219832735,13.0,16.0,95808,41932,161172,0,0,11,3.027169118440619,False,0.0003711952487008166,0.0002787068004459309,0,mix
1.781311999991885,1734.0,1390.0,1.2465851905104242,12.0,14.0,95808,41932,161172,0,0,11,3.027169118440619,False,0.0003711952487008166,0.0002787068004459309,0,mix
1.786288000002969,1734.0,1390.0,1.2465851905104242,11.0,14.0,95808,41932,161172,0,0,11,3.027169118440619,False,0.0003711952487008166,0.0002787068004459309,0,mix
1.7796760000055651,1835.0,1673.0,1.0961768219832735,13.0,16.0,95808,41932,161172,0,0,11,3.027169118440619,False,0.0003711952487008166,0.0002787068004459309,0,mix
1.80325100000482,1734.0,1390.0,1.2465851905104242,11.0,14.0,95808,41932,161172,0,0,11,3.027169118440619,False,0.0003711952487008166,0.0002787068004459309,0,mix
1.81794200000877,12168.0,1494.0,8.139130434782608,21.0,24.0,95808,41932,161172,0,0,11,3.027169118440619,False,0.0003711952487008166,0.0002787068004459309,0,mix
1.798156000004382,1835.0,1675.0,1.0948687350835322,13.0,16.0,95808,41932,161172,0,0,11,3.027169118440619,False,0.0003711952487008166,0.0002787068004459309,0,mix
1.829238999998779,1734.0,1390.0,1.2465851905104242,12.0,14.0,95808,41932,161172,0,0,11,3.027169118440619,False,0.0003711952487008166,0.0002787068004459309,0,mix
1.831853000010596,1734.0,1390.0,1.2465851905104242,12.0,14.0,95808,41932,161172,0,0,11,3.027169118440619,False,0.0003711952487008166,0.0002787068004459309,0,mix
1.82314100000076,1955.0,2948.0,0.6629365886741269,15.0,18.0,95808,41932,161172,0,0,11,3.027169118440619,False,0.0003711952487008166,0.0002787068004459309,0,mix
1.600993000000016,1287.0,633.0,2.029968454258675,12.0,15.0,108488,86241,161172,0,0,17,3.734521664779752,False,0.07142857142857142,0.25,0,mix
2.40784299999359,4148.0,2598.0,1.5959984609465179,13.0,16.0,241151,175548,40599,0,0,15,3.0565647621309537,False,0.004608294930875576,0.005208333333333333,0,mix
1.857841000004555,1734.0,1388.0,1.2483801295896328,12.0,14.0,95808,41932,161172,0,0,11,3.027169118440619,False,0.0003711952487008166,0.0002787068004459309,0,mix
1.8582270000042624,1734.0,1388.0,1.2483801295896328,11.0,14.0,95808,41932,161172,0,0,11,3.027169118440619,False,0.0003711952487008166,0.0002787068004459309,0,mix
1.8569690000003904,1835.0,1672.0,1.0968320382546324,13.0,16.0,95808,41932,161172,0,0,11,3.027169118440619,False,0.0003711952487008166,0.0002787068004459309,0,mix
1.873558000006596,1734.0,1389.0,1.2474820143884893,11.0,14.0,95808,41932,161172,0,0,11,3.027169118440619,False,0.0003711952487008166,0.0002787068004459309,0,mix
1.87629200000083,1734.0,1390.0,1.2465851905104242,11.0,14.0,95808,41932,161172,0,0,11,3.027169118440619,False,0.0003711952487008166,0.0002787068004459309,0,mix
1.870372000004863,1835.0,4340.0,0.4227136604469016,13.0,18.0,95808,41932,161172,0,0,11,3.027169118440619,False,0.0003711952487008166,0.0002787068004459309,0,mix
1.525448000000324,1012.0,5531.0,0.1829356471438901,11.0,14.0,95808,69425,161172,0,0,13,3.3927474104487847,False,0.03225806451612903,0.0002787068004459309,0,mix
1.884795000005397,1734.0,1390.0,1.2465851905104242,11.0,14.0,95808,41932,161172,0,0,11,3.027169118440619,False,0.0003711952487008166,0.0002787068004459309,0,mix
1.892238000000361,1734.0,1388.0,1.2483801295896328,11.0,14.0,95808,41932,161172,0,0,11,3.027169118440619,False,0.0003711952487008166,0.0002787068004459309,0,mix
1.890877999991062,12410.0,1821.0,6.81119648737651,23.0,26.0,95808,41932,161172,0,0,11,3.027169118440619,False,0.0003711952487008166,0.0002787068004459309,0,mix
1.918663999997079,1734.0,1388.0,1.2483801295896328,12.0,14.0,95808,41932,161172,0,0,11,3.027169118440619,False,0.0003711952487008166,0.0002787068004459309,0,mix
1.9309030000003984,1734.0,1390.0,1.2465851905104242,12.0,14.0,95808,41932,161172,0,0,11,3.027169118440619,False,0.0003711952487008166,0.0002787068004459309,0,mix
1.892463999989559,1835.0,1707.0,1.0743559718969555,13.0,16.0,95808,41932,161172,0,0,11,3.027169118440619,False,0.0003711952487008166,0.0002787068004459309,0,mix
1.951979000004939,1734.0,1390.0,1.2465851905104242,12.0,14.0,95808,41932,161172,0,0,11,3.027169118440619,False,0.0003711952487008166,0.0002787068004459309,0,mix
1.948367000004509,1734.0,1388.0,1.2483801295896328,11.0,14.0,95808,41932,161172,0,0,11,3.027169118440619,False,0.0003711952487008166,0.0002787068004459309,0,mix
1.966386000000056,1835.0,1670.0,1.0981448234590065,13.0,16.0,95808,41932,161172,0,0,11,3.027169118440619,False,0.0003711952487008166,0.0002787068004459309,0,mix
1.988439000007929,1734.0,1387.0,1.2492795389048992,11.0,14.0,95808,41932,161172,0,0,11,3.027169118440619,False,0.0003711952487008166,0.0002787068004459309,0,mix
5.572568999996292,3915.0,45926.0,0.08524397413286303,22.0,51.0,241151,175548,40599,0,0,15,3.0565647621309537,False,0.004608294930875576,0.005208333333333333,0,mix
1.994095000001834,1734.0,1390.0,1.2465851905104242,11.0,14.0,95808,41932,161172,0,0,11,3.027169118440619,False,0.0003711952487008166,0.0002787068004459309,0,mix
1.987779999995837,1835.0,1673.0,1.0961768219832735,13.0,16.0,95808,41932,161172,0,0,11,3.027169118440619,False,0.0003711952487008166,0.0002787068004459309,0,mix
9.545236999998451,610.0,3008.0,0.20272515785975406,9.0,8.0,12919,224797,161172,0,0,38,3.852676197426378,False,0.5,0.0048543689320388345,0,mix
2.012900000001536,1734.0,1390.0,1.2465851905104242,11.0,14.0,95808,41932,161172,0,0,11,3.027169118440619,False,0.0003711952487008166,0.0002787068004459309,0,mix
2.022054999993997,1734.0,1391.0,1.2456896551724137,12.0,14.0,95808,41932,161172,0,0,11,3.027169118440619,False,0.0003711952487008166,0.0002787068004459309,0,mix
2.018535999988671,1835.0,1675.0,1.0948687350835322,13.0,16.0,95808,41932,161172,0,0,11,3.027169118440619,False,0.0003711952487008166,0.0002787068004459309,0,mix
2.040255999992951,1734.0,1391.0,1.2456896551724137,11.0,14.0,95808,41932,161172,0,0,11,3.027169118440619,False,0.0003711952487008166,0.0002787068004459309,0,mix
2.058690999998362,1734.0,1390.0,1.2465851905104242,12.0,14.0,95808,41932,161172,0,0,11,3.027169118440619,False,0.0003711952487008166,0.0002787068004459309,0,mix
2.044126000007963,1835.0,1743.0,1.052178899082569,13.0,16.0,95808,41932,161172,0,0,11,3.027169118440619,False,0.0003711952487008166,0.0002787068004459309,0,mix
2.072174000000814,1734.0,1391.0,1.2456896551724137,11.0,14.0,95808,41932,161172,0,0,11,3.027169118440619,False,0.0003711952487008166,0.0002787068004459309,0,mix
2.050815999988117,1734.0,1389.0,1.2474820143884893,11.0,14.0,95808,41932,161172,0,0,11,3.027169118440619,False,0.0003711952487008166,0.0002787068004459309,0,mix
2.070016999990912,1835.0,1672.0,1.0968320382546324,13.0,16.0,95808,41932,161172,0,0,11,3.027169118440619,False,0.0003711952487008166,0.0002787068004459309,0,mix
2.099182000005385,1734.0,1390.0,1.2465851905104242,11.0,14.0,95808,41932,161172,0,0,11,3.027169118440619,False,0.0003711952487008166,0.0002787068004459309,0,mix
2.105791000009048,12168.0,1495.0,8.133689839572192,21.0,24.0,95808,41932,161172,0,0,11,3.027169118440619,False,0.0003711952487008166,0.0002787068004459309,0,mix
2.101586000004317,1955.0,2947.0,0.6631614654002713,14.0,18.0,95808,41932,161172,0,0,11,3.027169118440619,False,0.0003711952487008166,0.0002787068004459309,0,mix
2.132415000000037,1734.0,1390.0,1.2465851905104242,12.0,14.0,95808,41932,161172,0,0,11,3.027169118440619,False,0.0003711952487008166,0.0002787068004459309,0,mix
1.675867000012658,3258.0,3110.0,1.04725168756027,13.0,16.0,241151,175548,40599,0,0,15,3.0565647621309537,False,0.004608294930875576,0.005208333333333333,0,mix
2.143021999989287,1734.0,1390.0,1.2465851905104242,11.0,14.0,95808,41932,161172,0,0,11,3.027169118440619,False,0.0003711952487008166,0.0002787068004459309,0,mix
2.103050000005169,1910.0,5441.0,0.3509739066519662,14.0,18.0,95808,67117,161172,0,0,11,3.027169118440619,False,0.0003711952487008166,0.0002787068004459309,0,mix
2.163448999999673,1734.0,1390.0,1.2465851905104242,11.0,14.0,95808,41932,161172,0,0,11,3.027169118440619,False,0.0003711952487008166,0.0002787068004459309,0,mix
2.171358000006876,1734.0,1390.0,1.2465851905104242,11.0,14.0,95808,41932,161172,0,0,11,3.027169118440619,False,0.0003711952487008166,0.0002787068004459309,0,mix
2.166236000004573,1835.0,1672.0,1.0968320382546324,13.0,16.0,95808,41932,161172,0,0,11,3.027169118440619,False,0.0003711952487008166,0.0002787068004459309,0,mix
2.16629200000898,1734.0,1390.0,1.2465851905104242,11.0,14.0,95808,41932,161172,0,0,11,3.027169118440619,False,0.0003711952487008166,0.0002787068004459309,0,mix
2.194935000006808,1734.0,1390.0,1.2465851905104242,11.0,14.0,95808,41932,161172,0,0,11,3.027169118440619,False,0.0003711952487008166,0.0002787068004459309,0,mix
2.183771000010892,1835.0,1674.0,1.0955223880597016,13.0,16.0,95808,41932,161172,0,0,11,3.027169118440619,False,0.0003711952487008166,0.0002787068004459309,0,mix
2.209679000006872,1734.0,1390.0,1.2465851905104242,11.0,14.0,95808,41932,161172,0,0,11,3.027169118440619,False,0.0003711952487008166,0.0002787068004459309,0,mix
2.2050540000054752,1734.0,1390.0,1.2465851905104242,11.0,14.0,95808,41932,161172,0,0,11,3.027169118440619,False,0.0003711952487008166,0.0002787068004459309,0,mix
2.204603999998653,12408.0,1778.0,6.974704890387859,22.0,26.0,95808,41932,161172,0,0,11,3.027169118440619,False,0.0003711952487008166,0.0002787068004459309,0,mix
2.241297999993548,1734.0,1391.0,1.2456896551724137,11.0,14.0,95808,41932,161172,0,0,11,3.027169118440619,False,0.0003711952487008166,0.0002787068004459309,0,mix
2.247845999998389,1734.0,1391.0,1.2456896551724137,11.0,14.0,95808,41932,161172,0,0,11,3.027169118440619,False,0.0003711952487008166,0.0002787068004459309,0,mix
2.23881199999596,1835.0,1673.0,1.0961768219832735,13.0,16.0,95808,41932,161172,0,0,11,3.027169118440619,False,0.0003711952487008166,0.0002787068004459309,0,mix
2.25884799999767,1734.0,1389.0,1.2474820143884893,11.0,14.0,95808,41932,161172,0,0,11,3.027169118440619,False,0.0003711952487008166,0.0002787068004459309,0,mix
2.27819699999236,1734.0,1390.0,1.2465851905104242,11.0,14.0,95808,41932,161172,0,0,11,3.027169118440619,False,0.0003711952487008166,0.0002787068004459309,0,mix
2.272687000004225,1835.0,1673.0,1.0961768219832735,13.0,16.0,95808,41932,161172,0,0,11,3.027169118440619,False,0.0003711952487008166,0.0002787068004459309,0,mix
2.30234000000928,1734.0,1389.0,1.2474820143884893,11.0,14.0,95808,41932,161172,0,0,11,3.027169118440619,False,0.0003711952487008166,0.0002787068004459309,0,mix
2.306054000000586,1734.0,1390.0,1.2465851905104242,11.0,14.0,95808,41932,161172,0,0,11,3.027169118440619,False,0.0003711952487008166,0.0002787068004459309,0,mix
2.290655999997398,1835.0,1672.0,1.0968320382546324,13.0,16.0,95808,41932,161172,0,0,11,3.027169118440619,False,0.0003711952487008166,0.0002787068004459309,0,mix
2.321893000000273,1734.0,1389.0,1.2474820143884893,12.0,14.0,95808,41932,161172,0,0,11,3.027169118440619,False,0.0003711952487008166,0.0002787068004459309,0,mix
2.328552000006311,1734.0,1390.0,1.2465851905104242,11.0,14.0,95808,41932,161172,0,0,11,3.027169118440619,False,0.0003711952487008166,0.0002787068004459309,0,mix
2.30097100000421,1835.0,1847.0,0.9929653679653679,13.0,16.0,95808,41932,161172,0,0,11,3.027169118440619,False,0.0003711952487008166,0.0002787068004459309,0,mix
2.365783000001101,1734.0,1390.0,1.2465851905104242,12.0,14.0,95808,41932,161172,0,0,11,3.027169118440619,False,0.0003711952487008166,0.0002787068004459309,0,mix
2.371031000002403,1734.0,1390.0,1.2465851905104242,11.0,14.0,95808,41932,161172,0,0,11,3.027169118440619,False,0.0003711952487008166,0.0002787068004459309,0,mix
2.371639000004506,1835.0,1674.0,1.0955223880597016,13.0,16.0,95808,41932,161172,0,0,11,3.027169118440619,False,0.0003711952487008166,0.0002787068004459309,0,mix
2.39574699998775,1734.0,1390.0,1.2465851905104242,11.0,14.0,95808,41932,161172,0,0,11,3.027169118440619,False,0.0003711952487008166,0.0002787068004459309,0,mix
2.413214999993215,1734.0,1391.0,1.2456896551724137,12.0,14.0,95808,41932,161172,0,0,11,3.027169118440619,False,0.0003711952487008166,0.0002787068004459309,0,mix
2.38162500000908,15101.0,3206.0,4.708762082943561,25.0,30.0,95808,41932,161172,0,0,11,3.027169118440619,False,0.0003711952487008166,0.0002787068004459309,0,mix
2.441002999999909,1734.0,1390.0,1.2465851905104242,12.0,14.0,95808,41932,161172,0,0,11,3.027169118440619,False,0.0003711952487008166,0.0002787068004459309,0,mix
2.446651999998721,1734.0,1388.0,1.2483801295896328,11.0,14.0,95808,41932,161172,0,0,11,3.027169118440619,False,0.0003711952487008166,0.0002787068004459309,0,mix
2.436421999998856,1835.0,1669.0,1.098802395209581,13.0,16.0,95808,41932,161172,0,0,11,3.027169118440619,False,0.0003711952487008166,0.0002787068004459309,0,mix
2.469791999988956,1734.0,1385.0,1.251082251082251,12.0,14.0,95808,41932,161172,0,0,11,3.027169118440619,False,0.0003711952487008166,0.0002787068004459309,0,mix
2.471262999999453,1734.0,1386.0,1.2501802451333814,11.0,14.0,95808,41932,161172,0,0,11,3.027169118440619,False,0.0003711952487008166,0.0002787068004459309,0,mix
2.461666000002878,1835.0,1670.0,1.0981448234590065,13.0,16.0,95808,41932,161172,0,0,11,3.027169118440619,False,0.0003711952487008166,0.0002787068004459309,0,mix
2.5016930000128923,1734.0,1386.0,1.2501802451333814,11.0,14.0,95808,41932,161172,0,0,11,3.027169118440619,False,0.0003711952487008166,0.0002787068004459309,0,mix
2.507992999991984,1734.0,1386.0,1.2501802451333814,11.0,14.0,95808,41932,161172,0,0,11,3.027169118440619,False,0.0003711952487008166,0.0002787068004459309,0,mix
2.499796999996761,1835.0,1669.0,1.098802395209581,13.0,16.0,95808,41932,161172,0,0,11,3.027169118440619,False,0.0003711952487008166,0.0002787068004459309,0,mix
2.531004000004031,1734.0,1386.0,1.2501802451333814,11.0,14.0,95808,41932,161172,0,0,11,3.027169118440619,False,0.0003711952487008166,0.0002787068004459309,0,mix
2.544328000003588,1734.0,1385.0,1.251082251082251,11.0,14.0,95808,41932,161172,0,0,11,3.027169118440619,False,0.0003711952487008166,0.0002787068004459309,0,mix
2.525808999998844,1835.0,1670.0,1.0981448234590065,13.0,16.0,95808,41932,161172,0,0,11,3.027169118440619,False,0.0003711952487008166,0.0002787068004459309,0,mix
2.551017999998294,1734.0,1386.0,1.2501802451333814,11.0,14.0,95808,41932,161172,0,0,11,3.027169118440619,False,0.0003711952487008166,0.0002787068004459309,0,mix
2.572761999996146,1734.0,1387.0,1.2492795389048992,11.0,14.0,95808,41932,161172,0,0,11,3.027169118440619,False,0.0003711952487008166,0.0002787068004459309,0,mix
2.556556000010459,1835.0,1738.0,1.0552041403105232,13.0,16.0,95808,41932,161172,0,0,11,3.027169118440619,False,0.0003711952487008166,0.0002787068004459309,0,mix
2.583631000001332,1734.0,1386.0,1.2501802451333814,11.0,14.0,95808,41932,161172,0,0,11,3.027169118440619,False,0.0003711952487008166,0.0002787068004459309,0,mix
2.589400000011665,1734.0,1386.0,1.2501802451333814,11.0,14.0,95808,41932,161172,0,0,11,3.027169118440619,False,0.0003711952487008166,0.0002787068004459309,0,mix
2.554117999985465,1835.0,1668.0,1.0994607549430797,13.0,16.0,95808,41932,161172,0,0,11,3.027169118440619,False,0.0003711952487008166,0.0002787068004459309,0,mix
2.602209000004222,1734.0,1385.0,1.251082251082251,11.0,14.0,95808,41932,161172,0,0,11,3.027169118440619,False,0.0003711952487008166,0.0002787068004459309,0,mix
2.601782999990973,12168.0,1491.0,8.15549597855228,21.0,24.0,95808,41932,161172,0,0,11,3.027169118440619,False,0.0003711952487008166,0.0002787068004459309,0,mix
2.595579999993788,1835.0,4814.0,0.3811007268951194,13.0,18.0,95808,41932,161172,0,0,11,3.027169118440619,False,0.0003711952487008166,0.0002787068004459309,0,mix
2.629125000006752,1734.0,1387.0,1.2492795389048992,11.0,14.0,95808,41932,161172,0,0,11,3.027169118440619,False,0.0003711952487008166,0.0002787068004459309,0,mix
2.623678999996627,1734.0,1387.0,1.2492795389048992,12.0,14.0,95808,41932,161172,0,0,11,3.027169118440619,False,0.0003711952487008166,0.0002787068004459309,0,mix
2.613698000001022,1835.0,1671.0,1.097488038277512,13.0,16.0,95808,41932,161172,0,0,11,3.027169118440619,False,0.0003711952487008166,0.0002787068004459309,0,mix
2.643236000003526,1734.0,1389.0,1.2474820143884893,12.0,14.0,95808,41932,161172,0,0,11,3.027169118440619,False,0.0003711952487008166,0.0002787068004459309,0,mix
2.64535700000124,1734.0,1387.0,1.2492795389048992,11.0,14.0,95808,41932,161172,0,0,11,3.027169118440619,False,0.0003711952487008166,0.0002787068004459309,0,mix
2.611122999995132,1835.0,1669.0,1.098802395209581,13.0,16.0,95808,41932,161172,0,0,11,3.027169118440619,False,0.0003711952487008166,0.0002787068004459309,0,mix
2.667526000004727,1734.0,1387.0,1.2492795389048992,12.0,14.0,95808,41932,161172,0,0,11,3.027169118440619,False,0.0003711952487008166,0.0002787068004459309,0,mix
2.671369999996386,1734.0,1388.0,1.2483801295896328,11.0,14.0,95808,41932,161172,0,0,11,3.027169118440619,False,0.0003711952487008166,0.0002787068004459309,0,mix
2.658530999993672,1955.0,3104.0,0.6296296296296297,15.0,18.0,95808,41932,161172,0,0,11,3.027169118440619,False,0.0003711952487008166,0.0002787068004459309,0,mix
2.688266000011936,1734.0,1389.0,1.2474820143884893,11.0,14.0,95808,41932,161172,0,0,11,3.027169118440619,False,0.0003711952487008166,0.0002787068004459309,0,mix
1.239606999995885,3347.0,2621.0,1.276506483600305,12.0,15.0,241151,175548,40599,0,0,15,3.0565647621309537,False,0.004608294930875576,0.005208333333333333,0,mix
2.699978000004193,1734.0,1389.0,1.2474820143884893,12.0,14.0,95808,41932,161172,0,0,11,3.027169118440619,False,0.0003711952487008166,0.0002787068004459309,0,mix
2.686688999994658,12410.0,1776.0,6.983680360157569,22.0,26.0,95808,41932,161172,0,0,11,3.027169118440619,False,0.0003711952487008166,0.0002787068004459309,0,mix
2.714374999995925,1734.0,5027.0,0.3448687350835322,12.0,18.0,95808,41932,161172,0,0,11,3.027169118440619,False,0.0003711952487008166,0.0002787068004459309,0,mix
2.737678999998024,1734.0,1390.0,1.2465851905104242,12.0,14.0,95808,41932,161172,0,0,11,3.027169118440619,False,0.0003711952487008166,0.0002787068004459309,0,mix
2.727642999991076,1835.0,1673.0,1.0961768219832735,13.0,16.0,95808,41932,161172,0,0,11,3.027169118440619,False,0.0003711952487008166,0.0002787068004459309,0,mix
2.748921000005793,1734.0,1389.0,1.2474820143884893,12.0,14.0,95808,41932,161172,0,0,11,3.027169118440619,False,0.0003711952487008166,0.0002787068004459309,0,mix
2.7520050000021,1734.0,1389.0,1.2474820143884893,12.0,14.0,95808,41932,161172,0,0,11,3.027169118440619,False,0.0003711952487008166,0.0002787068004459309,0,mix
2.746174999992945,1835.0,1671.0,1.097488038277512,13.0,16.0,95808,41932,161172,0,0,11,3.027169118440619,False,0.0003711952487008166,0.0002787068004459309,0,mix
2.779054999991785,1734.0,1389.0,1.2474820143884893,11.0,14.0,95808,41932,161172,0,0,11,3.027169118440619,False,0.0003711952487008166,0.0002787068004459309,0,mix
2.78097500000149,1734.0,1389.0,1.2474820143884893,12.0,14.0,95808,41932,161172,0,0,11,3.027169118440619,False,0.0003711952487008166,0.0002787068004459309,0,mix
2.761226000002352,1835.0,1674.0,1.0955223880597016,13.0,16.0,95808,41932,161172,0,0,11,3.027169118440619,False,0.0003711952487008166,0.0002787068004459309,0,mix
2.818664999998873,1734.0,1389.0,1.2474820143884893,11.0,14.0,95808,41932,161172,0,0,11,3.027169118440619,False,0.0003711952487008166,0.0002787068004459309,0,mix
2.830205999998725,1734.0,1390.0,1.2465851905104242,11.0,14.0,95808,41932,161172,0,0,11,3.027169118440619,False,0.0003711952487008166,0.0002787068004459309,0,mix
2.829936000009183,1835.0,1672.0,1.0968320382546324,13.0,16.0,95808,41932,161172,0,0,11,3.027169118440619,False,0.0003711952487008166,0.0002787068004459309,0,mix
2.860488999998779,1734.0,1388.0,1.2483801295896328,11.0,14.0,95808,41932,161172,0,0,11,3.027169118440619,False,0.0003711952487008166,0.0002787068004459309,0,mix
2.871556000012788,1734.0,1389.0,1.2474820143884893,12.0,14.0,95808,41932,161172,0,0,11,3.027169118440619,False,0.0003711952487008166,0.0002787068004459309,0,mix
2.83779200000572,1835.0,1674.0,1.0955223880597016,13.0,16.0,95808,41932,161172,0,0,11,3.027169118440619,False,0.0003711952487008166,0.0002787068004459309,0,mix
2.897365999990143,1734.0,1389.0,1.2474820143884893,11.0,14.0,95808,41932,161172,0,0,11,3.027169118440619,False,0.0003711952487008166,0.0002787068004459309,0,mix
2.905391000007512,1734.0,1387.0,1.2492795389048992,11.0,14.0,95808,41932,161172,0,0,11,3.027169118440619,False,0.0003711952487008166,0.0002787068004459309,0,mix
2.900725999992573,1835.0,1673.0,1.0961768219832735,13.0,16.0,95808,41932,161172,0,0,11,3.027169118440619,False,0.0003711952487008166,0.0002787068004459309,0,mix
2.930809999990742,1734.0,1388.0,1.2483801295896328,11.0,14.0,95808,41932,161172,0,0,11,3.027169118440619,False,0.0003711952487008166,0.0002787068004459309,0,mix
2.931018999996013,12170.0,1493.0,8.145917001338688,21.0,24.0,95808,41932,161172,0,0,11,3.027169118440619,False,0.0003711952487008166,0.0002787068004459309,0,mix
2.926901999991969,1835.0,1697.0,1.080683156654888,13.0,16.0,95808,41932,161172,0,0,11,3.027169118440619,False,0.0003711952487008166,0.0002787068004459309,0,mix
2.9497820000106003,1734.0,1391.0,1.2456896551724137,11.0,14.0,95808,41932,161172,0,0,11,3.027169118440619,False,0.0003711952487008166,0.0002787068004459309,0,mix
2.957449999987147,1734.0,1388.0,1.2483801295896328,12.0,14.0,95808,41932,161172,0,0,11,3.027169118440619,False,0.0003711952487008166,0.0002787068004459309,0,mix
2.9505370000115363,1835.0,1842.0,0.9956592512208355,13.0,16.0,95808,41932,161172,0,0,11,3.027169118440619,False,0.0003711952487008166,0.0002787068004459309,0,mix
2.976029999990714,1734.0,1387.0,1.2492795389048992,12.0,14.0,95808,41932,161172,0,0,11,3.027169118440619,False,0.0003711952487008166,0.0002787068004459309,0,mix
2.985379000005196,1734.0,1388.0,1.2483801295896328,12.0,14.0,95808,41932,161172,0,0,11,3.027169118440619,False,0.0003711952487008166,0.0002787068004459309,0,mix
2.974874999999883,1955.0,3105.0,0.6294269156471346,14.0,18.0,95808,41932,161172,0,0,11,3.027169118440619,False,0.0003711952487008166,0.0002787068004459309,0,mix
3.005052000007708,1734.0,1390.0,1.2465851905104242,12.0,14.0,95808,41932,161172,0,0,11,3.027169118440619,False,0.0003711952487008166,0.0002787068004459309,0,mix
3.006927000009455,1734.0,1390.0,1.2465851905104242,11.0,14.0,95808,41932,161172,0,0,11,3.027169118440619,False,0.0003711952487008166,0.0002787068004459309,0,mix
3.00412199999846,1835.0,1693.0,1.0832349468713105,13.0,16.0,95808,41932,161172,0,0,11,3.027169118440619,False,0.0003711952487008166,0.0002787068004459309,0,mix
3.038795000000391,1734.0,1387.0,1.2492795389048992,11.0,14.0,95808,41932,161172,0,0,11,3.027169118440619,False,0.0003711952487008166,0.0002787068004459309,0,mix
3.04403099999763,1734.0,1389.0,1.2474820143884893,11.0,14.0,95808,41932,161172,0,0,11,3.027169118440619,False,0.0003711952487008166,0.0002787068004459309,0,mix
3.04756800000905,12408.0,1775.0,6.986486486486487,22.0,26.0,95808,41932,161172,0,0,11,3.027169118440619,False,0.0003711952487008166,0.0002787068004459309,0,mix
3.076023000001441,1734.0,1388.0,1.2483801295896328,11.0,14.0,95808,41932,161172,0,0,11,3.027169118440619,False,0.0003711952487008166,0.0002787068004459309,0,mix
3.07261699999799,1734.0,1388.0,1.2483801295896328,12.0,14.0,95808,41932,161172,0,0,11,3.027169118440619,False,0.0003711952487008166,0.0002787068004459309,0,mix
3.083738999994239,1835.0,1673.0,1.0961768219832735,13.0,16.0,95808,41932,161172,0,0,11,3.027169118440619,False,0.0003711952487008166,0.0002787068004459309,0,mix
3.102260999992722,1734.0,1389.0,1.2474820143884893,12.0,14.0,95808,41932,161172,0,0,11,3.027169118440619,False,0.0003711952487008166,0.0002787068004459309,0,mix
3.106188999998267,1734.0,1388.0,1.2483801295896328,12.0,14.0,95808,41932,161172,0,0,11,3.027169118440619,False,0.0003711952487008166,0.0002787068004459309,0,mix
3.105449999988195,1835.0,1671.0,1.097488038277512,13.0,16.0,95808,41932,161172,0,0,11,3.027169118440619,False,0.0003711952487008166,0.0002787068004459309,0,mix
3.129877999992459,1734.0,1387.0,1.2492795389048992,11.0,14.0,95808,41932,161172,0,0,11,3.027169118440619,False,0.0003711952487008166,0.0002787068004459309,0,mix
3.129171000007773,1734.0,1387.0,1.2492795389048992,11.0,14.0,95808,41932,161172,0,0,11,3.027169118440619,False,0.0003711952487008166,0.0002787068004459309,0,mix
3.09339799999725,1835.0,1672.0,1.0968320382546324,13.0,16.0,95808,41932,161172,0,0,11,3.027169118440619,False,0.0003711952487008166,0.0002787068004459309,0,mix
3.148378999991109,1734.0,1387.0,1.2492795389048992,11.0,14.0,95808,41932,161172,0,0,11,3.027169118440619,False,0.0003711952487008166,0.0002787068004459309,0,mix
3.152784999998403,1734.0,1388.0,1.2483801295896328,12.0,14.0,95808,41932,161172,0,0,11,3.027169118440619,False,0.0003711952487008166,0.0002787068004459309,0,mix
3.156430999995791,1835.0,1671.0,1.097488038277512,13.0,16.0,95808,41932,161172,0,0,11,3.027169118440619,False,0.0003711952487008166,0.0002787068004459309,0,mix
3.197767000005115,1734.0,1388.0,1.2483801295896328,11.0,14.0,95808,41932,161172,0,0,11,3.027169118440619,False,0.0003711952487008166,0.0002787068004459309,0,mix
3.195518000007723,1734.0,1388.0,1.2483801295896328,11.0,14.0,95808,41932,161172,0,0,11,3.027169118440619,False,0.0003711952487008166,0.0002787068004459309,0,mix
3.19829000000027,1835.0,1672.0,1.0968320382546324,13.0,16.0,95808,41932,161172,0,0,11,3.027169118440619,False,0.0003711952487008166,0.0002787068004459309,0,mix
3.224400000006426,1734.0,1388.0,1.2483801295896328,12.0,14.0,95808,41932,161172,0,0,11,3.027169118440619,False,0.0003711952487008166,0.0002787068004459309,0,mix
3.233150000000023,1734.0,1389.0,1.2474820143884893,12.0,14.0,95808,41932,161172,0,0,11,3.027169118440619,False,0.0003711952487008166,0.0002787068004459309,0,mix
3.228011999992304,1835.0,1698.0,1.0800470865214833,13.0,16.0,95808,41932,161172,0,0,11,3.027169118440619,False,0.0003711952487008166,0.0002787068004459309,0,mix
3.24653699999908,1734.0,1390.0,1.2465851905104242,11.0,14.0,95808,41932,161172,0,0,11,3.027169118440619,False,0.0003711952487008166,0.0002787068004459309,0,mix
3.255971000005956,12168.0,1517.0,8.015810276679842,21.0,24.0,95808,41932,161172,0,0,11,3.027169118440619,False,0.0003711952487008166,0.0002787068004459309,0,mix
3.241894999999203,1835.0,1693.0,1.0832349468713105,13.0,16.0,95808,41932,161172,0,0,11,3.027169118440619,False,0.0003711952487008166,0.0002787068004459309,0,mix
3.278190999990329,1734.0,1387.0,1.2492795389048992,11.0,14.0,95808,41932,161172,0,0,11,3.027169118440619,False,0.0003711952487008166,0.0002787068004459309,0,mix
3.292233000000124,1734.0,1388.0,1.2483801295896328,12.0,14.0,95808,41932,161172,0,0,11,3.027169118440619,False,0.0003711952487008166,0.0002787068004459309,0,mix
3.286041999992449,1955.0,2959.0,0.660472972972973,14.0,18.0,95808,41932,161172,0,0,11,3.027169118440619,False,0.0003711952487008166,0.0002787068004459309,0,mix
3.316269000002648,1734.0,1390.0,1.2465851905104242,12.0,14.0,95808,41932,161172,0,0,11,3.027169118440619,False,0.0003711952487008166,0.0002787068004459309,0,mix
0.8580660000006901,3409.0,2691.0,1.2663447251114412,12.0,15.0,241151,175548,40599,0,0,15,3.0565647621309537,False,0.004608294930875576,0.005208333333333333,0,mix
3.335831000003963,1734.0,1388.0,1.2483801295896328,12.0,14.0,95808,41932,161172,0,0,11,3.027169118440619,False,0.0003711952487008166,0.0002787068004459309,0,mix
3.315411000003223,1835.0,1672.0,1.0968320382546324,13.0,16.0,95808,41932,161172,0,0,11,3.027169118440619,False,0.0003711952487008166,0.0002787068004459309,0,mix
3.343049000002793,1734.0,1388.0,1.2483801295896328,12.0,14.0,95808,41932,161172,0,0,11,3.027169118440619,False,0.0003711952487008166,0.0002787068004459309,0,mix
3.363513000003877,1734.0,1389.0,1.2474820143884893,11.0,14.0,95808,41932,161172,0,0,11,3.027169118440619,False,0.0003711952487008166,0.0002787068004459309,0,mix
3.366676999998162,1835.0,1673.0,1.0961768219832735,13.0,16.0,95808,41932,161172,0,0,11,3.027169118440619,False,0.0003711952487008166,0.0002787068004459309,0,mix
3.39085999999952,1734.0,1390.0,1.2465851905104242,12.0,14.0,95808,41932,161172,0,0,11,3.027169118440619,False,0.0003711952487008166,0.0002787068004459309,0,mix
3.394891000003554,1734.0,1389.0,1.2474820143884893,12.0,14.0,95808,41932,161172,0,0,11,3.027169118440619,False,0.0003711952487008166,0.0002787068004459309,0,mix
3.3898630000039702,12408.0,1821.0,6.810098792535675,22.0,26.0,95808,41932,161172,0,0,11,3.027169118440619,False,0.0003711952487008166,0.0002787068004459309,0,mix
3.411702999990666,1734.0,1387.0,1.2492795389048992,12.0,14.0,95808,41932,161172,0,0,11,3.027169118440619,False,0.0003711952487008166,0.0002787068004459309,0,mix
3.414243999999598,1734.0,1390.0,1.2465851905104242,11.0,14.0,95808,41932,161172,0,0,11,3.027169118440619,False,0.0003711952487008166,0.0002787068004459309,0,mix
3.400036000006366,1835.0,1672.0,1.0968320382546324,13.0,16.0,95808,41932,161172,0,0,11,3.027169118440619,False,0.0003711952487008166,0.0002787068004459309,0,mix
3.431185999987065,1734.0,1390.0,1.2465851905104242,11.0,14.0,95808,41932,161172,0,0,11,3.027169118440619,False,0.0003711952487008166,0.0002787068004459309,0,mix
3.417925999994622,1734.0,1388.0,1.2483801295896328,12.0,14.0,95808,41932,161172,0,0,11,3.027169118440619,False,0.0003711952487008166,0.0002787068004459309,0,mix
3.43051099999866,1835.0,1671.0,1.097488038277512,13.0,16.0,95808,41932,161172,0,0,11,3.027169118440619,False,0.0003711952487008166,0.0002787068004459309,0,mix
3.456453000006149,1734.0,1388.0,1.2483801295896328,12.0,14.0,95808,41932,161172,0,0,11,3.027169118440619,False,0.0003711952487008166,0.0002787068004459309,0,mix
3.46027400001185,1734.0,1388.0,1.2483801295896328,11.0,14.0,95808,41932,161172,0,0,11,3.027169118440619,False,0.0003711952487008166,0.0002787068004459309,0,mix
3.424763999995775,1835.0,1847.0,0.9929653679653679,13.0,16.0,95808,41932,161172,0,0,11,3.027169118440619,False,0.0003711952487008166,0.0002787068004459309,0,mix
3.474640999993426,1734.0,1390.0,1.2465851905104242,11.0,14.0,95808,41932,161172,0,0,11,3.027169118440619,False,0.0003711952487008166,0.0002787068004459309,0,mix
3.501441999993403,1734.0,1389.0,1.2474820143884893,12.0,14.0,95808,41932,161172,0,0,11,3.027169118440619,False,0.0003711952487008166,0.0002787068004459309,0,mix
3.499645999996573,1835.0,1671.0,1.097488038277512,13.0,16.0,95808,41932,161172,0,0,11,3.027169118440619,False,0.0003711952487008166,0.0002787068004459309,0,mix
3.52096700000402,1734.0,1389.0,1.2474820143884893,11.0,14.0,95808,41932,161172,0,0,11,3.027169118440619,False,0.0003711952487008166,0.0002787068004459309,0,mix
3.525485999998636,1734.0,1389.0,1.2474820143884893,11.0,14.0,95808,41932,161172,0,0,11,3.027169118440619,False,0.0003711952487008166,0.0002787068004459309,0,mix
3.510037000000011,1835.0,1672.0,1.0968320382546324,13.0,16.0,95808,41932,161172,0,0,11,3.027169118440619,False,0.0003711952487008166,0.0002787068004459309,0,mix
3.533882999996422,1734.0,1390.0,1.2465851905104242,11.0,14.0,95808,41932,161172,0,0,11,3.027169118440619,False,0.0003711952487008166,0.0002787068004459309,0,mix
3.550812000001315,1734.0,1389.0,1.2474820143884893,11.0,14.0,95808,41932,161172,0,0,11,3.027169118440619,False,0.0003711952487008166,0.0002787068004459309,0,mix
3.543805000008433,1835.0,1670.0,1.0981448234590065,13.0,16.0,95808,41932,161172,0,0,11,3.027169118440619,False,0.0003711952487008166,0.0002787068004459309,0,mix
3.571030999999493,1734.0,1388.0,1.2483801295896328,12.0,14.0,95808,41932,161172,0,0,11,3.027169118440619,False,0.0003711952487008166,0.0002787068004459309,0,mix
3.590674999999464,12168.0,1516.0,8.021094264996703,21.0,24.0,95808,41932,161172,0,0,11,3.027169118440619,False,0.0003711952487008166,0.0002787068004459309,0,mix
3.571278000003076,1955.0,3107.0,0.629021879021879,15.0,19.0,95808,41932,161172,0,0,11,3.027169118440619,False,0.0003711952487008166,0.0002787068004459309,0,mix
3.604828000010457,1734.0,1390.0,1.2465851905104242,11.0,14.0,95808,41932,161172,0,0,11,3.027169118440619,False,0.0003711952487008166,0.0002787068004459309,0,mix
3.620085999995353,1734.0,1390.0,1.2465851905104242,12.0,14.0,95808,41932,161172,0,0,11,3.027169118440619,False,0.0003711952487008166,0.0002787068004459309,0,mix
3.6165540000074543,1835.0,1670.0,1.0981448234590065,13.0,16.0,95808,41932,161172,0,0,11,3.027169118440619,False,0.0003711952487008166,0.0002787068004459309,0,mix
3.639146000001346,1734.0,1387.0,1.2492795389048992,11.0,14.0,95808,41932,161172,0,0,11,3.027169118440619,False,0.0003711952487008166,0.0002787068004459309,0,mix
3.662373999992269,1734.0,1388.0,1.2483801295896328,11.0,14.0,95808,41932,161172,0,0,11,3.027169118440619,False,0.0003711952487008166,0.0002787068004459309,0,mix
3.655180999994627,1835.0,1672.0,1.0968320382546324,13.0,16.0,95808,41932,161172,0,0,11,3.027169118440619,False,0.0003711952487008166,0.0002787068004459309,0,mix
3.674273999989964,1734.0,1388.0,1.2483801295896328,11.0,14.0,95808,41932,161172,0,0,11,3.027169118440619,False,0.0003711952487008166,0.0002787068004459309,0,mix
3.692234000001917,1734.0,1388.0,1.2483801295896328,11.0,14.0,95808,41932,161172,0,0,11,3.027169118440619,False,0.0003711952487008166,0.0002787068004459309,0,mix
3.694501000005402,1835.0,1841.0,0.996199782844734,13.0,16.0,95808,41932,161172,0,0,11,3.027169118440619,False,0.0003711952487008166,0.0002787068004459309,0,mix
3.7182800000009593,1734.0,1389.0,1.2474820143884893,12.0,14.0,95808,41932,161172,0,0,11,3.027169118440619,False,0.0003711952487008166,0.0002787068004459309,0,mix
3.723274000003584,1734.0,1388.0,1.2483801295896328,12.0,14.0,95808,41932,161172,0,0,11,3.027169118440619,False,0.0003711952487008166,0.0002787068004459309,0,mix
3.724258999995072,12418.0,1800.0,6.89505830094392,22.0,26.0,95808,41932,161172,0,0,11,3.027169118440619,False,0.0003711952487008166,0.0002787068004459309,0,mix
3.748033000010764,1734.0,1389.0,1.2474820143884893,12.0,14.0,95808,41932,161172,0,0,11,3.027169118440619,False,0.0003711952487008166,0.0002787068004459309,0,mix
3.700089999998454,1734.0,1388.0,1.2483801295896328,11.0,14.0,95808,41932,161172,0,0,11,3.027169118440619,False,0.0003711952487008166,0.0002787068004459309,0,mix
3.745811000000685,1835.0,1672.0,1.0968320382546324,13.0,16.0,95808,41932,161172,0,0,11,3.027169118440619,False,0.0003711952487008166,0.0002787068004459309,0,mix
3.780958000003011,1734.0,1388.0,1.2483801295896328,11.0,14.0,95808,41932,161172,0,0,11,3.027169118440619,False,0.0003711952487008166,0.0002787068004459309,0,mix
3.797451999998884,1734.0,1388.0,1.2483801295896328,11.0,14.0,95808,41932,161172,0,0,11,3.027169118440619,False,0.0003711952487008166,0.0002787068004459309,0,mix
3.783718999999109,1835.0,1840.0,0.9967409016838674,13.0,16.0,95808,41932,161172,0,0,11,3.027169118440619,False,0.0003711952487008166,0.0002787068004459309,0,mix
3.822939999998198,1734.0,1387.0,1.2492795389048992,11.0,14.0,95808,41932,161172,0,0,11,3.027169118440619,False,0.0003711952487008166,0.0002787068004459309,0,mix
3.823512999995728,1734.0,1387.0,1.2492795389048992,11.0,14.0,95808,41932,161172,0,0,11,3.027169118440619,False,0.0003711952487008166,0.0002787068004459309,0,mix
3.790128000007826,1835.0,1670.0,1.0981448234590065,13.0,16.0,95808,41932,161172,0,0,11,3.027169118440619,False,0.0003711952487008166,0.0002787068004459309,0,mix
3.849352999997791,1734.0,1388.0,1.2483801295896328,11.0,14.0,95808,41932,161172,0,0,11,3.027169118440619,False,0.0003711952487008166,0.0002787068004459309,0,mix
3.855167000001529,1734.0,1388.0,1.2483801295896328,11.0,14.0,95808,41932,161172,0,0,11,3.027169118440619,False,0.0003711952487008166,0.0002787068004459309,0,mix
3.845467999999528,1835.0,1846.0,0.9935029778018408,14.0,16.0,95808,41932,161172,0,0,11,3.027169118440619,False,0.0003711952487008166,0.0002787068004459309,0,mix
3.890882000006968,1734.0,1390.0,1.2465851905104242,11.0,14.0,95808,41932,161172,0,0,11,3.027169118440619,False,0.0003711952487008166,0.0002787068004459309,0,mix
3.888804999995045,1734.0,1389.0,1.2474820143884893,11.0,14.0,95808,41932,161172,0,0,11,3.027169118440619,False,0.0003711952487008166,0.0002787068004459309,0,mix
3.87642099999357,1835.0,1670.0,1.0981448234590065,13.0,16.0,95808,41932,161172,0,0,11,3.027169118440619,False,0.0003711952487008166,0.0002787068004459309,0,mix
3.8988380000082543,1734.0,1387.0,1.2492795389048992,11.0,14.0,95808,41932,161172,0,0,11,3.027169118440619,False,0.0003711952487008166,0.0002787068004459309,0,mix
3.921965999994427,1734.0,1389.0,1.2474820143884893,12.0,14.0,95808,41932,161172,0,0,11,3.027169118440619,False,0.0003711952487008166,0.0002787068004459309,0,mix
3.914782000007108,15092.0,3205.0,4.707423580786026,25.0,30.0,95808,41932,161172,0,0,11,3.027169118440619,False,0.0003711952487008166,0.0002787068004459309,0,mix
3.950895000001765,1734.0,1389.0,1.2474820143884893,12.0,14.0,95808,41932,161172,0,0,11,3.027169118440619,False,0.0003711952487008166,0.0002787068004459309,0,mix
10.51446200000646,3486.0,2778.0,1.2544080604534005,12.0,15.0,241151,175548,40599,0,0,15,3.0565647621309537,False,0.004608294930875576,0.005208333333333333,0,mix
3.962787999989814,1734.0,1390.0,1.2465851905104242,11.0,14.0,95808,41932,161172,0,0,11,3.027169118440619,False,0.0003711952487008166,0.0002787068004459309,0,mix
3.94179699999222,1835.0,1741.0,1.0533869115958667,13.0,16.0,95808,41932,161172,0,0,11,3.027169118440619,False,0.0003711952487008166,0.0002787068004459309,0,mix
3.972379000013461,1734.0,1387.0,1.2492795389048992,11.0,14.0,95808,41932,161172,0,0,11,3.027169118440619,False,0.0003711952487008166,0.0002787068004459309,0,mix
3.981159999995725,1734.0,1389.0,1.2474820143884893,11.0,14.0,95808,41932,161172,0,0,11,3.027169118440619,False,0.0003711952487008166,0.0002787068004459309,0,mix
3.979319999998552,1835.0,1674.0,1.0955223880597016,13.0,16.0,95808,41932,161172,0,0,11,3.027169118440619,False,0.0003711952487008166,0.0002787068004459309,0,mix
4.003452999997535,1734.0,1391.0,1.2456896551724137,11.0,14.0,95808,41932,161172,0,0,11,3.027169118440619,False,0.0003711952487008166,0.0002787068004459309,0,mix
4.005868000007467,1734.0,1389.0,1.2474820143884893,11.0,14.0,95808,41932,161172,0,0,11,3.027169118440619,False,0.0003711952487008166,0.0002787068004459309,0,mix
3.994961999997031,1835.0,1673.0,1.0961768219832735,13.0,16.0,95808,41932,161172,0,0,11,3.027169118440619,False,0.0003711952487008166,0.0002787068004459309,0,mix
4.024571999994805,1734.0,1389.0,1.2474820143884893,11.0,14.0,95808,41932,161172,0,0,11,3.027169118440619,False,0.0003711952487008166,0.0002787068004459309,0,mix
4.012909000011859,1734.0,1389.0,1.2474820143884893,12.0,14.0,95808,41932,161172,0,0,11,3.027169118440619,False,0.0003711952487008166,0.0002787068004459309,0,mix
4.020719000007375,1835.0,1695.0,1.0819575471698113,13.0,16.0,95808,41932,161172,0,0,11,3.027169118440619,False,0.0003711952487008166,0.0002787068004459309,0,mix
4.055940000005648,1734.0,1390.0,1.2465851905104242,11.0,14.0,95808,41932,161172,0,0,11,3.027169118440619,False,0.0003711952487008166,0.0002787068004459309,0,mix
4.054480999999214,1734.0,1389.0,1.2474820143884893,11.0,14.0,95808,41932,161172,0,0,11,3.027169118440619,False,0.0003711952487008166,0.0002787068004459309,0,mix
4.055546000003233,1835.0,1695.0,1.0819575471698113,13.0,16.0,95808,41932,161172,0,0,11,3.027169118440619,False,0.0003711952487008166,0.0002787068004459309,0,mix
4.089298999999301,1734.0,1388.0,1.2483801295896328,12.0,14.0,95808,41932,161172,0,0,11,3.027169118440619,False,0.0003711952487008166,0.0002787068004459309,0,mix
4.107613000000128,1734.0,1389.0,1.2474820143884893,12.0,14.0,95808,41932,161172,0,0,11,3.027169118440619,False,0.0003711952487008166,0.0002787068004459309,0,mix
4.068517000006977,1835.0,1674.0,1.0955223880597016,13.0,16.0,95808,41932,161172,0,0,11,3.027169118440619,False,0.0003711952487008166,0.0002787068004459309,0,mix
4.136442999995779,1734.0,1390.0,1.2465851905104242,12.0,14.0,95808,41932,161172,0,0,11,3.027169118440619,False,0.0003711952487008166,0.0002787068004459309,0,mix
4.136085999998613,12171.0,1493.0,8.146586345381525,21.0,24.0,95808,41932,161172,0,0,11,3.027169118440619,False,0.0003711952487008166,0.0002787068004459309,0,mix
4.133763999998337,1835.0,1672.0,1.0968320382546324,13.0,16.0,95808,41932,161172,0,0,11,3.027169118440619,False,0.0003711952487008166,0.0002787068004459309,0,mix
4.171728000001167,1734.0,1388.0,1.2483801295896328,11.0,14.0,95808,41932,161172,0,0,11,3.027169118440619,False,0.0003711952487008166,0.0002787068004459309,0,mix
4.185553000002983,1734.0,1388.0,1.2483801295896328,11.0,14.0,95808,41932,161172,0,0,11,3.027169118440619,False,0.0003711952487008166,0.0002787068004459309,0,mix
4.183483000000706,1835.0,1673.0,1.0961768219832735,13.0,16.0,95808,41932,161172,0,0,11,3.027169118440619,False,0.0003711952487008166,0.0002787068004459309,0,mix
4.203613999998197,1734.0,1390.0,1.2465851905104242,11.0,14.0,95808,41932,161172,0,0,11,3.027169118440619,False,0.0003711952487008166,0.0002787068004459309,0,mix
4.219443000009051,1734.0,1389.0,1.2474820143884893,12.0,14.0,95808,41932,161172,0,0,11,3.027169118440619,False,0.0003711952487008166,0.0002787068004459309,0,mix
4.208104999997886,1835.0,1672.0,1.0968320382546324,13.0,16.0,95808,41932,161172,0,0,11,3.027169118440619,False,0.0003711952487008166,0.0002787068004459309,0,mix
4.234616000001552,1734.0,1388.0,1.2483801295896328,11.0,14.0,95808,41932,161172,0,0,11,3.027169118440619,False,0.0003711952487008166,0.0002787068004459309,0,mix
4.234305000005406,1734.0,1389.0,1.2474820143884893,12.0,14.0,95808,41932,161172,0,0,11,3.027169118440619,False,0.0003711952487008166,0.0002787068004459309,0,mix
4.2394820000045,1955.0,2956.0,0.6611430503889076,14.0,18.0,95808,41932,161172,0,0,11,3.027169118440619,False,0.0003711952487008166,0.0002787068004459309,0,mix
4.266052999999374,1734.0,1391.0,1.2456896551724137,11.0,14.0,95808,41932,161172,0,0,11,3.027169118440619,False,0.0003711952487008166,0.0002787068004459309,0,mix
4.256911999997101,1734.0,1390.0,1.2465851905104242,12.0,14.0,95808,41932,161172,0,0,11,3.027169118440619,False,0.0003711952487008166,0.0002787068004459309,0,mix
4.2689160000009,12398.0,1800.0,6.883953359244864,22.0,26.0,95808,41932,161172,0,0,11,3.027169118440619,False,0.0003711952487008166,0.0002787068004459309,0,mix
4.297342999998364,1734.0,1388.0,1.2483801295896328,11.0,14.0,95808,41932,161172,0,0,11,3.027169118440619,False,0.0003711952487008166,0.0002787068004459309,0,mix
4.303578000006382,1734.0,1387.0,1.2492795389048992,12.0,14.0,95808,41932,161172,0,0,11,3.027169118440619,False,0.0003711952487008166,0.0002787068004459309,0,mix
4.314251000003423,1835.0,1673.0,1.0961768219832735,13.0,16.0,95808,41932,161172,0,0,11,3.027169118440619,False,0.0003711952487008166,0.0002787068004459309,0,mix
4.339603000000352,1734.0,1391.0,1.2456896551724137,11.0,14.0,95808,41932,161172,0,0,11,3.027169118440619,False,0.0003711952487008166,0.0002787068004459309,0,mix
4.348268999994616,1734.0,1390.0,1.2465851905104242,11.0,14.0,95808,41932,161172,0,0,11,3.027169118440619,False,0.0003711952487008166,0.0002787068004459309,0,mix
4.274677000008524,1835.0,1671.0,1.097488038277512,13.0,16.0,95808,41932,161172,0,0,11,3.027169118440619,False,0.0003711952487008166,0.0002787068004459309,0,mix
4.34843300000648,1734.0,1389.0,1.2474820143884893,11.0,14.0,95808,41932,161172,0,0,11,3.027169118440619,False,0.0003711952487008166,0.0002787068004459309,0,mix
4.375723000004655,1734.0,1388.0,1.2483801295896328,12.0,14.0,95808,41932,161172,0,0,11,3.027169118440619,False,0.0003711952487008166,0.0002787068004459309,0,mix
4.35895100000198,1835.0,1674.0,1.0955223880597016,12.0,16.0,95808,41932,161172,0,0,11,3.027169118440619,False,0.0003711952487008166,0.0002787068004459309,0,mix
4.404085000001942,1734.0,1390.0,1.2465851905104242,11.0,14.0,95808,41932,161172,0,0,11,3.027169118440619,False,0.0003711952487008166,0.0002787068004459309,0,mix
4.418457000007038,1734.0,1390.0,1.2465851905104242,12.0,14.0,95808,41932,161172,0,0,11,3.027169118440619,False,0.0003711952487008166,0.0002787068004459309,0,mix
4.415895999991335,1835.0,1670.0,1.0981448234590065,13.0,16.0,95808,41932,161172,0,0,11,3.027169118440619,False,0.0003711952487008166,0.0002787068004459309,0,mix
4.432985000006738,1734.0,1389.0,1.2474820143884893,12.0,14.0,95808,41932,161172,0,0,11,3.027169118440619,False,0.0003711952487008166,0.0002787068004459309,0,mix
4.451497999994899,1734.0,1389.0,1.2474820143884893,11.0,14.0,95808,41932,161172,0,0,11,3.027169118440619,False,0.0003711952487008166,0.0002787068004459309,0,mix
4.436253000007127,1835.0,1673.0,1.0961768219832735,13.0,16.0,95808,41932,161172,0,0,11,3.027169118440619,False,0.0003711952487008166,0.0002787068004459309,0,mix
4.464061999999103,1734.0,1389.0,1.2474820143884893,11.0,14.0,95808,41932,161172,0,0,11,3.027169118440619,False,0.0003711952487008166,0.0002787068004459309,0,mix
4.496488999997382,1734.0,1392.0,1.2447954055994257,12.0,14.0,95808,41932,161172,0,0,11,3.027169118440619,False,0.0003711952487008166,0.0002787068004459309,0,mix
4.489113999996334,1835.0,1675.0,1.0948687350835322,13.0,16.0,95808,41932,161172,0,0,11,3.027169118440619,False,0.0003711952487008166,0.0002787068004459309,0,mix
4.502270999990287,1734.0,1389.0,1.2474820143884893,11.0,14.0,95808,41932,161172,0,0,11,3.027169118440619,False,0.0003711952487008166,0.0002787068004459309,0,mix
4.481832999998005,12168.0,1544.0,7.8757281553398055,21.0,24.0,95808,41932,161172,0,0,11,3.027169118440619,False,0.0003711952487008166,0.0002787068004459309,0,mix
4.513042000005953,1835.0,1701.0,1.0781433607520563,13.0,16.0,95808,41932,161172,0,0,11,3.027169118440619,False,0.0003711952487008166,0.0002787068004459309,0,mix
4.534978999989107,1734.0,1391.0,1.2456896551724137,11.0,14.0,95808,41932,161172,0,0,11,3.027169118440619,False,0.0003711952487008166,0.0002787068004459309,0,mix
4.546280999988085,1734.0,1389.0,1.2474820143884893,11.0,14.0,95808,41932,161172,0,0,11,3.027169118440619,False,0.0003711952487008166,0.0002787068004459309,0,mix
4.54237500000454,1835.0,1674.0,1.0955223880597016,13.0,16.0,95808,41932,161172,0,0,11,3.027169118440619,False,0.0003711952487008166,0.0002787068004459309,0,mix
4.560490000003483,1734.0,1390.0,1.2465851905104242,11.0,14.0,95808,41932,161172,0,0,11,3.027169118440619,False,0.0003711952487008166,0.0002787068004459309,0,mix
4.5721059999923455,1734.0,1392.0,1.2447954055994257,11.0,14.0,95808,41932,161172,0,0,11,3.027169118440619,False,0.0003711952487008166,0.0002787068004459309,0,mix
4.543052999986685,1955.0,3115.0,0.6274069319640565,14.0,19.0,95808,41932,161172,0,0,11,3.027169118440619,False,0.0003711952487008166,0.0002787068004459309,0,mix
4.603928999989876,1734.0,1392.0,1.2447954055994257,11.0,14.0,95808,41932,161172,0,0,11,3.027169118440619,False,0.0003711952487008166,0.0002787068004459309,0,mix
9.165808999998262,3548.0,2500.0,1.4186325469812076,13.0,16.0,241151,175548,40599,0,0,15,3.0565647621309537,False,0.004608294930875576,0.005208333333333333,0,mix
4.603268999999273,1734.0,1389.0,1.2474820143884893,11.0,14.0,95808,41932,161172,0,0,11,3.027169118440619,False,0.0003711952487008166,0.0002787068004459309,0,mix
4.591360000005807,1835.0,1672.0,1.0968320382546324,13.0,16.0,95808,41932,161172,0,0,11,3.027169118440619,False,0.0003711952487008166,0.0002787068004459309,0,mix
4.6130559999874095,1734.0,1390.0,1.2465851905104242,11.0,14.0,95808,41932,161172,0,0,11,3.027169118440619,False,0.0003711952487008166,0.0002787068004459309,0,mix
4.6214489999983925,1734.0,1392.0,1.2447954055994257,11.0,14.0,95808,41932,161172,0,0,11,3.027169118440619,False,0.0003711952487008166,0.0002787068004459309,0,mix
4.62536399999226,12408.0,1829.0,6.780327868852459,22.0,26.0,95808,41932,161172,0,0,11,3.027169118440619,False,0.0003711952487008166,0.0002787068004459309,0,mix
4.657029999987572,1734.0,1392.0,1.2447954055994257,12.0,14.0,95808,41932,161172,0,0,11,3.027169118440619,False,0.0003711952487008166,0.0002787068004459309,0,mix
4.658085000002757,1734.0,1390.0,1.2465851905104242,12.0,14.0,95808,41932,161172,0,0,11,3.027169118440619,False,0.0003711952487008166,0.0002787068004459309,0,mix
4.666446000002907,1835.0,1675.0,1.0948687350835322,13.0,16.0,95808,41932,161172,0,0,11,3.027169118440619,False,0.0003711952487008166,0.0002787068004459309,0,mix
4.684328000003006,1734.0,1390.0,1.2465851905104242,11.0,14.0,95808,41932,161172,0,0,11,3.027169118440619,False,0.0003711952487008166,0.0002787068004459309,0,mix
4.697925000000396,1734.0,1393.0,1.2439024390243902,12.0,14.0,95808,41932,161172,0,0,11,3.027169118440619,False,0.0003711952487008166,0.0002787068004459309,0,mix
4.679967000003671,1835.0,1700.0,1.078777189888301,13.0,16.0,95808,41932,161172,0,0,11,3.027169118440619,False,0.0003711952487008166,0.0002787068004459309,0,mix
4.729865000001155,1734.0,1392.0,1.2447954055994257,11.0,14.0,95808,41932,161172,0,0,11,3.027169118440619,False,0.0003711952487008166,0.0002787068004459309,0,mix
4.738993000006303,1734.0,1391.0,1.2456896551724137,12.0,14.0,95808,41932,161172,0,0,11,3.027169118440619,False,0.0003711952487008166,0.0002787068004459309,0,mix
4.7449110000015935,1835.0,1695.0,1.0819575471698113,13.0,16.0,95808,41932,161172,0,0,11,3.027169118440619,False,0.0003711952487008166,0.0002787068004459309,0,mix
4.767641999991611,1734.0,1391.0,1.2456896551724137,11.0,14.0,95808,41932,161172,0,0,11,3.027169118440619,False,0.0003711952487008166,0.0002787068004459309,0,mix
4.789330999992671,1734.0,1392.0,1.2447954055994257,11.0,14.0,95808,41932,161172,0,0,11,3.027169118440619,False,0.0003711952487008166,0.0002787068004459309,0,mix
4.781302000003052,1835.0,1676.0,1.0942158616577222,13.0,16.0,95808,41932,161172,0,0,11,3.027169118440619,False,0.0003711952487008166,0.0002787068004459309,0,mix
4.800921000001836,1734.0,1392.0,1.2447954055994257,11.0,14.0,95808,41932,161172,0,0,11,3.027169118440619,False,0.0003711952487008166,0.0002787068004459309,0,mix
4.806017000009888,1734.0,1391.0,1.2456896551724137,11.0,14.0,95808,41932,161172,0,0,11,3.027169118440619,False,0.0003711952487008166,0.0002787068004459309,0,mix
4.770921000003,1835.0,1675.0,1.0948687350835322,13.0,16.0,95808,41932,161172,0,0,11,3.027169118440619,False,0.0003711952487008166,0.0002787068004459309,0,mix
4.83813299999747,1734.0,1389.0,1.2474820143884893,12.0,14.0,95808,41932,161172,0,0,11,3.027169118440619,False,0.0003711952487008166,0.0002787068004459309,0,mix
4.848053000008804,1734.0,1392.0,1.2447954055994257,12.0,14.0,95808,41932,161172,0,0,11,3.027169118440619,False,0.0003711952487008166,0.0002787068004459309,0,mix
4.8416310000029625,1835.0,1676.0,1.0942158616577222,13.0,16.0,95808,41932,161172,0,0,11,3.027169118440619,False,0.0003711952487008166,0.0002787068004459309,0,mix
4.868103000000701,1734.0,1392.0,1.2447954055994257,11.0,14.0,95808,41932,161172,0,0,11,3.027169118440619,False,0.0003711952487008166,0.0002787068004459309,0,mix
4.873160999995889,12168.0,1519.0,8.005263157894737,21.0,24.0,95808,41932,161172,0,0,11,3.027169118440619,False,0.0003711952487008166,0.0002787068004459309,0,mix
4.866630000004079,1835.0,1695.0,1.0819575471698113,13.0,16.0,95808,41932,161172,0,0,11,3.027169118440619,False,0.0003711952487008166,0.0002787068004459309,0,mix
4.863580999997794,1734.0,1390.0,1.2465851905104242,12.0,14.0,95808,41932,161172,0,0,11,3.027169118440619,False,0.0003711952487008166,0.0002787068004459309,0,mix
4.909581999992952,1734.0,1392.0,1.2447954055994257,12.0,14.0,95808,41932,161172,0,0,11,3.027169118440619,False,0.0003711952487008166,0.0002787068004459309,0,mix
4.892235000006622,1955.0,3114.0,0.6276083467094703,14.0,18.0,95808,41932,161172,0,0,11,3.027169118440619,False,0.0003711952487008166,0.0002787068004459309,0,mix
4.923473000002559,1734.0,1392.0,1.2447954055994257,12.0,14.0,95808,41932,161172,0,0,11,3.027169118440619,False,0.0003711952487008166,0.0002787068004459309,0,mix
4.936859000008553,1734.0,1388.0,1.2483801295896328,11.0,14.0,95808,41932,161172,0,0,11,3.027169118440619,False,0.0003711952487008166,0.0002787068004459309,0,mix
4.935786999994889,1835.0,1842.0,0.9956592512208355,13.0,16.0,95808,41932,161172,0,0,11,3.027169118440619,False,0.0003711952487008166,0.0002787068004459309,0,mix
4.963686000002781,1734.0,1388.0,1.2483801295896328,11.0,14.0,95808,41932,161172,0,0,11,3.027169118440619,False,0.0003711952487008166,0.0002787068004459309,0,mix
4.962855999998283,1734.0,1389.0,1.2474820143884893,11.0,14.0,95808,41932,161172,0,0,11,3.027169118440619,False,0.0003711952487008166,0.0002787068004459309,0,mix
4.958832000003895,1835.0,1695.0,1.0819575471698113,13.0,16.0,95808,41932,161172,0,0,11,3.027169118440619,False,0.0003711952487008166,0.0002787068004459309,0,mix
4.992247999995016,1734.0,1390.0,1.2465851905104242,11.0,14.0,95808,41932,161172,0,0,11,3.027169118440619,False,0.0003711952487008166,0.0002787068004459309,0,mix
4.99355800000194,1734.0,1390.0,1.2465851905104242,11.0,14.0,95808,41932,161172,0,0,11,3.027169118440619,False,0.0003711952487008166,0.0002787068004459309,0,mix
4.996152000006987,12419.0,1823.0,6.808662280701754,22.0,26.0,95808,41932,161172,0,0,11,3.027169118440619,False,0.0003711952487008166,0.0002787068004459309,0,mix
5.015469999998459,1734.0,1388.0,1.2483801295896328,11.0,14.0,95808,41932,161172,0,0,11,3.027169118440619,False,0.0003711952487008166,0.0002787068004459309,0,mix
5.018456000005244,1734.0,1390.0,1.2465851905104242,11.0,14.0,95808,41932,161172,0,0,11,3.027169118440619,False,0.0003711952487008166,0.0002787068004459309,0,mix
4.964135999995051,1835.0,1673.0,1.0961768219832735,13.0,16.0,95808,41932,161172,0,0,11,3.027169118440619,False,0.0003711952487008166,0.0002787068004459309,0,mix
5.042709000001196,1734.0,1389.0,1.2474820143884893,11.0,14.0,95808,41932,161172,0,0,11,3.027169118440619,False,0.0003711952487008166,0.0002787068004459309,0,mix
5.057954000003519,1734.0,1390.0,1.2465851905104242,12.0,14.0,95808,41932,161172,0,0,11,3.027169118440619,False,0.0003711952487008166,0.0002787068004459309,0,mix
5.038228000004892,1835.0,1669.0,1.098802395209581,13.0,16.0,95808,41932,161172,0,0,11,3.027169118440619,False,0.0003711952487008166,0.0002787068004459309,0,mix
5.059242000002996,1734.0,1388.0,1.2483801295896328,11.0,14.0,95808,41932,161172,0,0,11,3.027169118440619,False,0.0003711952487008166,0.0002787068004459309,0,mix
5.069572999986121,1734.0,1388.0,1.2483801295896328,11.0,14.0,95808,41932,161172,0,0,11,3.027169118440619,False,0.0003711952487008166,0.0002787068004459309,0,mix
5.06223900000623,1835.0,1846.0,0.9935029778018408,13.0,16.0,95808,41932,161172,0,0,11,3.027169118440619,False,0.0003711952487008166,0.0002787068004459309,0,mix
5.09808699999121,1734.0,1390.0,1.2465851905104242,11.0,14.0,95808,41932,161172,0,0,11,3.027169118440619,False,0.0003711952487008166,0.0002787068004459309,0,mix
5.105142999993404,1734.0,1390.0,1.2465851905104242,12.0,14.0,95808,41932,161172,0,0,11,3.027169118440619,False,0.0003711952487008166,0.0002787068004459309,0,mix
5.094137999985833,1835.0,1845.0,0.9940411700975081,13.0,16.0,95808,41932,161172,0,0,11,3.027169118440619,False,0.0003711952487008166,0.0002787068004459309,0,mix
5.122048000004725,1734.0,1390.0,1.2465851905104242,12.0,14.0,95808,41932,161172,0,0,11,3.027169118440619,False,0.0003711952487008166,0.0002787068004459309,0,mix
5.127500000002328,1734.0,1391.0,1.2456896551724137,11.0,14.0,95808,41932,161172,0,0,11,3.027169118440619,False,0.0003711952487008166,0.0002787068004459309,0,mix
5.119267999994918,1835.0,1674.0,1.0955223880597016,13.0,16.0,95808,41932,161172,0,0,11,3.027169118440619,False,0.0003711952487008166,0.0002787068004459309,0,mix
5.149813999989419,1734.0,1392.0,1.2447954055994257,12.0,14.0,95808,41932,161172,0,0,11,3.027169118440619,False,0.0003711952487008166,0.0002787068004459309,0,mix
5.16119400000025,1734.0,1390.0,1.2465851905104242,11.0,14.0,95808,41932,161172,0,0,11,3.027169118440619,False,0.0003711952487008166,0.0002787068004459309,0,mix
5.160558999996283,1835.0,1846.0,0.9935029778018408,13.0,16.0,95808,41932,161172,0,0,11,3.027169118440619,False,0.0003711952487008166,0.0002787068004459309,0,mix
5.186898999992991,1734.0,1391.0,1.2456896551724137,11.0,14.0,95808,41932,161172,0,0,11,3.027169118440619,False,0.0003711952487008166,0.0002787068004459309,0,mix
5.203417999990052,12168.0,1545.0,7.870633893919793,21.0,24.0,95808,41932,161172,0,0,11,3.027169118440619,False,0.0003711952487008166,0.0002787068004459309,0,mix
5.177366000003531,1955.0,3107.0,0.629021879021879,15.0,19.0,95808,41932,161172,0,0,11,3.027169118440619,False,0.0003711952487008166,0.0002787068004459309,0,mix
5.212104999998701,1734.0,1391.0,1.2456896551724137,11.0,14.0,95808,41932,161172,0,0,11,3.027169118440619,False,0.0003711952487008166,0.0002787068004459309,0,mix
7.772012000001268,3627.0,2522.0,1.4375743162901309,12.0,15.0,241151,175548,40599,0,0,15,3.0565647621309537,False,0.004608294930875576,0.005208333333333333,0,mix
5.208548999988125,1734.0,1390.0,1.2465851905104242,11.0,14.0,95808,41932,161172,0,0,11,3.027169118440619,False,0.0003711952487008166,0.0002787068004459309,0,mix
5.169535000008182,1835.0,1844.0,0.994579945799458,13.0,16.0,95808,41932,161172,0,0,11,3.027169118440619,False,0.0003711952487008166,0.0002787068004459309,0,mix
5.228235000002314,1734.0,1391.0,1.2456896551724137,12.0,14.0,95808,41932,161172,0,0,11,3.027169118440619,False,0.0003711952487008166,0.0002787068004459309,0,mix
5.232139999992796,1734.0,1392.0,1.2447954055994257,12.0,14.0,95808,41932,161172,0,0,11,3.027169118440619,False,0.0003711952487008166,0.0002787068004459309,0,mix
5.225169999990612,1835.0,1675.0,1.0948687350835322,13.0,16.0,95808,41932,161172,0,0,11,3.027169118440619,False,0.0003711952487008166,0.0002787068004459309,0,mix
5.245704000000842,1734.0,1393.0,1.2439024390243902,12.0,14.0,95808,41932,161172,0,0,11,3.027169118440619,False,0.0003711952487008166,0.0002787068004459309,0,mix
5.253335000001243,1734.0,1390.0,1.2465851905104242,11.0,14.0,95808,41932,161172,0,0,11,3.027169118440619,False,0.0003711952487008166,0.0002787068004459309,0,mix
5.2432150000095135,1835.0,1673.0,1.0961768219832735,13.0,16.0,95808,41932,161172,0,0,11,3.027169118440619,False,0.0003711952487008166,0.0002787068004459309,0,mix
5.269658999997773,1734.0,1390.0,1.2465851905104242,11.0,14.0,95808,41932,161172,0,0,11,3.027169118440619,False,0.0003711952487008166,0.0002787068004459309,0,mix
5.280553000004147,1734.0,1391.0,1.2456896551724137,11.0,14.0,95808,41932,161172,0,0,11,3.027169118440619,False,0.0003711952487008166,0.0002787068004459309,0,mix
5.273172000001068,12398.0,1953.0,6.344933469805527,22.0,26.0,95808,41932,161172,0,0,11,3.027169118440619,False,0.0003711952487008166,0.0002787068004459309,0,mix
5.29744799999753,1734.0,1391.0,1.2456896551724137,11.0,14.0,95808,41932,161172,0,0,11,3.027169118440619,False,0.0003711952487008166,0.0002787068004459309,0,mix
5.313194999995176,1734.0,1390.0,1.2465851905104242,12.0,14.0,95808,41932,161172,0,0,11,3.027169118440619,False,0.0003711952487008166,0.0002787068004459309,0,mix
5.297732999999425,1835.0,1673.0,1.0961768219832735,13.0,16.0,95808,41932,161172,0,0,11,3.027169118440619,False,0.0003711952487008166,0.0002787068004459309,0,mix
5.323054000007687,1734.0,1390.0,1.2465851905104242,11.0,14.0,95808,41932,161172,0,0,11,3.027169118440619,False,0.0003711952487008166,0.0002787068004459309,0,mix
5.334470000001602,1734.0,1392.0,1.2447954055994257,11.0,14.0,95808,41932,161172,0,0,11,3.027169118440619,False,0.0003711952487008166,0.0002787068004459309,0,mix
5.324913999997079,1835.0,1674.0,1.0955223880597016,13.0,16.0,95808,41932,161172,0,0,11,3.027169118440619,False,0.0003711952487008166,0.0002787068004459309,0,mix
5.350158000001102,1734.0,1392.0,1.2447954055994257,11.0,14.0,95808,41932,161172,0,0,11,3.027169118440619,False,0.0003711952487008166,0.0002787068004459309,0,mix
5.369317999997293,1734.0,1391.0,1.2456896551724137,11.0,14.0,95808,41932,161172,0,0,11,3.027169118440619,False,0.0003711952487008166,0.0002787068004459309,0,mix
5.3672740000038175,1835.0,1696.0,1.0813199764289922,13.0,16.0,95808,41932,161172,0,0,11,3.027169118440619,False,0.0003711952487008166,0.0002787068004459309,0,mix
5.392201999988174,1734.0,1391.0,1.2456896551724137,11.0,14.0,95808,41932,161172,0,0,11,3.027169118440619,False,0.0003711952487008166,0.0002787068004459309,0,mix
5.38824499999464,1734.0,1390.0,1.2465851905104242,12.0,14.0,95808,41932,161172,0,0,11,3.027169118440619,False,0.0003711952487008166,0.0002787068004459309,0,mix
5.392768999998225,1835.0,1675.0,1.0948687350835322,13.0,16.0,95808,41932,161172,0,0,11,3.027169118440619,False,0.0003711952487008166,0.0002787068004459309,0,mix
5.402887999996892,1734.0,1392.0,1.2447954055994257,11.0,14.0,95808,41932,161172,0,0,11,3.027169118440619,False,0.0003711952487008166,0.0002787068004459309,0,mix
5.407921999998507,1734.0,1390.0,1.2465851905104242,11.0,14.0,95808,41932,161172,0,0,11,3.027169118440619,False,0.0003711952487008166,0.0002787068004459309,0,mix
5.395330999992439,1835.0,1673.0,1.0961768219832735,13.0,16.0,95808,41932,161172,0,0,11,3.027169118440619,False,0.0003711952487008166,0.0002787068004459309,0,mix
5.420098999995389,1734.0,1391.0,1.2456896551724137,11.0,14.0,95808,41932,161172,0,0,11,3.027169118440619,False,0.0003711952487008166,0.0002787068004459309,0,mix
5.420062000004691,1734.0,1393.0,1.2439024390243902,11.0,14.0,95808,41932,161172,0,0,11,3.027169118440619,False,0.0003711952487008166,0.0002787068004459309,0,mix
5.392215999992914,15101.0,3217.0,4.69266625233064,25.0,29.0,95808,41932,161172,0,0,11,3.027169118440619,False,0.0003711952487008166,0.0002787068004459309,0,mix
5.456432999999379,1734.0,1391.0,1.2456896551724137,11.0,14.0,95808,41932,161172,0,0,11,3.027169118440619,False,0.0003711952487008166,0.0002787068004459309,0,mix
5.482284999990952,1734.0,1388.0,1.2483801295896328,12.0,14.0,95808,41932,161172,0,0,11,3.027169118440619,False,0.0003711952487008166,0.0002787068004459309,0,mix
5.468980999998166,1835.0,1696.0,1.0813199764289922,13.0,16.0,95808,41932,161172,0,0,11,3.027169118440619,False,0.0003711952487008166,0.0002787068004459309,0,mix
5.492326999999932,1734.0,1388.0,1.2483801295896328,12.0,14.0,95808,41932,161172,0,0,11,3.027169118440619,False,0.0003711952487008166,0.0002787068004459309,0,mix
5.510322999994969,1734.0,1390.0,1.2465851905104242,11.0,14.0,95808,41932,161172,0,0,11,3.027169118440619,False,0.0003711952487008166,0.0002787068004459309,0,mix
5.501415999999153,1835.0,1696.0,1.0813199764289922,13.0,16.0,95808,41932,161172,0,0,11,3.027169118440619,False,0.0003711952487008166,0.0002787068004459309,0,mix
5.5384590000030585,1734.0,1389.0,1.2474820143884893,12.0,14.0,95808,41932,161172,0,0,11,3.027169118440619,False,0.0003711952487008166,0.0002787068004459309,0,mix
5.54637699999148,1734.0,1389.0,1.2474820143884893,11.0,14.0,95808,41932,161172,0,0,11,3.027169118440619,False,0.0003711952487008166,0.0002787068004459309,0,mix
5.539684999996098,1835.0,1671.0,1.097488038277512,13.0,16.0,95808,41932,161172,0,0,11,3.027169118440619,False,0.0003711952487008166,0.0002787068004459309,0,mix
5.564000999991549,1734.0,1388.0,1.2483801295896328,11.0,14.0,95808,41932,161172,0,0,11,3.027169118440619,False,0.0003711952487008166,0.0002787068004459309,0,mix
5.564568999994663,1734.0,1389.0,1.2474820143884893,11.0,14.0,95808,41932,161172,0,0,11,3.027169118440619,False,0.0003711952487008166,0.0002787068004459309,0,mix
5.559341000000131,1835.0,1698.0,1.0800470865214833,13.0,16.0,95808,41932,161172,0,0,11,3.027169118440619,False,0.0003711952487008166,0.0002787068004459309,0,mix
5.594297999996343,1734.0,1390.0,1.2465851905104242,11.0,14.0,95808,41932,161172,0,0,11,3.027169118440619,False,0.0003711952487008166,0.0002787068004459309,0,mix
5.60354300000472,1734.0,1387.0,1.2492795389048992,12.0,14.0,95808,41932,161172,0,0,11,3.027169118440619,False,0.0003711952487008166,0.0002787068004459309,0,mix
5.595638999991934,1835.0,1671.0,1.097488038277512,13.0,16.0,95808,41932,161172,0,0,11,3.027169118440619,False,0.0003711952487008166,0.0002787068004459309,0,mix
5.628792000003159,1734.0,1388.0,1.2483801295896328,12.0,14.0,95808,41932,161172,0,0,11,3.027169118440619,False,0.0003711952487008166,0.0002787068004459309,0,mix
7.19531100000313,3392.0,29719.0,0.11413189771197847,17.0,35.0,241151,175548,40599,0,0,15,3.0565647621309537,False,0.004608294930875576,0.005208333333333333,0,mix
5.635570000013104,1734.0,1389.0,1.2474820143884893,11.0,14.0,95808,41932,161172,0,0,11,3.027169118440619,False,0.0003711952487008166,0.0002787068004459309,0,mix
5.625748999998905,1835.0,1847.0,0.9929653679653679,13.0,16.0,95808,41932,161172,0,0,11,3.027169118440619,False,0.0003711952487008166,0.0002787068004459309,0,mix
5.656683000008343,1734.0,1390.0,1.2465851905104242,11.0,14.0,95808,41932,161172,0,0,11,3.027169118440619,False,0.0003711952487008166,0.0002787068004459309,0,mix
5.651601999998093,12168.0,1542.0,7.885936487362281,21.0,24.0,95808,41932,161172,0,0,11,3.027169118440619,False,0.0003711952487008166,0.0002787068004459309,0,mix
5.649762999993982,1835.0,1696.0,1.0813199764289922,13.0,16.0,95808,41932,161172,0,0,11,3.027169118440619,False,0.0003711952487008166,0.0002787068004459309,0,mix
5.686266000004252,1734.0,1391.0,1.2456896551724137,11.0,14.0,95808,41932,161172,0,0,11,3.027169118440619,False,0.0003711952487008166,0.0002787068004459309,0,mix
5.697600999992574,1734.0,1392.0,1.2447954055994257,12.0,14.0,95808,41932,161172,0,0,11,3.027169118440619,False,0.0003711952487008166,0.0002787068004459309,0,mix
5.696429999996326,1835.0,1825.0,1.0049288061336255,14.0,16.0,95808,41932,161172,0,0,11,3.027169118440619,False,0.0003711952487008166,0.0002787068004459309,0,mix
5.720165999999153,1734.0,1392.0,1.2447954055994257,11.0,14.0,95808,41932,161172,0,0,11,3.027169118440619,False,0.0003711952487008166,0.0002787068004459309,0,mix
5.733846999995876,1734.0,1389.0,1.2474820143884893,11.0,14.0,95808,41932,161172,0,0,11,3.027169118440619,False,0.0003711952487008166,0.0002787068004459309,0,mix
5.69335499999579,1835.0,1674.0,1.0955223880597016,13.0,16.0,95808,41932,161172,0,0,11,3.027169118440619,False,0.0003711952487008166,0.0002787068004459309,0,mix
5.750713000001269,1734.0,1390.0,1.2465851905104242,11.0,14.0,95808,41932,161172,0,0,11,3.027169118440619,False,0.0003711952487008166,0.0002787068004459309,0,mix
5.772383000003174,1734.0,1392.0,1.2447954055994257,12.0,14.0,95808,41932,161172,0,0,11,3.027169118440619,False,0.0003711952487008166,0.0002787068004459309,0,mix
5.761666999998852,1955.0,3112.0,0.6280115644073241,15.0,19.0,95808,41932,161172,0,0,11,3.027169118440619,False,0.0003711952487008166,0.0002787068004459309,0,mix
5.784442999996827,1734.0,1393.0,1.2439024390243902,11.0,14.0,95808,41932,161172,0,0,11,3.027169118440619,False,0.0003711952487008166,0.0002787068004459309,0,mix
7.355575999987195,3258.0,3083.0,1.056420233463035,13.0,16.0,241151,175548,40599,0,0,15,3.0565647621309537,False,0.004608294930875576,0.005208333333333333,0,mix
5.789304999998421,1734.0,4824.0,0.3593782383419689,13.0,17.0,95808,41932,161172,0,0,11,3.027169118440619,False,0.0003711952487008166,0.0002787068004459309,0,mix
5.780858000012813,12485.0,5591.0,2.232653791130186,23.0,29.0,95808,67117,161172,0,0,11,3.027169118440619,False,0.0003711952487008166,0.0002787068004459309,0,mix
5.806800000005751,1734.0,1390.0,1.2465851905104242,12.0,14.0,95808,41932,161172,0,0,11,3.027169118440619,False,0.0003711952487008166,0.0002787068004459309,0,mix
5.812397000001511,1734.0,1390.0,1.2465851905104242,12.0,14.0,95808,41932,161172,0,0,11,3.027169118440619,False,0.0003711952487008166,0.0002787068004459309,0,mix
5.816279000006034,1835.0,1674.0,1.0955223880597016,13.0,16.0,95808,41932,161172,0,0,11,3.027169118440619,False,0.0003711952487008166,0.0002787068004459309,0,mix
5.848742000001948,1734.0,1391.0,1.2456896551724137,11.0,14.0,95808,41932,161172,0,0,11,3.027169118440619,False,0.0003711952487008166,0.0002787068004459309,0,mix
5.849023000002489,1734.0,1389.0,1.2474820143884893,11.0,14.0,95808,41932,161172,0,0,11,3.027169118440619,False,0.0003711952487008166,0.0002787068004459309,0,mix
5.843708999993396,1835.0,1847.0,0.9929653679653679,13.0,16.0,95808,41932,161172,0,0,11,3.027169118440619,False,0.0003711952487008166,0.0002787068004459309,0,mix
5.873059000005014,1734.0,1388.0,1.2483801295896328,11.0,14.0,95808,41932,161172,0,0,11,3.027169118440619,False,0.0003711952487008166,0.0002787068004459309,0,mix
5.882494000004954,1734.0,1391.0,1.2456896551724137,12.0,14.0,95808,41932,161172,0,0,11,3.027169118440619,False,0.0003711952487008166,0.0002787068004459309,0,mix
5.874444000000949,1835.0,1698.0,1.0800470865214833,13.0,16.0,95808,41932,161172,0,0,11,3.027169118440619,False,0.0003711952487008166,0.0002787068004459309,0,mix
5.910504999992554,1734.0,1391.0,1.2456896551724137,11.0,14.0,95808,41932,161172,0,0,11,3.027169118440619,False,0.0003711952487008166,0.0002787068004459309,0,mix
5.910550999993575,1734.0,1388.0,1.2483801295896328,11.0,14.0,95808,41932,161172,0,0,11,3.027169118440619,False,0.0003711952487008166,0.0002787068004459309,0,mix
5.902291999998852,1835.0,1672.0,1.0968320382546324,13.0,16.0,95808,41932,161172,0,0,11,3.027169118440619,False,0.0003711952487008166,0.0002787068004459309,0,mix
5.927962000001571,1734.0,1389.0,1.2474820143884893,11.0,14.0,95808,41932,161172,0,0,11,3.027169118440619,False,0.0003711952487008166,0.0002787068004459309,0,mix
5.943494000006467,1734.0,1390.0,1.2465851905104242,11.0,14.0,95808,41932,161172,0,0,11,3.027169118440619,False,0.0003711952487008166,0.0002787068004459309,0,mix
5.940610999998171,1835.0,5166.0,0.3551383781691504,14.0,18.0,95808,41932,161172,0,0,11,3.027169118440619,False,0.0003711952487008166,0.0002787068004459309,0,mix
5.51729499999783,1112.0,56136.0,0.019808682330726614,22.0,69.0,95808,72598,161172,0,0,13,3.3927474104487847,False,0.022222222222222223,0.0002787068004459309,0,mix
5.962794000006397,1734.0,1392.0,1.2447954055994257,12.0,14.0,95808,41932,161172,0,0,11,3.027169118440619,False,0.0003711952487008166,0.0002787068004459309,0,mix
5.981793999992078,1734.0,1389.0,1.2474820143884893,12.0,14.0,95808,41932,161172,0,0,11,3.027169118440619,False,0.0003711952487008166,0.0002787068004459309,0,mix
5.969622999997228,1835.0,4842.0,0.37889737765847614,14.0,18.0,95808,41932,161172,0,0,11,3.027169118440619,False,0.0003711952487008166,0.0002787068004459309,0,mix
6.012717999998131,1735.0,1389.0,1.2482014388489209,12.0,14.0,95808,41932,161172,0,0,11,3.027169118440619,False,0.0003711952487008166,0.0002787068004459309,0,mix
6.009829000002355,12173.0,1519.0,8.008552631578947,21.0,24.0,95808,41932,161172,0,0,11,3.027169118440619,False,0.0003711952487008166,0.0002787068004459309,0,mix
6.014088999989326,1836.0,1674.0,1.0961194029850747,13.0,16.0,95808,41932,161172,0,0,11,3.027169118440619,False,0.0003711952487008166,0.0002787068004459309,0,mix
6.039054000008036,1735.0,1391.0,1.2464080459770115,12.0,14.0,95808,41932,161172,0,0,11,3.027169118440619,False,0.0003711952487008166,0.0002787068004459309,0,mix
6.0648050000017975,1735.0,1387.0,1.25,12.0,14.0,95808,41932,161172,0,0,11,3.027169118440619,False,0.0003711952487008166,0.0002787068004459309,0,mix
6.05375500000082,1836.0,1844.0,0.9951219512195122,13.0,16.0,95808,41932,161172,0,0,11,3.027169118440619,False,0.0003711952487008166,0.0002787068004459309,0,mix
6.089009000002989,1735.0,1390.0,1.2473040977713874,12.0,14.0,95808,41932,161172,0,0,11,3.027169118440619,False,0.0003711952487008166,0.0002787068004459309,0,mix
6.101376999999047,1735.0,1391.0,1.2464080459770115,12.0,14.0,95808,41932,161172,0,0,11,3.027169118440619,False,0.0003711952487008166,0.0002787068004459309,0,mix
6.057025000001886,1956.0,3108.0,0.6291412029591509,14.0,18.0,95808,41932,161172,0,0,11,3.027169118440619,False,0.0003711952487008166,0.0002787068004459309,0,mix
6.104753999999957,1735.0,1391.0,1.2464080459770115,12.0,14.0,95808,41932,161172,0,0,11,3.027169118440619,False,0.0003711952487008166,0.0002787068004459309,0,mix
6.117514000012306,1735.0,1388.0,1.2491000719942404,12.0,14.0,95808,41932,161172,0,0,11,3.027169118440619,False,0.0003711952487008166,0.0002787068004459309,0,mix
6.105722000007518,1836.0,1693.0,1.0838252656434475,13.0,16.0,95808,41932,161172,0,0,11,3.027169118440619,False,0.0003711952487008166,0.0002787068004459309,0,mix
6.136020000005374,1735.0,1387.0,1.25,11.0,14.0,95808,41932,161172,0,0,11,3.027169118440619,False,0.0003711952487008166,0.0002787068004459309,0,mix
6.139703000008012,1735.0,1387.0,1.25,12.0,14.0,95808,41932,161172,0,0,11,3.027169118440619,False,0.0003711952487008166,0.0002787068004459309,0,mix
6.131391999995685,12409.0,1822.0,6.806911684037301,22.0,26.0,95808,41932,161172,0,0,11,3.027169118440619,False,0.0003711952487008166,0.0002787068004459309,0,mix
6.149263999992399,1735.0,1386.0,1.250901225666907,11.0,14.0,95808,41932,161172,0,0,11,3.027169118440619,False,0.0003711952487008166,0.0002787068004459309,0,mix
6.16625200000999,1735.0,1386.0,1.250901225666907,11.0,14.0,95808,41932,161172,0,0,11,3.027169118440619,False,0.0003711952487008166,0.0002787068004459309,0,mix
6.151872000002186,1836.0,1669.0,1.0994011976047904,13.0,16.0,95808,41932,161172,0,0,11,3.027169118440619,False,0.0003711952487008166,0.0002787068004459309,0,mix
6.184529000005568,1735.0,1386.0,1.250901225666907,11.0,14.0,95808,41932,161172,0,0,11,3.027169118440619,False,0.0003711952487008166,0.0002787068004459309,0,mix
6.188947000002372,1735.0,1388.0,1.2491000719942404,11.0,14.0,95808,41932,161172,0,0,11,3.027169118440619,False,0.0003711952487008166,0.0002787068004459309,0,mix
6.1740690000006,1836.0,1842.0,0.9962018448182312,13.0,16.0,95808,41932,161172,0,0,11,3.027169118440619,False,0.0003711952487008166,0.0002787068004459309,0,mix
6.202186000009533,1735.0,1387.0,1.25,12.0,14.0,95808,41932,161172,0,0,11,3.027169118440619,False,0.0003711952487008166,0.0002787068004459309,0,mix
6.216016999998828,1735.0,1387.0,1.25,12.0,14.0,95808,41932,161172,0,0,11,3.027169118440619,False,0.0003711952487008166,0.0002787068004459309,0,mix
6.200238000004901,1836.0,1671.0,1.0980861244019138,13.0,16.0,95808,41932,161172,0,0,11,3.027169118440619,False,0.0003711952487008166,0.0002787068004459309,0,mix
6.229967999999644,1735.0,1388.0,1.2491000719942404,11.0,14.0,95808,41932,161172,0,0,11,3.027169118440619,False,0.0003711952487008166,0.0002787068004459309,0,mix
6.2415299999993294,1735.0,1385.0,1.2518037518037517,11.0,14.0,95808,41932,161172,0,0,11,3.027169118440619,False,0.0003711952487008166,0.0002787068004459309,0,mix
6.227520999993431,1836.0,1692.0,1.084465445953928,13.0,16.0,95808,41932,161172,0,0,11,3.027169118440619,False,0.0003711952487008166,0.0002787068004459309,0,mix
6.261157000000821,1735.0,1387.0,1.25,11.0,14.0,95808,41932,161172,0,0,11,3.027169118440619,False,0.0003711952487008166,0.0002787068004459309,0,mix
6.271934999997029,1735.0,1388.0,1.2491000719942404,11.0,14.0,95808,41932,161172,0,0,11,3.027169118440619,False,0.0003711952487008166,0.0002787068004459309,0,mix
6.262830000006943,1836.0,1694.0,1.0831858407079646,13.0,16.0,95808,41932,161172,0,0,11,3.027169118440619,False,0.0003711952487008166,0.0002787068004459309,0,mix
6.289638000002015,1735.0,1388.0,1.2491000719942404,12.0,14.0,95808,41932,161172,0,0,11,3.027169118440619,False,0.0003711952487008166,0.0002787068004459309,0,mix
6.308732000004966,1735.0,1387.0,1.25,12.0,14.0,95808,41932,161172,0,0,11,3.027169118440619,False,0.0003711952487008166,0.0002787068004459309,0,mix
6.30032699998992,1836.0,1844.0,0.9951219512195122,13.0,16.0,95808,41932,161172,0,0,11,3.027169118440619,False,0.0003711952487008166,0.0002787068004459309,0,mix
6.327835000003688,1735.0,1388.0,1.2491000719942404,12.0,14.0,95808,41932,161172,0,0,11,3.027169118440619,False,0.0003711952487008166,0.0002787068004459309,0,mix
6.338629000005312,12169.0,1493.0,8.14524765729585,21.0,24.0,95808,41932,161172,0,0,11,3.027169118440619,False,0.0003711952487008166,0.0002787068004459309,0,mix
6.345031000004383,1836.0,1841.0,0.996742671009772,13.0,16.0,95808,41932,161172,0,0,11,3.027169118440619,False,0.0003711952487008166,0.0002787068004459309,0,mix
6.374983000001521,1735.0,1387.0,1.25,11.0,14.0,95808,41932,161172,0,0,11,3.027169118440619,False,0.0003711952487008166,0.0002787068004459309,0,mix
6.381852999998955,1735.0,1387.0,1.25,12.0,14.0,95808,41932,161172,0,0,11,3.027169118440619,False,0.0003711952487008166,0.0002787068004459309,0,mix
6.38604199999827,1956.0,3103.0,0.6301546391752577,15.0,19.0,95808,41932,161172,0,0,11,3.027169118440619,False,0.0003711952487008166,0.0002787068004459309,0,mix
6.406669999996666,1735.0,1389.0,1.2482014388489209,12.0,14.0,95808,41932,161172,0,0,11,3.027169118440619,False,0.0003711952487008166,0.0002787068004459309,0,mix
6.96404099999927,3352.0,2424.0,1.3822680412371133,12.0,15.0,241151,175548,40599,0,0,15,3.0565647621309537,False,0.004608294930875576,0.005208333333333333,0,mix
6.415005999995628,1735.0,1388.0,1.2491000719942404,12.0,14.0,95808,41932,161172,0,0,11,3.027169118440619,False,0.0003711952487008166,0.0002787068004459309,0,mix
6.374878999995417,1836.0,1671.0,1.0980861244019138,13.0,16.0,95808,41932,161172,0,0,11,3.027169118440619,False,0.0003711952487008166,0.0002787068004459309,0,mix
6.4377000000095,1735.0,1386.0,1.250901225666907,11.0,14.0,95808,41932,161172,0,0,11,3.027169118440619,False,0.0003711952487008166,0.0002787068004459309,0,mix
6.450886999999057,1735.0,1389.0,1.2482014388489209,11.0,14.0,95808,41932,161172,0,0,11,3.027169118440619,False,0.0003711952487008166,0.0002787068004459309,0,mix
6.433045999991009,1836.0,1673.0,1.096774193548387,13.0,16.0,95808,41932,161172,0,0,11,3.027169118440619,False,0.0003711952487008166,0.0002787068004459309,0,mix
6.47132799999963,1735.0,1390.0,1.2473040977713874,12.0,14.0,95808,41932,161172,0,0,11,3.027169118440619,False,0.0003711952487008166,0.0002787068004459309,0,mix
6.488066999998409,1735.0,1387.0,1.25,11.0,14.0,95808,41932,161172,0,0,11,3.027169118440619,False,0.0003711952487008166,0.0002787068004459309,0,mix
6.49024400000053,12409.0,1945.0,6.376670092497431,22.0,26.0,95808,41932,161172,0,0,11,3.027169118440619,False,0.0003711952487008166,0.0002787068004459309,0,mix
6.5119399999966845,1735.0,1386.0,1.250901225666907,12.0,14.0,95808,41932,161172,0,0,11,3.027169118440619,False,0.0003711952487008166,0.0002787068004459309,0,mix
6.515354999995907,1735.0,1387.0,1.25,11.0,14.0,95808,41932,161172,0,0,11,3.027169118440619,False,0.0003711952487008166,0.0002787068004459309,0,mix
6.509707999997772,1836.0,1845.0,0.9945828819068255,13.0,16.0,95808,41932,161172,0,0,11,3.027169118440619,False,0.0003711952487008166,0.0002787068004459309,0,mix
6.534963999991305,1735.0,1388.0,1.2491000719942404,11.0,14.0,95808,41932,161172,0,0,11,3.027169118440619,False,0.0003711952487008166,0.0002787068004459309,0,mix
6.54459499999939,1735.0,4992.0,0.3474864810735029,12.0,17.0,95808,41932,161172,0,0,11,3.027169118440619,False,0.0003711952487008166,0.0002787068004459309,0,mix
6.057960000005551,1037.0,18263.0,0.05677836180464301,17.0,33.0,95808,207910,161172,0,0,13,3.3927474104487847,False,0.022222222222222223,0.0002787068004459309,0,mix
6.544442999991588,1835.0,1670.0,1.0981448234590065,13.0,16.0,95808,41932,161172,0,0,11,3.027169118440619,False,0.0003711952487008166,0.0002787068004459309,0,mix
6.572852000012063,1734.0,1387.0,1.2492795389048992,11.0,14.0,95808,41932,161172,0,0,11,3.027169118440619,False,0.0003711952487008166,0.0002787068004459309,0,mix
6.581986999997753,1734.0,1388.0,1.2483801295896328,12.0,14.0,95808,41932,161172,0,0,11,3.027169118440619,False,0.0003711952487008166,0.0002787068004459309,0,mix
6.564847000001464,1835.0,1671.0,1.097488038277512,13.0,16.0,95808,41932,161172,0,0,11,3.027169118440619,False,0.0003711952487008166,0.0002787068004459309,0,mix
6.5812270000024,1734.0,1389.0,1.2474820143884893,11.0,14.0,95808,41932,161172,0,0,11,3.027169118440619,False,0.0003711952487008166,0.0002787068004459309,0,mix
6.613781000007293,1734.0,1387.0,1.2492795389048992,12.0,14.0,95808,41932,161172,0,0,11,3.027169118440619,False,0.0003711952487008166,0.0002787068004459309,0,mix
6.609305000005406,1835.0,1695.0,1.0819575471698113,13.0,16.0,95808,41932,161172,0,0,11,3.027169118440619,False,0.0003711952487008166,0.0002787068004459309,0,mix
6.624011000007158,1734.0,1386.0,1.2501802451333814,11.0,14.0,95808,41932,161172,0,0,11,3.027169118440619,False,0.0003711952487008166,0.0002787068004459309,0,mix
6.640650000001187,1734.0,1388.0,1.2483801295896328,11.0,14.0,95808,41932,161172,0,0,11,3.027169118440619,False,0.0003711952487008166,0.0002787068004459309,0,mix
6.624080000008689,1835.0,1673.0,1.0961768219832735,13.0,16.0,95808,41932,161172,0,0,11,3.027169118440619,False,0.0003711952487008166,0.0002787068004459309,0,mix
6.646699999997509,1734.0,1389.0,1.2474820143884893,12.0,14.0,95808,41932,161172,0,0,11,3.027169118440619,False,0.0003711952487008166,0.0002787068004459309,0,mix
6.651063999990583,1734.0,1387.0,1.2492795389048992,11.0,14.0,95808,41932,161172,0,0,11,3.027169118440619,False,0.0003711952487008166,0.0002787068004459309,0,mix
6.648513000007369,1835.0,1840.0,0.9967409016838674,13.0,16.0,95808,41932,161172,0,0,11,3.027169118440619,False,0.0003711952487008166,0.0002787068004459309,0,mix
6.682525999989593,1734.0,1387.0,1.2492795389048992,11.0,14.0,95808,41932,161172,0,0,11,3.027169118440619,False,0.0003711952487008166,0.0002787068004459309,0,mix
6.6835359999968205,12170.0,1538.0,7.907732293697206,21.0,24.0,95808,41932,161172,0,0,11,3.027169118440619,False,0.0003711952487008166,0.0002787068004459309,0,mix
6.681773999996949,1955.0,3280.0,0.5958549222797928,15.0,19.0,95808,41932,161172,0,0,11,3.027169118440619,False,0.0003711952487008166,0.0002787068004459309,0,mix
6.703101000006427,1734.0,1390.0,1.2465851905104242,11.0,14.0,95808,41932,161172,0,0,11,3.027169118440619,False,0.0003711952487008166,0.0002787068004459309,0,mix
6.70441999999457,1734.0,1388.0,1.2483801295896328,12.0,14.0,95808,41932,161172,0,0,11,3.027169118440619,False,0.0003711952487008166,0.0002787068004459309,0,mix
6.693880999999237,1835.0,1669.0,1.098802395209581,13.0,16.0,95808,41932,161172,0,0,11,3.027169118440619,False,0.0003711952487008166,0.0002787068004459309,0,mix
6.7271119999932125,1734.0,1387.0,1.2492795389048992,11.0,14.0,95808,41932,161172,0,0,11,3.027169118440619,False,0.0003711952487008166,0.0002787068004459309,0,mix
6.744738999987021,1734.0,1386.0,1.2501802451333814,11.0,14.0,95808,41932,161172,0,0,11,3.027169118440619,False,0.0003711952487008166,0.0002787068004459309,0,mix
6.709861000010278,1835.0,1692.0,1.0838747784997047,13.0,16.0,95808,41932,161172,0,0,11,3.027169118440619,False,0.0003711952487008166,0.0002787068004459309,0,mix
6.767517999993288,1734.0,1386.0,1.2501802451333814,12.0,14.0,95808,41932,161172,0,0,11,3.027169118440619,False,0.0003711952487008166,0.0002787068004459309,0,mix
6.768226000000141,1734.0,1387.0,1.2492795389048992,12.0,14.0,95808,41932,161172,0,0,11,3.027169118440619,False,0.0003711952487008166,0.0002787068004459309,0,mix
6.756942000007257,1835.0,1672.0,1.0968320382546324,13.0,16.0,95808,41932,161172,0,0,11,3.027169118440619,False,0.0003711952487008166,0.0002787068004459309,0,mix
6.786408999993,1734.0,1386.0,1.2501802451333814,12.0,14.0,95808,41932,161172,0,0,11,3.027169118440619,False,0.0003711952487008166,0.0002787068004459309,0,mix
6.794553999992786,1734.0,1387.0,1.2492795389048992,11.0,14.0,95808,41932,161172,0,0,11,3.027169118440619,False,0.0003711952487008166,0.0002787068004459309,0,mix
6.792628000010154,12408.0,1821.0,6.810098792535675,22.0,26.0,95808,41932,161172,0,0,11,3.027169118440619,False,0.0003711952487008166,0.0002787068004459309,0,mix
6.810236000004807,1734.0,1387.0,1.2492795389048992,12.0,14.0,95808,41932,161172,0,0,11,3.027169118440619,False,0.0003711952487008166,0.0002787068004459309,0,mix
6.817804000005708,1734.0,1386.0,1.2501802451333814,11.0,14.0,95808,41932,161172,0,0,11,3.027169118440619,False,0.0003711952487008166,0.0002787068004459309,0,mix
6.813981999992393,1835.0,1739.0,1.0545977011494252,13.0,16.0,95808,41932,161172,0,0,11,3.027169118440619,False,0.0003711952487008166,0.0002787068004459309,0,mix
6.846518999998807,1734.0,1386.0,1.2501802451333814,12.0,14.0,95808,41932,161172,0,0,11,3.027169118440619,False,0.0003711952487008166,0.0002787068004459309,0,mix
6.860801999995601,1734.0,1389.0,1.2474820143884893,11.0,14.0,95808,41932,161172,0,0,11,3.027169118440619,False,0.0003711952487008166,0.0002787068004459309,0,mix
6.853835999994772,1835.0,1670.0,1.0981448234590065,13.0,16.0,95808,41932,161172,0,0,11,3.027169118440619,False,0.0003711952487008166,0.0002787068004459309,0,mix
6.888758000000962,1734.0,1386.0,1.2501802451333814,11.0,14.0,95808,41932,161172,0,0,11,3.027169118440619,False,0.0003711952487008166,0.0002787068004459309,0,mix
6.895316000009188,1734.0,4564.0,0.37984665936473166,13.0,17.0,95808,41932,161172,0,0,11,3.027169118440619,False,0.0003711952487008166,0.0002787068004459309,0,mix
6.501023999997415,1015.0,22444.0,0.04522165292938293,17.0,35.0,95808,69425,161172,0,0,13,3.3927474104487847,False,0.022222222222222223,0.0002787068004459309,0,mix
6.897968000004767,1835.0,1668.0,1.0994607549430797,13.0,16.0,95808,41932,161172,0,0,11,3.027169118440619,False,0.0003711952487008166,0.0002787068004459309,0,mix
6.915840999994543,1734.0,1384.0,1.251985559566787,11.0,14.0,95808,41932,161172,0,0,11,3.027169118440619,False,0.0003711952487008166,0.0002787068004459309,0,mix
6.91885899999761,1734.0,1386.0,1.2501802451333814,11.0,14.0,95808,41932,161172,0,0,11,3.027169118440619,False,0.0003711952487008166,0.0002787068004459309,0,mix
6.909256999992067,1835.0,1842.0,0.9956592512208355,13.0,16.0,95808,41932,161172,0,0,11,3.027169118440619,False,0.0003711952487008166,0.0002787068004459309,0,mix
6.945307999994839,1734.0,1387.0,1.2492795389048992,11.0,14.0,95808,41932,161172,0,0,11,3.027169118440619,False,0.0003711952487008166,0.0002787068004459309,0,mix
6.956540000013774,1734.0,1386.0,1.2501802451333814,12.0,14.0,95808,41932,161172,0,0,11,3.027169118440619,False,0.0003711952487008166,0.0002787068004459309,0,mix
6.915948000008939,1835.0,1691.0,1.08451536643026,13.0,16.0,95808,41932,161172,0,0,11,3.027169118440619,False,0.0003711952487008166,0.0002787068004459309,0,mix
6.97216100001242,1734.0,1385.0,1.251082251082251,12.0,14.0,95808,41932,161172,0,0,11,3.027169118440619,False,0.0003711952487008166,0.0002787068004459309,0,mix
6.975011999995331,1734.0,1386.0,1.2501802451333814,11.0,14.0,95808,41932,161172,0,0,11,3.027169118440619,False,0.0003711952487008166,0.0002787068004459309,0,mix
6.965440999993007,14589.0,3229.0,4.51671826625387,25.0,30.0,95808,41932,161172,0,0,11,3.027169118440619,False,0.0003711952487008166,0.0002787068004459309,0,mix
6.996557000005852,1734.0,1388.0,1.2483801295896328,11.0,14.0,95808,41932,161172,0,0,11,3.027169118440619,False,0.0003711952487008166,0.0002787068004459309,0,mix
7.001270999986445,1734.0,1387.0,1.2492795389048992,11.0,14.0,95808,41932,161172,0,0,11,3.027169118440619,False,0.0003711952487008166,0.0002787068004459309,0,mix
6.572807000004104,3422.0,3175.0,1.077455919395466,13.0,17.0,241151,175548,40599,0,0,15,3.0565647621309537,False,0.004608294930875576,0.005208333333333333,0,mix
6.991672999996808,1835.0,1668.0,1.0994607549430797,13.0,16.0,95808,41932,161172,0,0,11,3.027169118440619,False,0.0003711952487008166,0.0002787068004459309,0,mix
7.020075000007637,1734.0,1385.0,1.251082251082251,11.0,14.0,95808,41932,161172,0,0,11,3.027169118440619,False,0.0003711952487008166,0.0002787068004459309,0,mix
7.035540999990189,1734.0,1385.0,1.251082251082251,12.0,14.0,95808,41932,161172,0,0,11,3.027169118440619,False,0.0003711952487008166,0.0002787068004459309,0,mix
7.033067000011215,1835.0,1695.0,1.0819575471698113,13.0,16.0,95808,41932,161172,0,0,11,3.027169118440619,False,0.0003711952487008166,0.0002787068004459309,0,mix
7.04940400000487,1734.0,1387.0,1.2492795389048992,11.0,14.0,95808,41932,161172,0,0,11,3.027169118440619,False,0.0003711952487008166,0.0002787068004459309,0,mix
7.062137999993865,1734.0,1386.0,1.2501802451333814,11.0,14.0,95808,41932,161172,0,0,11,3.027169118440619,False,0.0003711952487008166,0.0002787068004459309,0,mix
7.051652999987709,1835.0,1667.0,1.1001199040767387,13.0,16.0,95808,41932,161172,0,0,11,3.027169118440619,False,0.0003711952487008166,0.0002787068004459309,0,mix
7.082689000002574,1734.0,1386.0,1.2501802451333814,12.0,14.0,95808,41932,161172,0,0,11,3.027169118440619,False,0.0003711952487008166,0.0002787068004459309,0,mix
7.095319000000018,1734.0,1387.0,1.2492795389048992,11.0,14.0,95808,41932,161172,0,0,11,3.027169118440619,False,0.0003711952487008166,0.0002787068004459309,0,mix
7.084067000003415,1835.0,1692.0,1.0838747784997047,13.0,16.0,95808,41932,161172,0,0,11,3.027169118440619,False,0.0003711952487008166,0.0002787068004459309,0,mix
7.1195909999951255,1734.0,1386.0,1.2501802451333814,11.0,14.0,95808,41932,161172,0,0,11,3.027169118440619,False,0.0003711952487008166,0.0002787068004459309,0,mix
7.128152000004775,1734.0,1386.0,1.2501802451333814,11.0,14.0,95808,41932,161172,0,0,11,3.027169118440619,False,0.0003711952487008166,0.0002787068004459309,0,mix
7.120066000003135,1835.0,1694.0,1.0825958702064897,13.0,16.0,95808,41932,161172,0,0,11,3.027169118440619,False,0.0003711952487008166,0.0002787068004459309,0,mix
7.152417999997851,1734.0,1384.0,1.251985559566787,11.0,14.0,95808,41932,161172,0,0,11,3.027169118440619,False,0.0003711952487008166,0.0002787068004459309,0,mix
7.147737999999663,1734.0,1387.0,1.2492795389048992,11.0,14.0,95808,41932,161172,0,0,11,3.027169118440619,False,0.0003711952487008166,0.0002787068004459309,0,mix
7.153780999986338,1835.0,1843.0,0.995119305856833,13.0,16.0,95808,41932,161172,0,0,11,3.027169118440619,False,0.0003711952487008166,0.0002787068004459309,0,mix
7.182784000004176,12168.0,1537.0,7.911573472041613,21.0,24.0,95808,41932,161172,0,0,11,3.027169118440619,False,0.0003711952487008166,0.0002787068004459309,0,mix
7.191935000009835,1734.0,1386.0,1.2501802451333814,11.0,14.0,95808,41932,161172,0,0,11,3.027169118440619,False,0.0003711952487008166,0.0002787068004459309,0,mix
7.184681999991881,1835.0,1839.0,0.9972826086956522,13.0,16.0,95808,41932,161172,0,0,11,3.027169118440619,False,0.0003711952487008166,0.0002787068004459309,0,mix
7.215475000004517,1734.0,1384.0,1.251985559566787,11.0,14.0,95808,41932,161172,0,0,11,3.027169118440619,False,0.0003711952487008166,0.0002787068004459309,0,mix
7.227385000005597,1734.0,1386.0,1.2501802451333814,12.0,14.0,95808,41932,161172,0,0,11,3.027169118440619,False,0.0003711952487008166,0.0002787068004459309,0,mix
7.200382000009995,1835.0,1820.0,1.0076880834706206,13.0,16.0,95808,41932,161172,0,0,11,3.027169118440619,False,0.0003711952487008166,0.0002787068004459309,0,mix
7.263925999999628,1734.0,1387.0,1.2492795389048992,11.0,14.0,95808,41932,161172,0,0,11,3.027169118440619,False,0.0003711952487008166,0.0002787068004459309,0,mix
7.270961000001989,1734.0,1385.0,1.251082251082251,12.0,14.0,95808,41932,161172,0,0,11,3.027169118440619,False,0.0003711952487008166,0.0002787068004459309,0,mix
7.274285999999847,1835.0,1691.0,1.08451536643026,13.0,16.0,95808,41932,161172,0,0,11,3.027169118440619,False,0.0003711952487008166,0.0002787068004459309,0,mix
7.308418999993592,1734.0,1385.0,1.251082251082251,11.0,14.0,95808,41932,161172,0,0,11,3.027169118440619,False,0.0003711952487008166,0.0002787068004459309,0,mix
7.316521000000648,1734.0,1386.0,1.2501802451333814,11.0,14.0,95808,41932,161172,0,0,11,3.027169118440619,False,0.0003711952487008166,0.0002787068004459309,0,mix
7.313882000002195,1955.0,3109.0,0.6286173633440515,15.0,19.0,95808,41932,161172,0,0,11,3.027169118440619,False,0.0003711952487008166,0.0002787068004459309,0,mix
7.332515000001877,1734.0,1387.0,1.2492795389048992,11.0,14.0,95808,41932,161172,0,0,11,3.027169118440619,False,0.0003711952487008166,0.0002787068004459309,0,mix
7.342982000001939,12298.0,1538.0,7.99090318388564,21.0,24.0,95808,41932,161172,0,0,11,3.027169118440619,False,0.0003711952487008166,0.0002787068004459309,0,mix
7.343403999999282,1835.0,1669.0,1.098802395209581,13.0,16.0,95808,41932,161172,0,0,11,3.027169118440619,False,0.0003711952487008166,0.0002787068004459309,0,mix
7.36985299999651,1734.0,1385.0,1.251082251082251,11.0,14.0,95808,41932,161172,0,0,11,3.027169118440619,False,0.0003711952487008166,0.0002787068004459309,0,mix
7.373850000003586,1734.0,1385.0,1.251082251082251,11.0,14.0,95808,41932,161172,0,0,11,3.027169118440619,False,0.0003711952487008166,0.0002787068004459309,0,mix
7.37109899999632,1835.0,1691.0,1.08451536643026,13.0,16.0,95808,41932,161172,0,0,11,3.027169118440619,False,0.0003711952487008166,0.0002787068004459309,0,mix
7.388148999991245,1734.0,1385.0,1.251082251082251,12.0,14.0,95808,41932,161172,0,0,11,3.027169118440619,False,0.0003711952487008166,0.0002787068004459309,0,mix
7.398288000011234,1734.0,1385.0,1.251082251082251,11.0,14.0,95808,41932,161172,0,0,11,3.027169118440619,False,0.0003711952487008166,0.0002787068004459309,0,mix
7.389244999998482,1835.0,1838.0,0.9978249048395867,13.0,16.0,95808,41932,161172,0,0,11,3.027169118440619,False,0.0003711952487008166,0.0002787068004459309,0,mix
7.417873999991571,1734.0,1385.0,1.251082251082251,11.0,14.0,95808,41932,161172,0,0,11,3.027169118440619,False,0.0003711952487008166,0.0002787068004459309,0,mix
7.41543300000194,1734.0,1384.0,1.251985559566787,12.0,14.0,95808,41932,161172,0,0,11,3.027169118440619,False,0.0003711952487008166,0.0002787068004459309,0,mix
7.418645999990986,1835.0,1839.0,0.9972826086956522,13.0,16.0,95808,41932,161172,0,0,11,3.027169118440619,False,0.0003711952487008166,0.0002787068004459309,0,mix
7.445026999994297,1734.0,1385.0,1.251082251082251,11.0,14.0,95808,41932,161172,0,0,11,3.027169118440619,False,0.0003711952487008166,0.0002787068004459309,0,mix
7.449611999996705,1734.0,1384.0,1.251985559566787,11.0,14.0,95808,41932,161172,0,0,11,3.027169118440619,False,0.0003711952487008166,0.0002787068004459309,0,mix
7.448124999995343,1835.0,1816.0,1.0099064391854706,13.0,16.0,95808,41932,161172,0,0,11,3.027169118440619,False,0.0003711952487008166,0.0002787068004459309,0,mix
7.479009000002406,1734.0,1385.0,1.251082251082251,11.0,14.0,95808,41932,161172,0,0,11,3.027169118440619,False,0.0003711952487008166,0.0002787068004459309,0,mix
7.488933999993605,1734.0,1385.0,1.251082251082251,11.0,14.0,95808,41932,161172,0,0,11,3.027169118440619,False,0.0003711952487008166,0.0002787068004459309,0,mix
7.478310999998939,1835.0,1815.0,1.0104625550660793,13.0,16.0,95808,41932,161172,0,0,11,3.027169118440619,False,0.0003711952487008166,0.0002787068004459309,0,mix
7.50817200000165,1734.0,1386.0,1.2501802451333814,12.0,14.0,95808,41932,161172,0,0,11,3.027169118440619,False,0.0003711952487008166,0.0002787068004459309,0,mix
7.51244800000859,1734.0,1384.0,1.251985559566787,11.0,14.0,95808,41932,161172,0,0,11,3.027169118440619,False,0.0003711952487008166,0.0002787068004459309,0,mix
7.499244999999064,1835.0,1815.0,1.0104625550660793,13.0,16.0,95808,41932,161172,0,0,11,3.027169118440619,False,0.0003711952487008166,0.0002787068004459309,0,mix
7.540240000002086,12168.0,1513.0,8.036988110964334,21.0,24.0,95808,41932,161172,0,0,11,3.027169118440619,False,0.0003711952487008166,0.0002787068004459309,0,mix
7.551730999999563,1734.0,1387.0,1.2492795389048992,11.0,14.0,95808,41932,161172,0,0,11,3.027169118440619,False,0.0003711952487008166,0.0002787068004459309,0,mix
7.542684999993071,1835.0,1694.0,1.0825958702064897,13.0,16.0,95808,41932,161172,0,0,11,3.027169118440619,False,0.0003711952487008166,0.0002787068004459309,0,mix
7.568789999990258,1734.0,1387.0,1.2492795389048992,11.0,14.0,95808,41932,161172,0,0,11,3.027169118440619,False,0.0003711952487008166,0.0002787068004459309,0,mix
7.582290999998804,1734.0,1387.0,1.2492795389048992,11.0,14.0,95808,41932,161172,0,0,11,3.027169118440619,False,0.0003711952487008166,0.0002787068004459309,0,mix
7.531466999993427,1835.0,1817.0,1.0093509350935093,13.0,16.0,95808,41932,161172,0,0,11,3.027169118440619,False,0.0003711952487008166,0.0002787068004459309,0,mix
7.604168999998365,1734.0,1386.0,1.2501802451333814,11.0,14.0,95808,41932,161172,0,0,11,3.027169118440619,False,0.0003711952487008166,0.0002787068004459309,0,mix
7.61864699999569,1734.0,1387.0,1.2492795389048992,11.0,14.0,95808,41932,161172,0,0,11,3.027169118440619,False,0.0003711952487008166,0.0002787068004459309,0,mix
7.605448999995133,1955.0,3112.0,0.6280115644073241,15.0,19.0,95808,41932,161172,0,0,11,3.027169118440619,False,0.0003711952487008166,0.0002787068004459309,0,mix
7.622186000007787,1734.0,1387.0,1.2492795389048992,11.0,14.0,95808,41932,161172,0,0,11,3.027169118440619,False,0.0003711952487008166,0.0002787068004459309,0,mix
7.642076000003726,1734.0,1385.0,1.251082251082251,12.0,14.0,95808,41932,161172,0,0,11,3.027169118440619,False,0.0003711952487008166,0.0002787068004459309,0,mix
6.191195000006701,3500.0,2653.0,1.3187641296156745,12.0,15.0,241151,175548,40599,0,0,15,3.0565647621309537,False,0.004608294930875576,0.005208333333333333,0,mix
7.632625999991433,1835.0,1838.0,0.9978249048395867,13.0,16.0,95808,41932,161172,0,0,11,3.027169118440619,False,0.0003711952487008166,0.0002787068004459309,0,mix
7.666725999995833,1734.0,1385.0,1.251082251082251,12.0,14.0,95808,41932,161172,0,0,11,3.027169118440619,False,0.0003711952487008166,0.0002787068004459309,0,mix
7.680630000002566,12308.0,1537.0,8.00260078023407,21.0,24.0,95808,41932,161172,0,0,11,3.027169118440619,False,0.0003711952487008166,0.0002787068004459309,0,mix
7.672051000001375,1835.0,1821.0,1.0071350164654227,13.0,16.0,95808,41932,161172,0,0,11,3.027169118440619,False,0.0003711952487008166,0.0002787068004459309,0,mix
7.697251000005053,1734.0,1385.0,1.251082251082251,11.0,14.0,95808,41932,161172,0,0,11,3.027169118440619,False,0.0003711952487008166,0.0002787068004459309,0,mix
7.698892999993404,1734.0,1386.0,1.2501802451333814,11.0,14.0,95808,41932,161172,0,0,11,3.027169118440619,False,0.0003711952487008166,0.0002787068004459309,0,mix
7.701547000004211,1835.0,1670.0,1.0981448234590065,13.0,16.0,95808,41932,161172,0,0,11,3.027169118440619,False,0.0003711952487008166,0.0002787068004459309,0,mix
7.731343999999808,1734.0,1386.0,1.2501802451333814,11.0,14.0,95808,41932,161172,0,0,11,3.027169118440619,False,0.0003711952487008166,0.0002787068004459309,0,mix
7.736108999990392,1734.0,1385.0,1.251082251082251,12.0,14.0,95808,41932,161172,0,0,11,3.027169118440619,False,0.0003711952487008166,0.0002787068004459309,0,mix
7.736856999996235,1835.0,1840.0,0.9967409016838674,13.0,16.0,95808,41932,161172,0,0,11,3.027169118440619,False,0.0003711952487008166,0.0002787068004459309,0,mix
7.764027000011993,1734.0,1386.0,1.2501802451333814,11.0,14.0,95808,41932,161172,0,0,11,3.027169118440619,False,0.0003711952487008166,0.0002787068004459309,0,mix
7.777455999996164,1734.0,1387.0,1.2492795389048992,11.0,14.0,95808,41932,161172,0,0,11,3.027169118440619,False,0.0003711952487008166,0.0002787068004459309,0,mix
7.765654000002542,1835.0,1691.0,1.08451536643026,13.0,16.0,95808,41932,161172,0,0,11,3.027169118440619,False,0.0003711952487008166,0.0002787068004459309,0,mix
7.795471000004909,1734.0,1386.0,1.2501802451333814,11.0,14.0,95808,41932,161172,0,0,11,3.027169118440619,False,0.0003711952487008166,0.0002787068004459309,0,mix
7.807360999999219,1734.0,1386.0,1.2501802451333814,12.0,14.0,95808,41932,161172,0,0,11,3.027169118440619,False,0.0003711952487008166,0.0002787068004459309,0,mix
7.760515999994823,1835.0,1820.0,1.0076880834706206,13.0,16.0,95808,41932,161172,0,0,11,3.027169118440619,False,0.0003711952487008166,0.0002787068004459309,0,mix
7.811914999998407,1734.0,1387.0,1.2492795389048992,10.0,12.0,95808,41932,161172,0,0,11,3.027169118440619,False,0.0003711952487008166,0.0002787068004459309,0,mix
7.820484000010765,1734.0,1386.0,1.2501802451333814,11.0,14.0,95808,41932,161172,0,0,11,3.027169118440619,False,0.0003711952487008166,0.0002787068004459309,0,mix
7.827997000000323,1835.0,1818.0,1.0087960417811985,13.0,16.0,95808,41932,161172,0,0,11,3.027169118440619,False,0.0003711952487008166,0.0002787068004459309,0,mix
7.841235999992932,1734.0,1386.0,1.2501802451333814,11.0,14.0,95808,41932,161172,0,0,11,3.027169118440619,False,0.0003711952487008166,0.0002787068004459309,0,mix
7.860347000008915,1734.0,1386.0,1.2501802451333814,12.0,14.0,95808,41932,161172,0,0,11,3.027169118440619,False,0.0003711952487008166,0.0002787068004459309,0,mix
7.841214000000036,1835.0,1820.0,1.0076880834706206,13.0,16.0,95808,41932,161172,0,0,11,3.027169118440619,False,0.0003711952487008166,0.0002787068004459309,0,mix
7.873907999994117,12168.0,1492.0,8.150033489618218,21.0,24.0,95808,41932,161172,0,0,11,3.027169118440619,False,0.0003711952487008166,0.0002787068004459309,0,mix
7.872208000000683,1734.0,1386.0,1.2501802451333814,11.0,14.0,95808,41932,161172,0,0,11,3.027169118440619,False,0.0003711952487008166,0.0002787068004459309,0,mix
7.860908000002382,1835.0,1838.0,0.9978249048395867,13.0,16.0,95808,41932,161172,0,0,11,3.027169118440619,False,0.0003711952487008166,0.0002787068004459309,0,mix
7.90104299999075,1734.0,1386.0,1.2501802451333814,12.0,14.0,95808,41932,161172,0,0,11,3.027169118440619,False,0.0003711952487008166,0.0002787068004459309,0,mix
7.916968000004999,1734.0,1385.0,1.251082251082251,11.0,14.0,95808,41932,161172,0,0,11,3.027169118440619,False,0.0003711952487008166,0.0002787068004459309,0,mix
7.911179000002448,1955.0,3114.0,0.6276083467094703,14.0,19.0,95808,41932,161172,0,0,11,3.027169118440619,False,0.0003711952487008166,0.0002787068004459309,0,mix
7.935308000000077,1734.0,1388.0,1.2483801295896328,12.0,14.0,95808,41932,161172,0,0,11,3.027169118440619,False,0.0003711952487008166,0.0002787068004459309,0,mix
7.952286999992793,1734.0,1385.0,1.251082251082251,11.0,14.0,95808,41932,161172,0,0,11,3.027169118440619,False,0.0003711952487008166,0.0002787068004459309,0,mix
7.944937000007485,1835.0,1691.0,1.08451536643026,13.0,16.0,95808,41932,161172,0,0,11,3.027169118440619,False,0.0003711952487008166,0.0002787068004459309,0,mix
7.973754000006011,1734.0,1384.0,1.251985559566787,11.0,14.0,95808,41932,161172,0,0,11,3.027169118440619,False,0.0003711952487008166,0.0002787068004459309,0,mix
7.985201000003144,1734.0,1386.0,1.2501802451333814,12.0,14.0,95808,41932,161172,0,0,11,3.027169118440619,False,0.0003711952487008166,0.0002787068004459309,0,mix
7.978125000008731,1835.0,1693.0,1.0832349468713105,13.0,16.0,95808,41932,161172,0,0,11,3.027169118440619,False,0.0003711952487008166,0.0002787068004459309,0,mix
8.00160400000459,1734.0,1388.0,1.2483801295896328,11.0,14.0,95808,41932,161172,0,0,11,3.027169118440619,False,0.0003711952487008166,0.0002787068004459309,0,mix
8.011792000004789,12286.0,1491.0,8.234584450402144,21.0,24.0,95808,41932,161172,0,0,11,3.027169118440619,False,0.0003711952487008166,0.0002787068004459309,0,mix
7.999641000002157,1835.0,1838.0,0.9978249048395867,13.0,16.0,95808,41932,161172,0,0,11,3.027169118440619,False,0.0003711952487008166,0.0002787068004459309,0,mix
8.017736000008881,1734.0,1384.0,1.251985559566787,12.0,14.0,95808,41932,161172,0,0,11,3.027169118440619,False,0.0003711952487008166,0.0002787068004459309,0,mix
8.038114000009955,1734.0,1387.0,1.2492795389048992,12.0,14.0,95808,41932,161172,0,0,11,3.027169118440619,False,0.0003711952487008166,0.0002787068004459309,0,mix
8.032842000000528,1835.0,1670.0,1.0981448234590065,13.0,16.0,95808,41932,161172,0,0,11,3.027169118440619,False,0.0003711952487008166,0.0002787068004459309,0,mix
8.050952999998117,1734.0,1387.0,1.2492795389048992,11.0,14.0,95808,41932,161172,0,0,11,3.027169118440619,False,0.0003711952487008166,0.0002787068004459309,0,mix
8.060971999992034,1734.0,1386.0,1.2501802451333814,11.0,14.0,95808,41932,161172,0,0,11,3.027169118440619,False,0.0003711952487008166,0.0002787068004459309,0,mix
8.049610000001849,1835.0,1668.0,1.0994607549430797,13.0,16.0,95808,41932,161172,0,0,11,3.027169118440619,False,0.0003711952487008166,0.0002787068004459309,0,mix
8.082408000002033,1734.0,1386.0,1.2501802451333814,12.0,14.0,95808,41932,161172,0,0,11,3.027169118440619,False,0.0003711952487008166,0.0002787068004459309,0,mix
8.092657000001054,1734.0,1384.0,1.251985559566787,11.0,14.0,95808,41932,161172,0,0,11,3.027169118440619,False,0.0003711952487008166,0.0002787068004459309,0,mix
8.095501000003424,1835.0,1671.0,1.097488038277512,13.0,16.0,95808,41932,161172,0,0,11,3.027169118440619,False,0.0003711952487008166,0.0002787068004459309,0,mix
8.120681000000332,1734.0,1388.0,1.2483801295896328,11.0,14.0,95808,41932,161172,0,0,11,3.027169118440619,False,0.0003711952487008166,0.0002787068004459309,0,mix
8.125571999989916,1734.0,1387.0,1.2492795389048992,11.0,14.0,95808,41932,161172,0,0,11,3.027169118440619,False,0.0003711952487008166,0.0002787068004459309,0,mix
8.094596000009915,1835.0,1820.0,1.0076880834706206,13.0,16.0,95808,41932,161172,0,0,11,3.027169118440619,False,0.0003711952487008166,0.0002787068004459309,0,mix
8.146527999997488,1734.0,1387.0,1.2492795389048992,12.0,14.0,95808,41932,161172,0,0,11,3.027169118440619,False,0.0003711952487008166,0.0002787068004459309,0,mix
8.158679999993183,1734.0,1390.0,1.2465851905104242,12.0,14.0,95808,41932,161172,0,0,11,3.027169118440619,False,0.0003711952487008166,0.0002787068004459309,0,mix
8.152098999998998,1835.0,1822.0,1.0065825562260011,13.0,16.0,95808,41932,161172,0,0,11,3.027169118440619,False,0.0003711952487008166,0.0002787068004459309,0,mix
8.176553999990574,1734.0,1388.0,1.2483801295896328,12.0,14.0,95808,41932,161172,0,0,11,3.027169118440619,False,0.0003711952487008166,0.0002787068004459309,0,mix
8.195269999996526,1734.0,1387.0,1.2492795389048992,11.0,14.0,95808,41932,161172,0,0,11,3.027169118440619,False,0.0003711952487008166,0.0002787068004459309,0,mix
8.198476999998093,1835.0,1819.0,1.0082417582417582,13.0,16.0,95808,41932,161172,0,0,11,3.027169118440619,False,0.0003711952487008166,0.0002787068004459309,0,mix
8.216652999995858,12168.0,1514.0,8.031683168316832,21.0,24.0,95808,41932,161172,0,0,11,3.027169118440619,False,0.0003711952487008166,0.0002787068004459309,0,mix
8.224856000000727,1734.0,1390.0,1.2465851905104242,11.0,14.0,95808,41932,161172,0,0,11,3.027169118440619,False,0.0003711952487008166,0.0002787068004459309,0,mix
8.212813999998616,1955.0,3119.0,0.6266025641025641,15.0,19.0,95808,41932,161172,0,0,11,3.027169118440619,False,0.0003711952487008166,0.0002787068004459309,0,mix
8.238379999995232,1734.0,1388.0,1.2483801295896328,11.0,14.0,95808,41932,161172,0,0,11,3.027169118440619,False,0.0003711952487008166,0.0002787068004459309,0,mix
8.256398999990779,1734.0,1386.0,1.2501802451333814,11.0,14.0,95808,41932,161172,0,0,11,3.027169118440619,False,0.0003711952487008166,0.0002787068004459309,0,mix
5.818750999998883,3563.0,2847.0,1.2510533707865168,12.0,15.0,241151,175548,40599,0,0,15,3.0565647621309537,False,0.004608294930875576,0.005208333333333333,0,mix
8.240356000009342,1835.0,1672.0,1.0968320382546324,13.0,16.0,95808,41932,161172,0,0,11,3.027169118440619,False,0.0003711952487008166,0.0002787068004459309,0,mix
8.271080999998958,1734.0,1387.0,1.2492795389048992,11.0,14.0,95808,41932,161172,0,0,11,3.027169118440619,False,0.0003711952487008166,0.0002787068004459309,0,mix
8.283347999997204,1734.0,1389.0,1.2474820143884893,11.0,14.0,95808,41932,161172,0,0,11,3.027169118440619,False,0.0003711952487008166,0.0002787068004459309,0,mix
8.274880999990273,1835.0,1673.0,1.0961768219832735,13.0,16.0,95808,41932,161172,0,0,11,3.027169118440619,False,0.0003711952487008166,0.0002787068004459309,0,mix
8.290890000003856,1734.0,1389.0,1.2474820143884893,11.0,14.0,95808,41932,161172,0,0,11,3.027169118440619,False,0.0003711952487008166,0.0002787068004459309,0,mix
8.312867000000551,1734.0,1387.0,1.2492795389048992,12.0,14.0,95808,41932,161172,0,0,11,3.027169118440619,False,0.0003711952487008166,0.0002787068004459309,0,mix
8.309089000002132,1835.0,4700.0,0.39034248032333546,13.0,18.0,95808,41932,161172,0,0,11,3.027169118440619,False,0.0003711952487008166,0.0002787068004459309,0,mix
7.362460999996983,1013.0,5341.0,0.18962935230250844,12.0,16.0,95808,72598,161172,0,0,13,3.3927474104487847,False,0.03225806451612903,0.0002787068004459309,0,mix
8.328389000002062,1734.0,1390.0,1.2465851905104242,11.0,14.0,95808,41932,161172,0,0,11,3.027169118440619,False,0.0003711952487008166,0.0002787068004459309,0,mix
8.336265000005369,12308.0,1495.0,8.227272727272727,21.0,24.0,95808,41932,161172,0,0,11,3.027169118440619,False,0.0003711952487008166,0.0002787068004459309,0,mix
8.335433000000194,1835.0,1675.0,1.0948687350835322,14.0,16.0,95808,41932,161172,0,0,11,3.027169118440619,False,0.0003711952487008166,0.0002787068004459309,0,mix
8.367116999987047,1734.0,1391.0,1.2456896551724137,11.0,14.0,95808,41932,161172,0,0,11,3.027169118440619,False,0.0003711952487008166,0.0002787068004459309,0,mix
8.382225999986986,1734.0,1388.0,1.2483801295896328,11.0,14.0,95808,41932,161172,0,0,11,3.027169118440619,False,0.0003711952487008166,0.0002787068004459309,0,mix
8.371538999999757,1835.0,1696.0,1.0813199764289922,13.0,16.0,95808,41932,161172,0,0,11,3.027169118440619,False,0.0003711952487008166,0.0002787068004459309,0,mix
8.408502000005683,1734.0,1389.0,1.2474820143884893,11.0,14.0,95808,41932,161172,0,0,11,3.027169118440619,False,0.0003711952487008166,0.0002787068004459309,0,mix
8.38893800000369,1734.0,1391.0,1.2456896551724137,11.0,14.0,95808,41932,161172,0,0,11,3.027169118440619,False,0.0003711952487008166,0.0002787068004459309,0,mix
8.399689999991097,1835.0,1754.0,1.0455840455840455,13.0,16.0,95808,41932,161172,0,0,11,3.027169118440619,False,0.0003711952487008166,0.0002787068004459309,0,mix
8.434976999997161,1734.0,1391.0,1.2456896551724137,11.0,14.0,95808,41932,161172,0,0,11,3.027169118440619,False,0.0003711952487008166,0.0002787068004459309,0,mix
8.45154399999592,1734.0,1389.0,1.2474820143884893,11.0,14.0,95808,41932,161172,0,0,11,3.027169118440619,False,0.0003711952487008166,0.0002787068004459309,0,mix
8.450448999996297,1835.0,1672.0,1.0968320382546324,13.0,16.0,95808,41932,161172,0,0,11,3.027169118440619,False,0.0003711952487008166,0.0002787068004459309,0,mix
8.467153999998118,1734.0,1388.0,1.2483801295896328,11.0,14.0,95808,41932,161172,0,0,11,3.027169118440619,False,0.0003711952487008166,0.0002787068004459309,0,mix
8.471348999999464,1734.0,1391.0,1.2456896551724137,12.0,14.0,95808,41932,161172,0,0,11,3.027169118440619,False,0.0003711952487008166,0.0002787068004459309,0,mix
8.4366660000087,1835.0,2020.0,0.9079663532904503,13.0,16.0,95808,243691,161172,0,0,11,3.027169118440619,False,0.0003711952487008166,0.0002787068004459309,0,mix
8.497447000001557,1734.0,1587.0,1.0919395465994963,12.0,14.0,95808,243691,161172,0,0,11,3.027169118440619,False,0.0003711952487008166,0.0002787068004459309,0,mix
8.496796000006725,1734.0,1389.0,1.2474820143884893,11.0,14.0,95808,41932,161172,0,0,11,3.027169118440619,False,0.0003711952487008166,0.0002787068004459309,0,mix
8.494128999998793,1835.0,1821.0,1.0071350164654227,13.0,16.0,95808,41932,161172,0,0,11,3.027169118440619,False,0.0003711952487008166,0.0002787068004459309,0,mix
8.527337999999872,1734.0,1388.0,1.2483801295896328,11.0,14.0,95808,41932,161172,0,0,11,3.027169118440619,False,0.0003711952487008166,0.0002787068004459309,0,mix
8.530266000001575,1734.0,1391.0,1.2456896551724137,11.0,14.0,95808,41932,161172,0,0,11,3.027169118440619,False,0.0003711952487008166,0.0002787068004459309,0,mix
8.519210999991628,15585.0,3217.0,4.843070229956495,26.0,30.0,95808,41932,161172,0,0,11,3.027169118440619,False,0.0003711952487008166,0.0002787068004459309,0,mix
8.55336299999908,1734.0,1586.0,1.0926275992438563,11.0,14.0,95808,243691,161172,0,0,11,3.027169118440619,False,0.0003711952487008166,0.0002787068004459309,0,mix
8.560645000005024,1734.0,1583.0,1.0946969696969697,12.0,14.0,95808,243691,161172,0,0,11,3.027169118440619,False,0.0003711952487008166,0.0002787068004459309,0,mix
8.545511999996961,1835.0,1817.0,1.0093509350935093,13.0,16.0,95808,41932,161172,0,0,11,3.027169118440619,False,0.0003711952487008166,0.0002787068004459309,0,mix
8.582621999987168,1734.0,1582.0,1.0953885028427037,11.0,14.0,95808,243691,161172,0,0,11,3.027169118440619,False,0.0003711952487008166,0.0002787068004459309,0,mix
8.579552000010153,1734.0,1583.0,1.0946969696969697,11.0,14.0,95808,243691,161172,0,0,11,3.027169118440619,False,0.0003711952487008166,0.0002787068004459309,0,mix
8.575393999999505,1835.0,1822.0,1.0065825562260011,13.0,16.0,95808,41932,161172,0,0,11,3.027169118440619,False,0.0003711952487008166,0.0002787068004459309,0,mix
8.598901999997906,1734.0,1584.0,1.094006309148265,12.0,14.0,95808,243691,161172,0,0,11,3.027169118440619,False,0.0003711952487008166,0.0002787068004459309,0,mix
8.609427000003052,1734.0,1582.0,1.0953885028427037,12.0,14.0,95808,243691,161172,0,0,11,3.027169118440619,False,0.0003711952487008166,0.0002787068004459309,0,mix
8.597859000001336,1835.0,1670.0,1.0981448234590065,13.0,16.0,95808,41932,161172,0,0,11,3.027169118440619,False,0.0003711952487008166,0.0002787068004459309,0,mix
8.624466999986907,1734.0,1582.0,1.0953885028427037,11.0,14.0,95808,243691,161172,0,0,11,3.027169118440619,False,0.0003711952487008166,0.0002787068004459309,0,mix
8.622776000003796,1734.0,1389.0,1.2474820143884893,11.0,14.0,95808,41932,161172,0,0,11,3.027169118440619,False,0.0003711952487008166,0.0002787068004459309,0,mix
8.621201000001747,1835.0,1868.0,0.9818084537185661,13.0,16.0,95808,243691,161172,0,0,11,3.027169118440619,False,0.0003711952487008166,0.0002787068004459309,0,mix
8.645403999995324,1734.0,1583.0,1.0946969696969697,11.0,14.0,95808,243691,161172,0,0,11,3.027169118440619,False,0.0003711952487008166,0.0002787068004459309,0,mix
8.646468999999342,1734.0,1387.0,1.2492795389048992,12.0,14.0,95808,41932,161172,0,0,11,3.027169118440619,False,0.0003711952487008166,0.0002787068004459309,0,mix
8.646601000000373,1910.0,5583.0,0.3420487106017192,15.0,19.0,95808,67117,161172,0,0,11,3.027169118440619,False,0.0003711952487008166,0.0002787068004459309,0,mix
8.678615000011632,1734.0,1388.0,1.2483801295896328,11.0,14.0,95808,41932,161172,0,0,11,3.027169118440619,False,0.0003711952487008166,0.0002787068004459309,0,mix
8.699429000000237,1734.0,1388.0,1.2483801295896328,11.0,14.0,95808,41932,161172,0,0,11,3.027169118440619,False,0.0003711952487008166,0.0002787068004459309,0,mix
8.679228000008152,1835.0,2016.0,0.909766980664353,13.0,16.0,95808,243691,161172,0,0,11,3.027169118440619,False,0.0003711952487008166,0.0002787068004459309,0,mix
8.695025000008172,1734.0,1388.0,1.2483801295896328,11.0,14.0,95808,41932,161172,0,0,11,3.027169118440619,False,0.0003711952487008166,0.0002787068004459309,0,mix
8.712777000007918,12168.0,1687.0,7.208530805687204,21.0,24.0,95808,243691,161172,0,0,11,3.027169118440619,False,0.0003711952487008166,0.0002787068004459309,0,mix
8.673964999994496,1835.0,1868.0,0.9818084537185661,13.0,16.0,95808,243691,161172,0,0,11,3.027169118440619,False,0.0003711952487008166,0.0002787068004459309,0,mix
8.730288000006112,1734.0,1583.0,1.0946969696969697,11.0,14.0,95808,243691,161172,0,0,11,3.027169118440619,False,0.0003711952487008166,0.0002787068004459309,0,mix
8.742891000001691,1734.0,5244.0,0.3306005719733079,12.0,17.0,95808,243691,161172,0,0,11,3.027169118440619,False,0.0003711952487008166,0.0002787068004459309,0,mix
8.12375400000019,1044.0,55163.0,0.01892538612138351,21.0,73.0,95808,72598,161172,0,0,13,3.3927474104487847,False,0.022222222222222223,0.0002787068004459309,0,mix
8.737085999993724,1835.0,1870.0,0.9807589524318546,13.0,16.0,95808,243691,161172,0,0,11,3.027169118440619,False,0.0003711952487008166,0.0002787068004459309,0,mix
8.757330000007642,1734.0,1392.0,1.2447954055994257,12.0,14.0,95808,41932,161172,0,0,11,3.027169118440619,False,0.0003711952487008166,0.0002787068004459309,0,mix
8.765354000002844,1734.0,1585.0,1.0933165195460277,11.0,14.0,95808,243691,161172,0,0,11,3.027169118440619,False,0.0003711952487008166,0.0002787068004459309,0,mix
8.765130999992834,1835.0,2016.0,0.909766980664353,13.0,16.0,95808,243691,161172,0,0,11,3.027169118440619,False,0.0003711952487008166,0.0002787068004459309,0,mix
8.79095700000471,1734.0,1584.0,1.094006309148265,12.0,14.0,95808,243691,161172,0,0,11,3.027169118440619,False,0.0003711952487008166,0.0002787068004459309,0,mix
8.80664500000421,1734.0,1586.0,1.0926275992438563,11.0,14.0,95808,243691,161172,0,0,11,3.027169118440619,False,0.0003711952487008166,0.0002787068004459309,0,mix
8.798689000002923,1955.0,3044.0,0.6420361247947455,15.0,18.0,95808,41932,161172,0,0,11,3.027169118440619,False,0.0003711952487008166,0.0002787068004459309,0,mix
5.556872000001022,1734.0,1554.0,1.115112540192926,10.0,12.0,95808,243691,161172,0,0,11,3.027169118440619,False,0.0003711952487008166,0.0002787068004459309,0,mix
7.952818000005209,1734.0,1390.0,1.2465851905104242,10.0,12.0,95808,41932,161172,0,0,11,3.027169118440619,False,0.0003711952487008166,0.0002787068004459309,0,mix
7.90263500000583,739.0,2988.0,0.24723987955838073,9.0,8.0,95808,203200,40599,0,0,14,2.8423709931771093,False,0.05263157894736842,0.0002787068004459309,0,mix
7.903315000003204,775.0,3583.0,0.21623883928571427,9.0,10.0,95808,220620,161172,0,0,27,3.624171760941958,False,0.05,0.0002787068004459309,0,mix
5.433306999999331,3640.0,2647.0,1.3746223564954683,15.0,18.0,241151,175548,40599,0,0,15,3.0565647621309537,False,0.004608294930875576,0.005208333333333333,0,mix
8.817065000010189,12410.0,1778.0,6.975829117481731,22.0,26.0,95808,41932,161172,0,0,11,3.027169118440619,False,0.0003711952487008166,0.0002787068004459309,0,mix
8.866078999999445,1734.0,5046.0,0.3435704378838914,12.0,17.0,95808,243691,161172,0,0,11,3.027169118440619,False,0.0003711952487008166,0.0002787068004459309,0,mix
8.107778000005055,1034.0,7793.0,0.13266615345137286,13.0,19.0,95808,69425,161172,0,0,13,3.3927474104487847,False,0.022222222222222223,0.0002787068004459309,0,mix
8.90209699999832,1640.0,1324.0,1.2377358490566037,11.0,14.0,95808,41932,161172,0,0,11,3.027169118440619,False,0.0003711952487008166,0.0002787068004459309,0,mix
8.868614000006346,1640.0,1517.0,1.080368906455863,11.0,14.0,95808,243691,161172,0,0,11,3.027169118440619,False,0.0003711952487008166,0.0002787068004459309,0,mix
8.925719999999274,1640.0,1324.0,1.2377358490566037,10.0,12.0,95808,41932,161172,0,0,11,3.027169118440619,False,0.0003711952487008166,0.0002787068004459309,0,mix
8.951262000002316,1640.0,1322.0,1.2396069538926682,11.0,14.0,95808,41932,161172,0,0,11,3.027169118440619,False,0.0003711952487008166,0.0002787068004459309,0,mix
8.969124000010197,1640.0,1326.0,1.2358703843255463,11.0,13.0,95808,41932,161172,0,0,11,3.027169118440619,False,0.0003711952487008166,0.0002787068004459309,0,mix
8.995247999991989,1640.0,1323.0,1.2386706948640482,12.0,14.0,95808,41932,161172,0,0,11,3.027169118440619,False,0.0003711952487008166,0.0002787068004459309,0,mix
9.038645000007818,1640.0,1326.0,1.2358703843255463,11.0,14.0,95808,41932,161172,0,0,11,3.027169118440619,False,0.0003711952487008166,0.0002787068004459309,0,mix
6.545110000006389,775.0,3050.0,0.25401507702392656,9.0,8.0,95808,30502,161172,0,0,27,3.8100810205217313,False,0.07142857142857142,0.0002787068004459309,0,mix
9.04190299999027,1640.0,1324.0,1.2377358490566037,10.0,12.0,95808,41932,161172,0,0,11,3.027169118440619,False,0.0003711952487008166,0.0002787068004459309,0,mix
9.105091000004904,1760.0,2826.0,0.622568093385214,13.0,16.0,95808,243691,161172,0,0,11,3.027169118440619,False,0.0003711952487008166,0.0002787068004459309,0,mix
9.11553599999752,1640.0,1516.0,1.0810810810810811,11.0,14.0,95808,243691,161172,0,0,11,3.027169118440619,False,0.0003711952487008166,0.0002787068004459309,0,mix
9.13810999999987,1640.0,1323.0,1.2386706948640482,11.0,14.0,95808,41932,161172,0,0,11,3.027169118440619,False,0.0003711952487008166,0.0002787068004459309,0,mix
9.184564999988652,1640.0,1321.0,1.2405446293494704,11.0,14.0,95808,41932,161172,0,0,11,3.027169118440619,False,0.0003711952487008166,0.0002787068004459309,0,mix
9.220608000003269,1640.0,1321.0,1.2405446293494704,11.0,14.0,95808,41932,161172,0,0,11,3.027169118440619,False,0.0003711952487008166,0.0002787068004459309,0,mix
9.24535100000503,1640.0,1320.0,1.2414837244511734,12.0,14.0,95808,41932,161172,0,0,11,3.027169118440619,False,0.0003711952487008166,0.0002787068004459309,0,mix
9.88132700001006,3421.0,26691.0,0.12816574254458266,20.0,35.0,241151,175548,40599,0,0,15,3.0565647621309537,False,0.004608294930875576,0.005208333333333333,0,mix
9.281996000005163,1640.0,1322.0,1.2396069538926682,11.0,14.0,95808,41932,161172,0,0,11,3.027169118440619,False,0.0003711952487008166,0.0002787068004459309,0,mix
9.288612999996984,1640.0,1324.0,1.2377358490566037,11.0,14.0,95808,41932,161172,0,0,11,3.027169118440619,False,0.0003711952487008166,0.0002787068004459309,0,mix
9.33399700000882,1640.0,1325.0,1.2368024132730016,11.0,14.0,95808,41932,161172,0,0,11,3.027169118440619,False,0.0003711952487008166,0.0002787068004459309,0,mix
0.7239810000028221,1321.0,3730.0,0.3540605735727687,13.0,16.0,12919,187119,161172,0,0,17,3.734521664779752,False,0.07142857142857142,0.0048543689320388345,0,mix
9.362301999994088,1640.0,1321.0,1.2405446293494704,11.0,14.0,95808,41932,161172,0,0,11,3.027169118440619,False,0.0003711952487008166,0.0002787068004459309,0,mix
9.36292999998841,1760.0,2625.0,0.6702208682406702,12.0,14.0,95808,41932,161172,0,0,11,3.027169118440619,False,0.0003711952487008166,0.0002787068004459309,0,mix
5.020345999990241,3260.0,2921.0,1.1156741957563312,14.0,17.0,241151,175548,40599,0,0,15,3.0565647621309537,False,0.004608294930875576,0.005208333333333333,0,mix
9.43910100001085,1640.0,1322.0,1.2396069538926682,11.0,14.0,95808,41932,161172,0,0,11,3.027169118440619,False,0.0003711952487008166,0.0002787068004459309,0,mix
9.462161000003109,1640.0,1325.0,1.2368024132730016,11.0,14.0,95808,41932,161172,0,0,11,3.027169118440619,False,0.0003711952487008166,0.0002787068004459309,0,mix
9.474793000001227,1640.0,1323.0,1.2386706948640482,12.0,14.0,95808,41932,161172,0,0,11,3.027169118440619,False,0.0003711952487008166,0.0002787068004459309,0,mix
9.51554199999373,1640.0,1324.0,1.2377358490566037,11.0,14.0,95808,41932,161172,0,0,11,3.027169118440619,False,0.0003711952487008166,0.0002787068004459309,0,mix
9.549476999993203,1640.0,1322.0,1.2396069538926682,11.0,14.0,95808,41932,161172,0,0,11,3.027169118440619,False,0.0003711952487008166,0.0002787068004459309,0,mix
9.534771999999066,1640.0,1324.0,1.2377358490566037,11.0,14.0,95808,41932,161172,0,0,11,3.027169118440619,False,0.0003711952487008166,0.0002787068004459309,0,mix
9.583650000000487,1640.0,1323.0,1.2386706948640482,11.0,14.0,95808,41932,161172,0,0,11,3.027169118440619,False,0.0003711952487008166,0.0002787068004459309,0,mix
9.630423000009614,1640.0,1325.0,1.2368024132730016,12.0,14.0,95808,41932,161172,0,0,11,3.027169118440619,False,0.0003711952487008166,0.0002787068004459309,0,mix
9.546051000012085,1640.0,1321.0,1.2405446293494704,11.0,14.0,95808,41932,161172,0,0,11,3.027169118440619,False,0.0003711952487008166,0.0002787068004459309,0,mix
9.68862800000352,13617.0,2720.0,5.004410143329658,23.0,27.0,95808,41932,161172,0,0,11,3.027169118440619,False,0.0003711952487008166,0.0002787068004459309,0,mix
9.767640000005484,1640.0,1321.0,1.2405446293494704,11.0,14.0,95808,41932,161172,0,0,11,3.027169118440619,False,0.0003711952487008166,0.0002787068004459309,0,mix
9.737120999998297,1640.0,1321.0,1.2405446293494704,11.0,14.0,95808,41932,161172,0,0,11,3.027169118440619,False,0.0003711952487008166,0.0002787068004459309,0,mix
9.776910000000498,1640.0,1321.0,1.2405446293494704,10.0,12.0,95808,41932,161172,0,0,11,3.027169118440619,False,0.0003711952487008166,0.0002787068004459309,0,mix
9.827097000001231,1640.0,1516.0,1.0810810810810811,12.0,14.0,95808,243691,161172,0,0,11,3.027169118440619,False,0.0003711952487008166,0.0002787068004459309,0,mix
9.819101999994018,1640.0,1515.0,1.0817941952506596,11.0,14.0,95808,243691,161172,0,0,11,3.027169118440619,False,0.0003711952487008166,0.0002787068004459309,0,mix
9.872139999992214,1640.0,1321.0,1.2405446293494704,11.0,12.0,95808,41932,161172,0,0,11,3.027169118440619,False,0.0003711952487008166,0.0002787068004459309,0,mix
9.859585999991396,1640.0,1321.0,1.2405446293494704,11.0,14.0,95808,41932,161172,0,0,11,3.027169118440619,False,0.0003711952487008166,0.0002787068004459309,0,mix
9.91911099999561,1640.0,1322.0,1.2396069538926682,12.0,14.0,95808,41932,161172,0,0,11,3.027169118440619,False,0.0003711952487008166,0.0002787068004459309,0,mix
9.945811999990838,1640.0,1320.0,1.2414837244511734,11.0,14.0,95808,41932,161172,0,0,11,3.027169118440619,False,0.0003711952487008166,0.0002787068004459309,0,mix
9.955415999997058,1760.0,2619.0,0.6717557251908397,13.0,16.0,95808,41932,161172,0,0,11,3.027169118440619,False,0.0003711952487008166,0.0002787068004459309,0,mix
4.607066999989911,3337.0,2809.0,1.1875444839857652,13.0,16.0,241151,175548,40599,0,0,15,3.0565647621309537,False,0.004608294930875576,0.005208333333333333,0,mix
10.004486000005272,1640.0,1320.0,1.2414837244511734,11.0,14.0,95808,41932,161172,0,0,11,3.027169118440619,False,0.0003711952487008166,0.0002787068004459309,0,mix
10.028967999998711,1640.0,1323.0,1.2386706948640482,11.0,14.0,95808,41932,161172,0,0,11,3.027169118440619,False,0.0003711952487008166,0.0002787068004459309,0,mix
10.020288999992772,1640.0,1321.0,1.2405446293494704,10.0,12.0,95808,41932,161172,0,0,11,3.027169118440619,False,0.0003711952487008166,0.0002787068004459309,0,mix
10.06782799999928,1640.0,1323.0,1.2386706948640482,11.0,14.0,95808,41932,161172,0,0,11,3.027169118440619,False,0.0003711952487008166,0.0002787068004459309,0,mix
10.114015999992262,1640.0,1320.0,1.2414837244511734,10.0,12.0,95808,41932,161172,0,0,11,3.027169118440619,False,0.0003711952487008166,0.0002787068004459309,0,mix
10.152618000007353,1640.0,1323.0,1.2386706948640482,10.0,12.0,95808,41932,161172,0,0,11,3.027169118440619,False,0.0003711952487008166,0.0002787068004459309,0,mix
10.200161000000662,1640.0,1321.0,1.2405446293494704,11.0,14.0,95808,41932,161172,0,0,11,3.027169118440619,False,0.0003711952487008166,0.0002787068004459309,0,mix
10.222861999995075,1640.0,1324.0,1.2377358490566037,12.0,14.0,95808,41932,161172,0,0,11,3.027169118440619,False,0.0003711952487008166,0.0002787068004459309,0,mix
10.218777000001865,1640.0,1321.0,1.2405446293494704,12.0,14.0,95808,41932,161172,0,0,11,3.027169118440619,False,0.0003711952487008166,0.0002787068004459309,0,mix
10.281903999988572,1760.0,2611.0,0.6738131699846861,13.0,16.0,95808,41932,161172,0,0,11,3.027169118440619,False,0.0003711952487008166,0.0002787068004459309,0,mix
0.312459999986458,1640.0,1321.0,1.2405446293494704,11.0,14.0,95808,41932,161172,0,0,11,3.027169118440619,False,0.0003711952487008166,0.0002787068004459309,0,mix
7.38086900000053,610.0,3008.0,0.20272515785975406,8.0,7.0,12919,224797,161172,0,0,29,3.71937582241537,False,0.08333333333333333,0.0048543689320388345,0,mix
0.32306699999026,1640.0,1321.0,1.2405446293494704,11.0,14.0,95808,41932,161172,0,0,11,3.027169118440619,False,0.0003711952487008166,0.0002787068004459309,0,mix
0.396411000008811,1640.0,1321.0,1.2405446293494704,11.0,14.0,95808,41932,161172,0,0,11,3.027169118440619,False,0.0003711952487008166,0.0002787068004459309,0,mix
10.423177000004216,1640.0,1319.0,1.2424242424242424,11.0,12.0,95808,41932,161172,0,0,11,3.027169118440619,False,0.0003711952487008166,0.0002787068004459309,0,mix
0.416084000011323,1640.0,1322.0,1.2396069538926682,11.0,14.0,95808,41932,161172,0,0,11,3.027169118440619,False,0.0003711952487008166,0.0002787068004459309,0,mix
0.478386000002501,1640.0,1320.0,1.2414837244511734,11.0,14.0,95808,41932,161172,0,0,11,3.027169118440619,False,0.0003711952487008166,0.0002787068004459309,0,mix
0.497562000004109,1640.0,1320.0,1.2414837244511734,11.0,14.0,95808,41932,161172,0,0,11,3.027169118440619,False,0.0003711952487008166,0.0002787068004459309,0,mix
0.499697999999625,1640.0,1323.0,1.2386706948640482,11.0,14.0,95808,41932,161172,0,0,11,3.027169118440619,False,0.0003711952487008166,0.0002787068004459309,0,mix
0.537188000002061,1640.0,1320.0,1.2414837244511734,11.0,14.0,95808,41932,161172,0,0,11,3.027169118440619,False,0.0003711952487008166,0.0002787068004459309,0,mix
10.586746000000858,13112.0,2723.0,4.8135095447870775,23.0,26.0,95808,41932,161172,0,0,11,3.027169118440619,False,0.0003711952487008166,0.0002787068004459309,0,mix
3.204705000011017,3398.0,2473.0,1.3734842360549717,13.0,16.0,241151,175548,40599,0,0,15,3.0565647621309537,False,0.004608294930875576,0.005208333333333333,0,mix
0.580423999999766,1640.0,1321.0,1.2405446293494704,11.0,14.0,95808,41932,161172,0,0,11,3.027169118440619,False,0.0003711952487008166,0.0002787068004459309,0,mix
0.6334979999955971,1640.0,1322.0,1.2396069538926682,11.0,14.0,95808,41932,161172,0,0,11,3.027169118440619,False,0.0003711952487008166,0.0002787068004459309,0,mix
0.678524000002653,1640.0,1320.0,1.2414837244511734,11.0,14.0,95808,41932,161172,0,0,11,3.027169118440619,False,0.0003711952487008166,0.0002787068004459309,0,mix
0.698582000011811,1640.0,1323.0,1.2386706948640482,11.0,14.0,95808,41932,161172,0,0,11,3.027169118440619,False,0.0003711952487008166,0.0002787068004459309,0,mix
0.746763000002829,1640.0,1321.0,1.2405446293494704,11.0,14.0,95808,41932,161172,0,0,11,3.027169118440619,False,0.0003711952487008166,0.0002787068004459309,0,mix
0.751236999989487,1640.0,1323.0,1.2386706948640482,11.0,14.0,95808,41932,161172,0,0,11,3.027169118440619,False,0.0003711952487008166,0.0002787068004459309,0,mix
0.7630229999922441,1640.0,1320.0,1.2414837244511734,11.0,14.0,95808,41932,161172,0,0,11,3.027169118440619,False,0.0003711952487008166,0.0002787068004459309,0,mix
0.8079340000113001,1640.0,1323.0,1.2386706948640482,12.0,14.0,95808,41932,161172,0,0,11,3.027169118440619,False,0.0003711952487008166,0.0002787068004459309,0,mix
0.8173020000103861,1640.0,1320.0,1.2414837244511734,10.0,12.0,95808,41932,161172,0,0,11,3.027169118440619,False,0.0003711952487008166,0.0002787068004459309,0,mix
0.831841000006534,1760.0,2607.0,0.6748466257668712,13.0,16.0,95808,41932,161172,0,0,11,3.027169118440619,False,0.0003711952487008166,0.0002787068004459309,0,mix
0.911439000003156,1640.0,1322.0,1.2396069538926682,11.0,14.0,95808,41932,161172,0,0,11,3.027169118440619,False,0.0003711952487008166,0.0002787068004459309,0,mix
0.90849000000162,1640.0,1320.0,1.2414837244511734,12.0,14.0,95808,41932,161172,0,0,11,3.027169118440619,False,0.0003711952487008166,0.0002787068004459309,0,mix
0.912561999997706,1640.0,1320.0,1.2414837244511734,12.0,14.0,95808,41932,161172,0,0,11,3.027169118440619,False,0.0003711952487008166,0.0002787068004459309,0,mix
1.024783000000752,1640.0,1320.0,1.2414837244511734,11.0,14.0,95808,41932,161172,0,0,11,3.027169118440619,False,0.0003711952487008166,0.0002787068004459309,0,mix
1.013445999997202,1640.0,1321.0,1.2405446293494704,11.0,14.0,95808,41932,161172,0,0,11,3.027169118440619,False,0.0003711952487008166,0.0002787068004459309,0,mix
1.008087000009254,1640.0,1320.0,1.2414837244511734,11.0,14.0,95808,41932,161172,0,0,11,3.027169118440619,False,0.0003711952487008166,0.0002787068004459309,0,mix
1.066516999999294,1640.0,1320.0,1.2414837244511734,11.0,14.0,95808,41932,161172,0,0,11,3.027169118440619,False,0.0003711952487008166,0.0002787068004459309,0,mix
1.098889000000781,1640.0,1322.0,1.2396069538926682,11.0,14.0,95808,41932,161172,0,0,11,3.027169118440619,False,0.0003711952487008166,0.0002787068004459309,0,mix
1.120770000008633,1640.0,1321.0,1.2405446293494704,12.0,14.0,95808,41932,161172,0,0,11,3.027169118440619,False,0.0003711952487008166,0.0002787068004459309,0,mix
1.16092499998922,1760.0,2609.0,0.6743295019157088,12.0,14.0,95808,41932,161172,0,0,11,3.027169118440619,False,0.0003711952487008166,0.0002787068004459309,0,mix
2.76361700000416,3477.0,2483.0,1.3997584541062802,14.0,17.0,241151,175548,40599,0,0,15,3.0565647621309537,False,0.004608294930875576,0.005208333333333333,0,mix
1.181400000001303,1640.0,1321.0,1.2405446293494704,11.0,14.0,95808,41932,161172,0,0,11,3.027169118440619,False,0.0003711952487008166,0.0002787068004459309,0,mix
1.184827000004588,1640.0,1324.0,1.2377358490566037,11.0,14.0,95808,41932,161172,0,0,11,3.027169118440619,False,0.0003711952487008166,0.0002787068004459309,0,mix
1.2729709999985062,1640.0,1320.0,1.2414837244511734,10.0,12.0,95808,41932,161172,0,0,11,3.027169118440619,False,0.0003711952487008166,0.0002787068004459309,0,mix
1.27069799999299,1640.0,1323.0,1.2386706948640482,11.0,14.0,95808,41932,161172,0,0,11,3.027169118440619,False,0.0003711952487008166,0.0002787068004459309,0,mix
1.290613999997731,1640.0,1320.0,1.2414837244511734,11.0,14.0,95808,41932,161172,0,0,11,3.027169118440619,False,0.0003711952487008166,0.0002787068004459309,0,mix
1.347211000000243,1640.0,1323.0,1.2386706948640482,11.0,14.0,95808,41932,161172,0,0,11,3.027169118440619,False,0.0003711952487008166,0.0002787068004459309,0,mix
1.402319000000716,1640.0,1321.0,1.2405446293494704,12.0,14.0,95808,41932,161172,0,0,11,3.027169118440619,False,0.0003711952487008166,0.0002787068004459309,0,mix
1.383406000008108,1640.0,1322.0,1.2396069538926682,11.0,14.0,95808,41932,161172,0,0,11,3.027169118440619,False,0.0003711952487008166,0.0002787068004459309,0,mix
1.406736999997519,1640.0,1320.0,1.2414837244511734,12.0,14.0,95808,41932,161172,0,0,11,3.027169118440619,False,0.0003711952487008166,0.0002787068004459309,0,mix
1.426357000003918,13092.0,2717.0,4.816777041942605,22.0,26.0,95808,41932,161172,0,0,11,3.027169118440619,False,0.0003711952487008166,0.0002787068004459309,0,mix
1.459625999996205,1640.0,1321.0,1.2405446293494704,12.0,14.0,95808,41932,161172,0,0,11,3.027169118440619,False,0.0003711952487008166,0.0002787068004459309,0,mix
1.482714999991003,1640.0,1322.0,1.2396069538926682,11.0,14.0,95808,41932,161172,0,0,11,3.027169118440619,False,0.0003711952487008166,0.0002787068004459309,0,mix
1.5261780000000722,1640.0,1321.0,1.2405446293494704,11.0,14.0,95808,41932,161172,0,0,11,3.027169118440619,False,0.0003711952487008166,0.0002787068004459309,0,mix
1.503259000004618,1640.0,1323.0,1.2386706948640482,11.0,14.0,95808,41932,161172,0,0,11,3.027169118440619,False,0.0003711952487008166,0.0002787068004459309,0,mix
1.570038000005297,1640.0,1322.0,1.2396069538926682,11.0,14.0,95808,41932,161172,0,0,11,3.027169118440619,False,0.0003711952487008166,0.0002787068004459309,0,mix
1.621266000001924,1640.0,1322.0,1.2396069538926682,11.0,14.0,95808,41932,161172,0,0,11,3.027169118440619,False,0.0003711952487008166,0.0002787068004459309,0,mix
1.60477200000605,1640.0,1323.0,1.2386706948640482,11.0,14.0,95808,41932,161172,0,0,11,3.027169118440619,False,0.0003711952487008166,0.0002787068004459309,0,mix
1.665167999992263,1640.0,1324.0,1.2377358490566037,11.0,14.0,95808,41932,161172,0,0,11,3.027169118440619,False,0.0003711952487008166,0.0002787068004459309,0,mix
1.701433000009274,1640.0,1322.0,1.2396069538926682,11.0,14.0,95808,41932,161172,0,0,11,3.027169118440619,False,0.0003711952487008166,0.0002787068004459309,0,mix
1.703452000001561,1760.0,2612.0,0.6735553004209721,13.0,16.0,95808,41932,161172,0,0,11,3.027169118440619,False,0.0003711952487008166,0.0002787068004459309,0,mix
1.758702999999513,1640.0,1324.0,1.2377358490566037,11.0,14.0,95808,41932,161172,0,0,11,3.027169118440619,False,0.0003711952487008166,0.0002787068004459309,0,mix
1.370132999989437,3538.0,2758.0,1.2823486770569046,13.0,16.0,241151,175548,40599,0,0,15,3.0565647621309537,False,0.004608294930875576,0.005208333333333333,0,mix
1.784814999991795,1640.0,1324.0,1.2377358490566037,11.0,14.0,95808,41932,161172,0,0,11,3.027169118440619,False,0.0003711952487008166,0.0002787068004459309,0,mix
1.793325000006007,1640.0,1323.0,1.2386706948640482,12.0,14.0,95808,41932,161172,0,0,11,3.027169118440619,False,0.0003711952487008166,0.0002787068004459309,0,mix
1.865612000008695,1640.0,1324.0,1.2377358490566037,11.0,14.0,95808,41932,161172,0,0,11,3.027169118440619,False,0.0003711952487008166,0.0002787068004459309,0,mix
1.899089999991702,1640.0,1321.0,1.2405446293494704,11.0,14.0,95808,41932,161172,0,0,11,3.027169118440619,False,0.0003711952487008166,0.0002787068004459309,0,mix
1.907504000002518,1640.0,1324.0,1.2377358490566037,11.0,14.0,95808,41932,161172,0,0,11,3.027169118440619,False,0.0003711952487008166,0.0002787068004459309,0,mix
1.9486040000047071,1640.0,1322.0,1.2396069538926682,11.0,14.0,95808,41932,161172,0,0,11,3.027169118440619,False,0.0003711952487008166,0.0002787068004459309,0,mix
1.9946339999878544,1640.0,1324.0,1.2377358490566037,11.0,14.0,95808,41932,161172,0,0,11,3.027169118440619,False,0.0003711952487008166,0.0002787068004459309,0,mix
1.995146000001113,1640.0,1322.0,1.2396069538926682,11.0,14.0,95808,41932,161172,0,0,11,3.027169118440619,False,0.0003711952487008166,0.0002787068004459309,0,mix
2.049503999995067,1760.0,2611.0,0.6738131699846861,12.0,16.0,95808,41932,161172,0,0,11,3.027169118440619,False,0.0003711952487008166,0.0002787068004459309,0,mix
2.088485000000219,1640.0,1321.0,1.2405446293494704,11.0,14.0,95808,41932,161172,0,0,11,3.027169118440619,False,0.0003711952487008166,0.0002787068004459309,0,mix
2.386516000013216,1640.0,1322.0,1.2396069538926682,11.0,14.0,95808,41932,161172,0,0,11,3.027169118440619,False,0.0003711952487008166,0.0002787068004459309,0,mix
2.143412999997963,1640.0,1321.0,1.2405446293494704,11.0,14.0,95808,41932,161172,0,0,11,3.027169118440619,False,0.0003711952487008166,0.0002787068004459309,0,mix
2.214758000001893,1640.0,1322.0,1.2396069538926682,11.0,14.0,95808,41932,161172,0,0,11,3.027169118440619,False,0.0003711952487008166,0.0002787068004459309,0,mix
2.1767699999909382,1640.0,1321.0,1.2405446293494704,11.0,14.0,95808,41932,161172,0,0,11,3.027169118440619,False,0.0003711952487008166,0.0002787068004459309,0,mix
2.21298100000422,1715.0,5088.0,0.33700137551581844,13.0,16.0,95808,67117,161172,0,0,11,3.027169118440619,False,0.0003711952487008166,0.0002787068004459309,0,mix
2.273027000002912,1640.0,1322.0,1.2396069538926682,11.0,14.0,95808,41932,161172,0,0,11,3.027169118440619,False,0.0003711952487008166,0.0002787068004459309,0,mix
2.211244000005536,1640.0,1324.0,1.2377358490566037,12.0,14.0,95808,41932,161172,0,0,11,3.027169118440619,False,0.0003711952487008166,0.0002787068004459309,0,mix
2.271663999999873,1640.0,1322.0,1.2396069538926682,12.0,14.0,95808,41932,161172,0,0,11,3.027169118440619,False,0.0003711952487008166,0.0002787068004459309,0,mix
2.10240899999917,1288.0,632.0,2.0347551342812005,12.0,16.0,108488,86241,161172,0,0,17,3.734521664779752,False,0.07142857142857142,0.25,0,mix
1.982370999990962,13096.0,2888.0,4.533056420906888,23.0,27.0,95808,41932,161172,0,0,11,3.027169118440619,False,0.0003711952487008166,0.0002787068004459309,0,mix
5.042321000000811,775.0,4761.0,0.1627467450650987,9.0,9.0,95808,30502,161172,0,0,15,3.189898095464287,False,0.041666666666666664,0.0002787068004459309,0,mix
5.023874999998952,739.0,4072.0,0.1814387429413209,9.0,9.0,95808,203200,40599,0,0,14,2.8423709931771093,False,0.05263157894736842,0.0002787068004459309,0,mix
5.032783000002382,775.0,3584.0,0.21617852161785217,9.0,9.0,95808,220620,161172,0,0,27,3.624171760941958,False,0.05,0.0002787068004459309,0,mix
2.39934699999867,1640.0,1324.0,1.2377358490566037,11.0,14.0,95808,41932,161172,0,0,11,3.027169118440619,False,0.0003711952487008166,0.0002787068004459309,0,mix
0.9639660000102592,3617.0,2506.0,1.4427602712405265,12.0,15.0,241151,175548,40599,0,0,15,3.0565647621309537,False,0.004608294930875576,0.005208333333333333,0,mix
2.421392999996897,1640.0,1325.0,1.2368024132730016,11.0,14.0,95808,41932,161172,0,0,11,3.027169118440619,False,0.0003711952487008166,0.0002787068004459309,0,mix
8.03062800000771,775.0,3049.0,0.2540983606557377,9.0,8.0,95808,30502,161172,0,0,27,3.8100810205217313,False,0.07142857142857142,0.0002787068004459309,0,mix
2.47020500000508,1640.0,1322.0,1.2396069538926682,12.0,14.0,95808,41932,161172,0,0,11,3.027169118440619,False,0.0003711952487008166,0.0002787068004459309,0,mix
2.465432999990298,1640.0,1325.0,1.2368024132730016,12.0,14.0,95808,41932,161172,0,0,11,3.027169118440619,False,0.0003711952487008166,0.0002787068004459309,0,mix
2.504178000002866,1640.0,1323.0,1.2386706948640482,12.0,14.0,95808,41932,161172,0,0,11,3.027169118440619,False,0.0003711952487008166,0.0002787068004459309,0,mix
2.549773999999161,1640.0,1325.0,1.2368024132730016,11.0,14.0,95808,41932,161172,0,0,11,3.027169118440619,False,0.0003711952487008166,0.0002787068004459309,0,mix
2.556698999993386,1640.0,1323.0,1.2386706948640482,12.0,14.0,95808,41932,161172,0,0,11,3.027169118440619,False,0.0003711952487008166,0.0002787068004459309,0,mix
2.618577999994158,1640.0,1325.0,1.2368024132730016,11.0,14.0,95808,41932,161172,0,0,11,3.027169118440619,False,0.0003711952487008166,0.0002787068004459309,0,mix
2.639478999990388,1640.0,1323.0,1.2386706948640482,11.0,14.0,95808,41932,161172,0,0,11,3.027169118440619,False,0.0003711952487008166,0.0002787068004459309,0,mix
2.644014999998035,1760.0,2611.0,0.6738131699846861,13.0,16.0,95808,41932,161172,0,0,11,3.027169118440619,False,0.0003711952487008166,0.0002787068004459309,0,mix
2.693093000008957,1640.0,1322.0,1.2396069538926682,12.0,14.0,95808,41932,161172,0,0,11,3.027169118440619,False,0.0003711952487008166,0.0002787068004459309,0,mix
2.725311000001966,1640.0,1321.0,1.2405446293494704,11.0,14.0,95808,41932,161172,0,0,11,3.027169118440619,False,0.0003711952487008166,0.0002787068004459309,0,mix
2.723134999992908,1640.0,1321.0,1.2405446293494704,11.0,14.0,95808,41932,161172,0,0,11,3.027169118440619,False,0.0003711952487008166,0.0002787068004459309,0,mix
2.787408999996842,1640.0,1323.0,1.2386706948640482,12.0,14.0,95808,41932,161172,0,0,11,3.027169118440619,False,0.0003711952487008166,0.0002787068004459309,0,mix
2.8222859999950742,1640.0,1320.0,1.2414837244511734,11.0,14.0,95808,41932,161172,0,0,11,3.027169118440619,False,0.0003711952487008166,0.0002787068004459309,0,mix
1.425564000004669,3396.0,20346.0,0.16690421192313362,15.0,29.0,241151,175548,40599,0,0,15,3.0565647621309537,False,0.004608294930875576,0.005208333333333333,0,mix
2.857344999996712,1640.0,1322.0,1.2396069538926682,11.0,14.0,95808,41932,161172,0,0,11,3.027169118440619,False,0.0003711952487008166,0.0002787068004459309,0,mix
2.884948999999324,1640.0,1322.0,1.2396069538926682,11.0,14.0,95808,41932,161172,0,0,11,3.027169118440619,False,0.0003711952487008166,0.0002787068004459309,0,mix
2.893049999998766,1640.0,1325.0,1.2368024132730016,11.0,14.0,95808,41932,161172,0,0,11,3.027169118440619,False,0.0003711952487008166,0.0002787068004459309,0,mix
2.941491000005044,1640.0,1323.0,1.2386706948640482,11.0,14.0,95808,41932,161172,0,0,11,3.027169118440619,False,0.0003711952487008166,0.0002787068004459309,0,mix
2.981408000006922,1760.0,2611.0,0.6738131699846861,13.0,16.0,95808,41932,161172,0,0,11,3.027169118440619,False,0.0003711952487008166,0.0002787068004459309,0,mix
3.006340000007185,1640.0,1323.0,1.2386706948640482,11.0,14.0,95808,41932,161172,0,0,11,3.027169118440619,False,0.0003711952487008166,0.0002787068004459309,0,mix
0.5983969999942921,3259.0,2439.0,1.335655737704918,13.0,16.0,241151,175548,40599,0,0,15,3.0565647621309537,False,0.004608294930875576,0.005208333333333333,0,mix
3.048645000002579,1640.0,1324.0,1.2377358490566037,11.0,14.0,95808,41932,161172,0,0,11,3.027169118440619,False,0.0003711952487008166,0.0002787068004459309,0,mix
3.074688000007882,1640.0,1322.0,1.2396069538926682,11.0,14.0,95808,41932,161172,0,0,11,3.027169118440619,False,0.0003711952487008166,0.0002787068004459309,0,mix
3.132044999991194,1640.0,1324.0,1.2377358490566037,11.0,14.0,95808,41932,161172,0,0,11,3.027169118440619,False,0.0003711952487008166,0.0002787068004459309,0,mix
3.153179000000818,1640.0,1322.0,1.2396069538926682,11.0,14.0,95808,41932,161172,0,0,11,3.027169118440619,False,0.0003711952487008166,0.0002787068004459309,0,mix
3.168986999997287,1640.0,1326.0,1.2358703843255463,11.0,14.0,95808,41932,161172,0,0,11,3.027169118440619,False,0.0003711952487008166,0.0002787068004459309,0,mix
3.233159999988856,1640.0,1323.0,1.2386706948640482,12.0,14.0,95808,41932,161172,0,0,11,3.027169118440619,False,0.0003711952487008166,0.0002787068004459309,0,mix
3.253261999998358,1640.0,1325.0,1.2368024132730016,11.0,14.0,95808,41932,161172,0,0,11,3.027169118440619,False,0.0003711952487008166,0.0002787068004459309,0,mix
3.241147000007913,1640.0,1323.0,1.2386706948640482,11.0,14.0,95808,41932,161172,0,0,11,3.027169118440619,False,0.0003711952487008166,0.0002787068004459309,0,mix
3.301696999988053,13098.0,2716.0,4.820758189179242,23.0,26.0,95808,41932,161172,0,0,11,3.027169118440619,False,0.0003711952487008166,0.0002787068004459309,0,mix
3.336867999998503,1640.0,1322.0,1.2396069538926682,12.0,14.0,95808,41932,161172,0,0,11,3.027169118440619,False,0.0003711952487008166,0.0002787068004459309,0,mix
3.353818999996292,1640.0,1322.0,1.2396069538926682,11.0,14.0,95808,41932,161172,0,0,11,3.027169118440619,False,0.0003711952487008166,0.0002787068004459309,0,mix
3.398042000000714,1640.0,1322.0,1.2396069538926682,11.0,14.0,95808,41932,161172,0,0,11,3.027169118440619,False,0.0003711952487008166,0.0002787068004459309,0,mix
3.436153000002377,1640.0,1323.0,1.2386706948640482,11.0,14.0,95808,41932,161172,0,0,11,3.027169118440619,False,0.0003711952487008166,0.0002787068004459309,0,mix
3.426678999996512,1640.0,1320.0,1.2414837244511734,11.0,14.0,95808,41932,161172,0,0,11,3.027169118440619,False,0.0003711952487008166,0.0002787068004459309,0,mix
3.488844999999855,1640.0,1323.0,1.2386706948640482,12.0,14.0,95808,41932,161172,0,0,11,3.027169118440619,False,0.0003711952487008166,0.0002787068004459309,0,mix
3.513279999999213,1640.0,1323.0,1.2386706948640482,11.0,14.0,95808,41932,161172,0,0,11,3.027169118440619,False,0.0003711952487008166,0.0002787068004459309,0,mix
3.535938000000897,1640.0,1325.0,1.2368024132730016,11.0,14.0,95808,41932,161172,0,0,11,3.027169118440619,False,0.0003711952487008166,0.0002787068004459309,0,mix
3.5856199999980163,1640.0,1323.0,1.2386706948640482,11.0,14.0,95808,41932,161172,0,0,11,3.027169118440619,False,0.0003711952487008166,0.0002787068004459309,0,mix
3.60729299999366,1760.0,2573.0,0.6837606837606838,13.0,16.0,95808,41932,161172,0,0,11,3.027169118440619,False,0.0003711952487008166,0.0002787068004459309,0,mix
3.518974999999045,1640.0,1322.0,1.2396069538926682,11.0,14.0,95808,41932,161172,0,0,11,3.027169118440619,False,0.0003711952487008166,0.0002787068004459309,0,mix
10.224709000001894,3352.0,3005.0,1.115103127079175,12.0,16.0,241151,175548,40599,0,0,15,3.0565647621309537,False,0.004608294930875576,0.005208333333333333,0,mix
3.676362999991397,1640.0,1324.0,1.2377358490566037,11.0,14.0,95808,41932,161172,0,0,11,3.027169118440619,False,0.0003711952487008166,0.0002787068004459309,0,mix
3.715389999997569,1640.0,1322.0,1.2396069538926682,12.0,14.0,95808,41932,161172,0,0,11,3.027169118440619,False,0.0003711952487008166,0.0002787068004459309,0,mix
3.727448000005097,1640.0,1325.0,1.2368024132730016,12.0,14.0,95808,41932,161172,0,0,11,3.027169118440619,False,0.0003711952487008166,0.0002787068004459309,0,mix
3.773728999993182,1640.0,1324.0,1.2377358490566037,12.0,14.0,95808,41932,161172,0,0,11,3.027169118440619,False,0.0003711952487008166,0.0002787068004459309,0,mix
3.794677999991108,1640.0,1324.0,1.2377358490566037,11.0,14.0,95808,41932,161172,0,0,11,3.027169118440619,False,0.0003711952487008166,0.0002787068004459309,0,mix
3.808570999986841,1640.0,1322.0,1.2396069538926682,11.0,14.0,95808,41932,161172,0,0,11,3.027169118440619,False,0.0003711952487008166,0.0002787068004459309,0,mix
3.854965000005904,1640.0,1324.0,1.2377358490566037,11.0,14.0,95808,41932,161172,0,0,11,3.027169118440619,False,0.0003711952487008166,0.0002787068004459309,0,mix
3.893350999991526,1640.0,1321.0,1.2405446293494704,11.0,14.0,95808,41932,161172,0,0,11,3.027169118440619,False,0.0003711952487008166,0.0002787068004459309,0,mix
3.88528899999801,1760.0,2574.0,0.683495145631068,13.0,16.0,95808,41932,161172,0,0,11,3.027169118440619,False,0.0003711952487008166,0.0002787068004459309,0,mix
13.213818000003812,23781.0,87460.0,0.2719040486616892,67.0,118.0,95808,41932,161172,0,0,11,3.027169118440619,False,0.0003711952487008166,0.0002787068004459309,0,mix
3.15961000000243,1194.0,32997.0,0.03618401115219104,17.0,45.0,95808,72598,161172,0,0,13,3.3927474104487847,False,0.03225806451612903,0.0002787068004459309,0,mix
10.478052999998908,2060.0,4706.0,0.43764605906097304,14.0,18.0,95808,67117,161172,0,0,23,3.6211755429194716,False,0.09090909090909091,0.0002787068004459309,0,mix
10.44800399999076,1774.0,4679.0,0.37905982905982905,14.0,19.0,95808,67117,161172,0,0,21,3.6304126608739975,False,0.06666666666666667,0.0002787068004459309,0,mix
9.875293000004604,2340.0,663924.0,0.0035244944835636557,142.0,787.0,95808,69425,161172,0,0,13,3.3927474104487847,False,0.022222222222222223,0.0002787068004459309,0,mix
7.172407000005478,1407.0,6943.0,0.20262096774193547,20.0,25.0,95808,207910,161172,0,0,13,3.3927474104487847,False,0.03225806451612903,0.0002787068004459309,0,mix
7.815855999986525,775.0,4760.0,0.16278092837639152,10.0,10.0,95808,30502,161172,0,0,15,2.973557262275185,False,0.5,0.0002787068004459309,0,mix
6.539623000004212,2054.0,573079.0,0.0035841418301109794,106.0,420.0,241151,175548,40599,0,0,15,3.0565647621309537,False,0.004608294930875576,0.005208333333333333,0,mix
0.5657970000029301,1739.0,1384.0,1.2555956678700362,12.0,14.0,95808,41932,161172,0,0,11,3.027169118440619,False,0.0003711952487008166,0.0002787068004459309,0,mix
0.9453090000024532,610.0,3009.0,0.2026578073089701,9.0,8.0,12919,224797,161172,0,0,29,3.71937582241537,False,0.08333333333333333,0.0048543689320388345,0,mix
10.544043000001691,1754.0,4582.0,0.38271874318132226,12.0,17.0,95808,41932,161172,0,0,11,3.027169118440619,False,0.0003711952487008166,0.0002787068004459309,0,mix
9.809586000003035,1132.0,9817.0,0.1152984314524343,12.0,18.0,95808,69425,161172,0,0,13,3.3927474104487847,False,0.022222222222222223,0.0002787068004459309,0,mix
10.582263000003875,1747.0,4201.0,0.4157544026653974,13.0,16.0,95808,41932,161172,0,0,11,3.027169118440619,False,0.0003711952487008166,0.0002787068004459309,0,mix
10.609774999989895,11809.0,4450.0,2.653111660301056,21.0,26.0,95808,41932,161172,0,0,11,3.027169118440619,False,0.0003711952487008166,0.0002787068004459309,0,mix
9.59777999999642,3418.0,2633.0,1.2976461655277145,12.0,16.0,241151,175548,40599,0,0,15,3.0565647621309537,False,0.004608294930875576,0.005208333333333333,0,mix
9.863379999995232,1748.0,1388.0,1.2584593232541397,12.0,14.0,95808,41932,161172,0,0,11,3.027169118440619,False,0.0003711952487008166,0.0002787068004459309,0,mix
9.672030999994604,1640.0,2291.0,0.7155322862129145,12.0,16.0,95808,41932,161172,0,0,11,3.027169118440619,False,0.0003711952487008166,0.0002787068004459309,0,mix
9.69167300000845,1748.0,4648.0,0.37599483759948377,12.0,17.0,95808,41932,161172,0,0,11,3.027169118440619,False,0.0003711952487008166,0.0002787068004459309,0,mix
9.714857999992091,1748.0,1390.0,1.2566498921639109,11.0,14.0,95808,41932,161172,0,0,11,3.027169118440619,False,0.0003711952487008166,0.0002787068004459309,0,mix
7.691711999999825,3479.0,2598.0,1.3385917660638706,12.0,15.0,241151,175548,40599,0,0,15,3.0565647621309537,False,0.004608294930875576,0.005208333333333333,0,mix
9.757819000005838,1748.0,5237.0,0.3337151584574265,13.0,18.0,95808,41932,161172,0,0,11,3.027169118440619,False,0.0003711952487008166,0.0002787068004459309,0,mix
9.788927000001422,1748.0,5595.0,0.31236597569692637,12.0,18.0,95808,41932,161172,0,0,11,3.027169118440619,False,0.0003711952487008166,0.0002787068004459309,0,mix
9.33468100000755,1268.0,229852.0,0.005516569285586875,55.0,271.0,95808,69425,161172,0,0,13,3.3927474104487847,False,0.022222222222222223,0.0002787068004459309,0,mix
9.824443000004976,1748.0,4032.0,0.43342424993801143,12.0,16.0,95808,41932,161172,0,0,11,3.027169118440619,False,0.0003711952487008166,0.0002787068004459309,0,mix
6.786441999996896,3558.0,2577.0,1.3801396431342126,12.0,15.0,241151,175548,40599,0,0,15,3.0565647621309537,False,0.004608294930875576,0.005208333333333333,0,mix
9.838984999994864,1748.0,1396.0,1.2512526843235505,11.0,14.0,95808,41932,161172,0,0,11,3.027169118440619,False,0.0003711952487008166,0.0002787068004459309,0,mix
9.861842999991495,12733.0,2425.0,5.2485572959604285,22.0,25.0,95808,41932,161172,0,0,11,3.027169118440619,False,0.0003711952487008166,0.0002787068004459309,0,mix
9.881414000003131,1748.0,5336.0,0.32752482668165633,13.0,18.0,95808,41932,161172,0,0,11,3.027169118440619,False,0.0003711952487008166,0.0002787068004459309,0,mix
9.426303000000187,1190.0,133530.0,0.008911788273883966,39.0,163.0,95808,69425,161172,0,0,13,3.3927474104487847,False,0.022222222222222223,0.0002787068004459309,0,mix
9.829017000010936,1823.0,5156.0,0.3535000969555943,12.0,16.0,95808,67117,161172,0,0,11,3.027169118440619,False,0.0003711952487008166,0.0002787068004459309,0,mix
4.881324999994831,3619.0,2661.0,1.359504132231405,12.0,15.0,241151,175548,40599,0,0,15,3.0565647621309537,False,0.004608294930875576,0.005208333333333333,0,mix
8.98553799999354,1748.0,6638.0,0.26329266455791533,12.0,18.0,95808,41932,161172,0,0,11,3.027169118440619,False,0.0003711952487008166,0.0002787068004459309,0,mix
8.455155000003288,1112.0,148719.0,0.007477138246369016,29.0,128.0,95808,69425,161172,0,0,13,3.3927474104487847,False,0.022222222222222223,0.0002787068004459309,0,mix
6.959912000005716,1748.0,5753.0,0.3037886687521724,13.0,18.0,95808,41932,161172,0,0,11,3.027169118440619,False,0.0003711952487008166,0.0002787068004459309,0,mix
6.396143000005395,1628.0,14818.0,0.10985896484243202,20.0,31.0,95808,69425,161172,0,0,13,3.3927474104487847,False,0.03225806451612903,0.0002787068004459309,0,mix
2.002137999996193,3404.0,24716.0,0.13771897884047415,17.0,31.0,241151,175548,40599,0,0,15,3.0565647621309537,False,0.004608294930875576,0.005208333333333333,0,mix
0.302243999991333,2061.0,4060.0,0.5075104654026102,9.0,10.0,73616,250421,233433,0,0,21,3.689703732199547,False,0.09090909090909091,0.07142857142857142,0,mix
7.015846000009333,1749.0,7760.0,0.22535755701584848,13.0,20.0,95808,41932,161172,0,0,11,3.027169118440619,False,0.0003711952487008166,0.0002787068004459309,0,mix
6.419915999998921,1089.0,6561.0,0.16595550137153306,12.0,17.0,95808,69425,161172,0,0,13,3.3927474104487847,False,0.03225806451612903,0.0002787068004459309,0,mix
6.430884999994305,1288.0,136723.0,0.009420438255171002,31.0,133.0,95808,69425,161172,0,0,13,3.3927474104487847,False,0.022222222222222223,0.0002787068004459309,0,mix
4.059399999998277,3200.0,4905.0,0.6522625356706074,13.0,16.0,95808,203200,40599,0,0,15,3.0565647621309537,False,0.004608294930875576,0.0002787068004459309,0,mix
3.440278000009129,775.0,4758.0,0.1628493380962387,10.0,10.0,95808,30502,161172,0,0,15,3.189898095464287,False,0.041666666666666664,0.0002787068004459309,0,mix
3.439133000007132,775.0,3584.0,0.21617852161785217,9.0,9.0,95808,220620,161172,0,0,27,3.624171760941958,False,0.05,0.0002787068004459309,0,mix
3.425144000008004,775.0,3723.0,0.208109559613319,9.0,9.0,95808,30502,161172,0,0,14,2.8423709931771093,False,0.05263157894736842,0.0002787068004459309,0,mix
3.430355999997118,775.0,3583.0,0.21623883928571427,9.0,10.0,95808,220620,161172,0,0,31,3.434215165910625,False,0.14285714285714285,0.0002787068004459309,0,mix
3.439140999995288,1542.0,3682.0,0.4186804235677437,14.0,16.0,95808,203200,40599,0,0,14,2.8423709931771093,False,0.05263157894736842,0.0002787068004459309,0,mix
59.78485700000601,8905.0,13884.0,0.6413395750810227,59.0,87.0,95808,220620,161172,0,0,31,3.434215165910625,False,0.14285714285714285,0.0002787068004459309,0,mix
2.246040000012726,775.0,3583.0,0.21623883928571427,8.0,10.0,95808,220620,161172,0,0,27,3.624171760941958,False,0.05,0.0002787068004459309,0,mix
11.260465999992448,1964.0,6647.0,0.2954271961492178,24.0,30.0,95808,30502,161172,0,0,15,3.189898095464287,False,0.041666666666666664,0.0002787068004459309,0,mix
10.97753499999817,775.0,3583.0,0.21623883928571427,8.0,9.0,95808,220620,161172,0,0,27,3.624171760941958,False,0.05,0.0002787068004459309,0,mix
10.968513999992863,775.0,4759.0,0.16281512605042017,10.0,10.0,95808,30502,161172,0,0,15,3.189898095464287,False,0.041666666666666664,0.0002787068004459309,0,mix
10.919072999997296,775.0,4760.0,0.16278092837639152,9.0,9.0,95808,30502,161172,0,0,15,3.189898095464287,False,0.041666666666666664,0.0002787068004459309,0,mix
10.920140999995056,775.0,4760.0,0.16278092837639152,10.0,11.0,95808,30502,161172,0,0,15,3.189898095464287,False,0.041666666666666664,0.0002787068004459309,0,mix
10.920954000001077,775.0,4761.0,0.1627467450650987,9.0,10.0,95808,30502,161172,0,0,15,3.189898095464287,False,0.041666666666666664,0.0002787068004459309,0,mix
10.921566999997594,775.0,4759.0,0.16281512605042017,10.0,11.0,95808,30502,161172,0,0,15,3.189898095464287,False,0.041666666666666664,0.0002787068004459309,0,mix
3.8802450000075615,1276.0,5298.0,0.24080015097188148,12.0,17.0,95808,30502,161172,0,0,15,3.189898095464287,False,0.041666666666666664,0.0002787068004459309,0,mix
2.448455999998259,1474.0,5539.0,0.2660649819494585,17.0,21.0,95808,30502,161172,0,0,15,3.189898095464287,False,0.041666666666666664,0.0002787068004459309,0,mix
0.8996929999993881,739.0,677886.0,0.0010901521935071773,9.0,8.0,95808,203200,40599,0,0,14,2.8423709931771093,False,0.05263157894736842,0.0002787068004459309,0,mix
0.181956000000354,610.0,485886.0,0.0012554359346926343,9.0,10.0,12919,187119,161172,0,0,17,3.1018812234760182,False,0.3333333333333333,0.0048543689320388345,0,mix
712.9313090000069,2685.0,3610.0,0.7435613403489338,42.0,48.0,84741,174253,161172,0,0,31,3.434215165910625,False,0.14285714285714285,0.05555555555555555,0,mix
2.047014999989187,2603.0,4533.0,0.5741067490074989,14.0,17.0,95808,220620,161172,0,0,27,3.624171760941958,False,0.05,0.0002787068004459309,0,mix
686.4490450000012,2902.0,6847.0,0.4237733644859813,44.0,51.0,95808,220620,161172,0,0,27,3.624171760941958,False,0.05,0.0002787068004459309,0,mix
6.163352999996277,1275.0,5297.0,0.2406568516421291,14.0,18.0,95808,30502,161172,0,0,15,3.189898095464287,False,0.041666666666666664,0.0002787068004459309,0,mix
5.17745499999728,1281.0,767.0,1.66796875,11.0,15.0,84741,169718,161172,0,0,15,3.189898095464287,False,0.041666666666666664,0.05555555555555555,0,mix
1.206157000007806,1281.0,767.0,1.66796875,11.0,14.0,84741,169718,161172,0,0,15,3.189898095464287,False,0.041666666666666664,0.05555555555555555,0,mix
8.208442999995896,1281.0,766.0,1.6701434159061277,11.0,15.0,84741,169718,161172,0,0,15,3.189898095464287,False,0.041666666666666664,0.05555555555555555,0,mix
3.25403899999219,1280.0,767.0,1.6666666666666667,11.0,14.0,84741,169718,161172,0,0,15,3.189898095464287,False,0.041666666666666664,0.05555555555555555,0,mix
3.265333000003011,1281.0,766.0,1.6701434159061277,11.0,13.0,84741,169718,161172,0,0,15,3.189898095464287,False,0.041666666666666664,0.05555555555555555,0,mix
3.339334999996936,3318.0,2799.0,1.185,13.0,16.0,241151,175548,40599,0,0,15,3.0565647621309537,False,0.004608294930875576,0.005208333333333333,0,mix
1.8544350000011032,610.0,3008.0,0.20272515785975406,9.0,8.0,12919,224797,161172,0,0,29,3.71937582241537,False,0.08333333333333333,0.0048543689320388345,0,mix
1.579998999994131,3357.0,5068.0,0.6622608009469323,14.0,17.0,95808,203200,40599,0,0,15,3.0565647621309537,False,0.004608294930875576,0.0002787068004459309,0,mix
4.918290000001434,775.0,3050.0,0.25401507702392656,9.0,8.0,95808,30502,161172,0,0,27,3.8100810205217313,False,0.07142857142857142,0.0002787068004459309,0,mix
1.62732600000163,1640.0,2296.0,0.7139747496734872,12.0,15.0,95808,41932,161172,0,0,11,3.027169118440619,False,0.0003711952487008166,0.0002787068004459309,0,mix
4.581063000005088,1321.0,3731.0,0.35396570203644157,14.0,18.0,12919,187119,161172,0,0,17,3.734521664779752,False,0.07142857142857142,0.0048543689320388345,0,mix
10.795553999996628,3417.0,5175.0,0.6601622874806801,14.0,17.0,95808,203200,40599,0,0,15,3.0565647621309537,False,0.004608294930875576,0.0002787068004459309,0,mix
6.68482199999562,780.0,229.0,3.391304347826087,8.0,7.0,84741,169718,161172,0,0,15,3.189898095464287,False,0.041666666666666664,0.05555555555555555,0,mix
6.019459999995888,739.0,2988.0,0.24723987955838073,9.0,8.0,95808,203200,40599,0,0,14,2.8423709931771093,False,0.05263157894736842,0.0002787068004459309,0,mix
10.000990000000456,3496.0,5166.0,0.6766015095800271,15.0,18.0,95808,203200,40599,0,0,15,3.0565647621309537,False,0.004608294930875576,0.0002787068004459309,0,mix
2.518650000012712,610.0,3009.0,0.2026578073089701,9.0,8.0,12919,224797,161172,0,0,29,3.71937582241537,False,0.08333333333333333,0.0048543689320388345,0,mix
9.27564499998698,3626.0,2717.0,1.3340691685062547,12.0,15.0,241151,175548,40599,0,0,15,3.0565647621309537,False,0.004608294930875576,0.005208333333333333,0,mix
9.515819000007468,775.0,3050.0,0.25401507702392656,8.0,7.0,95808,30502,161172,0,0,27,3.8100810205217313,False,0.07142857142857142,0.0002787068004459309,0,mix
2.45411299999978,3409.0,24308.0,0.1402361265374964,20.0,35.0,241151,175548,40599,0,0,15,3.0565647621309537,False,0.004608294930875576,0.005208333333333333,0,mix
8.469581000012113,3257.0,2655.0,1.2262801204819278,15.0,18.0,241151,175548,40599,0,0,15,3.0565647621309537,False,0.004608294930875576,0.005208333333333333,0,mix
1.240495999998529,2041.0,3932.0,0.5189422832443428,14.0,17.0,12919,203200,40599,0,0,15,3.0565647621309537,False,0.004608294930875576,0.0048543689320388345,0,mix
4.604975999987801,11750.0,6218.0,1.8893712815565202,22.0,26.0,95808,67117,161172,0,0,11,3.027169118440619,False,0.0003711952487008166,0.0002787068004459309,0,mix
6.7285310000006575,3318.0,3118.0,1.063802500801539,14.0,17.0,241151,175548,40599,0,0,15,3.0565647621309537,False,0.004608294930875576,0.005208333333333333,0,mix
5.967416000014055,3398.0,2556.0,1.328901055924912,14.0,17.0,241151,175548,40599,0,0,15,3.0565647621309537,False,0.004608294930875576,0.005208333333333333,0,mix
5.205361999993329,3459.0,2620.0,1.3197252956886685,13.0,17.0,241151,175548,40599,0,0,15,3.0565647621309537,False,0.004608294930875576,0.005208333333333333,0,mix
4.454091999999946,3537.0,2564.0,1.3789473684210527,13.0,15.0,241151,175548,40599,0,0,15,3.0565647621309537,False,0.004608294930875576,0.005208333333333333,0,mix
5.532788999989862,1639.0,2310.0,0.7092167892687148,12.0,15.0,95808,41932,161172,0,0,11,3.027169118440619,False,0.0003711952487008166,0.0002787068004459309,0,mix
2.660427000009804,3599.0,2606.0,1.3805140007671652,14.0,17.0,241151,175548,40599,0,0,15,3.0565647621309537,False,0.004608294930875576,0.005208333333333333,0,mix
2.832504999998492,3367.0,24131.0,0.13952428310956405,19.0,32.0,241151,175548,40599,0,0,15,3.0565647621309537,False,0.004608294930875576,0.005208333333333333,0,mix
1.8994719999900551,3274.0,2557.0,1.2799061767005473,14.0,17.0,241151,175548,40599,0,0,15,3.0565647621309537,False,0.004608294930875576,0.005208333333333333,0,mix
1.119340999997803,3336.0,2535.0,1.3154574132492114,14.0,17.0,241151,175548,40599,0,0,15,3.0565647621309537,False,0.004608294930875576,0.005208333333333333,0,mix
9.388123999990055,3414.0,2886.0,1.1825424315898856,13.0,16.0,241151,175548,40599,0,0,15,3.0565647621309537,False,0.004608294930875576,0.005208333333333333,0,mix
6.474096000005375,1714.0,6079.0,0.2819078947368421,13.0,17.0,95808,67117,161172,0,0,11,3.027169118440619,False,0.0003711952487008166,0.0002787068004459309,0,mix
8.86076100000355,3474.0,2585.0,1.3433874709976799,13.0,16.0,241151,175548,40599,0,0,15,3.0565647621309537,False,0.004608294930875576,0.005208333333333333,0,mix
7.6304719999898225,739.0,2987.0,0.24732262382864792,9.0,8.0,95808,203200,40599,0,0,14,2.8423709931771093,False,0.05263157894736842,0.0002787068004459309,0,mix
7.628692999991472,775.0,3584.0,0.21617852161785217,9.0,9.0,95808,220620,161172,0,0,27,3.624171760941958,False,0.05,0.0002787068004459309,0,mix
7.645785000000615,775.0,4761.0,0.1627467450650987,9.0,9.0,95808,30502,161172,0,0,15,3.189898095464287,False,0.041666666666666664,0.0002787068004459309,0,mix
7.646078999998281,775.0,3584.0,0.21617852161785217,9.0,9.0,95808,220620,161172,0,0,31,3.434215165910625,False,0.14285714285714285,0.0002787068004459309,0,mix
6.770590000000084,3553.0,2454.0,1.4472505091649694,12.0,14.0,241151,175548,40599,0,0,15,3.0565647621309537,False,0.004608294930875576,0.005208333333333333,0,mix
0.176062000013189,739.0,4070.0,0.18152788012773274,8.0,9.0,95808,203200,40599,0,0,14,2.8423709931771093,False,0.05263157894736842,0.0002787068004459309,0,mix
3.418741000001318,1541.0,4766.0,0.32326410740507655,12.0,16.0,95808,203200,40599,0,0,14,2.8423709931771093,False,0.05263157894736842,0.0002787068004459309,0,mix
5.432741000011447,610.0,3008.0,0.20272515785975406,9.0,8.0,12919,224797,161172,0,0,29,3.71937582241537,False,0.08333333333333333,0.0048543689320388345,0,mix
6.096940000003087,3630.0,2651.0,1.3687782805429864,12.0,15.0,241151,175548,40599,0,0,15,3.0565647621309537,False,0.004608294930875576,0.005208333333333333,0,mix
1.080344000001787,775.0,3048.0,0.25418169891767795,8.0,7.0,95808,30502,161172,0,0,27,3.8100810205217313,False,0.07142857142857142,0.0002787068004459309,0,mix
3.20744700000796,3410.0,25317.0,0.13468678410616952,20.0,36.0,241151,175548,40599,0,0,15,3.0565647621309537,False,0.004608294930875576,0.005208333333333333,0,mix
5.259070000000065,3276.0,2626.0,1.2470498667681766,12.0,15.0,241151,175548,40599,0,0,15,3.0565647621309537,False,0.004608294930875576,0.005208333333333333,0,mix
10.341461999996682,12973.0,2419.0,5.360743801652893,22.0,25.0,95808,41932,161172,0,0,11,3.027169118440619,False,0.0003711952487008166,0.0002787068004459309,0,mix
4.315879000001587,3336.0,2369.0,1.4075949367088607,13.0,17.0,241151,175548,40599,0,0,15,3.0565647621309537,False,0.004608294930875576,0.005208333333333333,0,mix
2.433575000002747,3398.0,2994.0,1.1345575959933223,12.0,16.0,241151,175548,40599,0,0,15,3.0565647621309537,False,0.004608294930875576,0.005208333333333333,0,mix
0.961928000004263,795.0,762.0,1.0419397116644824,8.0,7.0,241151,175548,40599,0,0,14,2.8423709931771093,False,0.05263157894736842,0.005208333333333333,0,mix
0.966884000008576,775.0,3584.0,0.21617852161785217,8.0,9.0,95808,220620,161172,0,0,27,3.624171760941958,False,0.05,0.0002787068004459309,0,mix
0.9616489999898472,775.0,3584.0,0.21617852161785217,8.0,9.0,95808,220620,161172,0,0,31,3.434215165910625,False,0.14285714285714285,0.0002787068004459309,0,mix
0.965247999993152,775.0,4760.0,0.16278092837639152,10.0,11.0,95808,30502,161172,0,0,15,3.189898095464287,False,0.041666666666666664,0.0002787068004459309,0,mix
8.352987999998732,775.0,3047.0,0.25426509186351703,9.0,9.0,95808,30502,161172,0,0,27,3.8100810205217313,False,0.07142857142857142,0.0002787068004459309,0,mix
1.705368000009912,3491.0,2640.0,1.3218477849299508,14.0,17.0,241151,175548,40599,0,0,15,3.0565647621309537,False,0.004608294930875576,0.005208333333333333,0,mix
1.393049000005703,1400.0,4423.0,0.31645569620253167,14.0,17.0,12919,255817,161172,0,0,24,3.6887218755408675,False,0.5,0.0048543689320388345,0,mix
9.929716000013286,3565.0,2791.0,1.276862464183381,14.0,18.0,241151,175548,40599,0,0,15,3.0565647621309537,False,0.004608294930875576,0.005208333333333333,0,mix
6.48025300000154,610.0,3008.0,0.20272515785975406,9.0,8.0,12919,224797,161172,0,0,29,3.71937582241537,False,0.08333333333333333,0.0048543689320388345,0,mix
9.111095000000203,1714.0,6079.0,0.2819078947368421,13.0,17.0,95808,67117,161172,0,0,11,3.027169118440619,False,0.0003711952487008166,0.0002787068004459309,0,mix
9.225678000002516,3644.0,2786.0,1.3074991029781127,15.0,18.0,241151,175548,40599,0,0,15,3.0565647621309537,False,0.004608294930875576,0.005208333333333333,0,mix
3.371033000003081,3411.0,24745.0,0.13784045906409118,18.0,35.0,241151,175548,40599,0,0,15,3.0565647621309537,False,0.004608294930875576,0.005208333333333333,0,mix
7.471100000009756,3259.0,2654.0,1.2274952919020716,14.0,17.0,241151,175548,40599,0,0,15,3.0565647621309537,False,0.004608294930875576,0.005208333333333333,0,mix
5.696641999995336,3336.0,2527.0,1.3196202531645569,14.0,17.0,241151,175548,40599,0,0,15,3.0565647621309537,False,0.004608294930875576,0.005208333333333333,0,mix
3.919001000002026,3401.0,2519.0,1.3496031746031747,14.0,18.0,241151,175548,40599,0,0,15,3.0565647621309537,False,0.004608294930875576,0.005208333333333333,0,mix
10.095221999989008,1639.0,2327.0,0.7040378006872853,12.0,15.0,95808,41932,161172,0,0,11,3.027169118440619,False,0.0003711952487008166,0.0002787068004459309,0,mix
3.172049000000697,3475.0,3162.0,1.0986405311413214,15.0,18.0,241151,175548,40599,0,0,15,3.0565647621309537,False,0.004608294930875576,0.005208333333333333,0,mix
2.4307879999978472,3540.0,2477.0,1.4285714285714286,14.0,18.0,241151,175548,40599,0,0,15,3.0565647621309537,False,0.004608294930875576,0.005208333333333333,0,mix
0.257772999990265,2045.0,4059.0,0.5036945812807881,9.0,10.0,73616,250421,233433,0,0,21,3.689703732199547,False,0.09090909090909091,0.07142857142857142,0,mix
1.642070000001695,3622.0,2525.0,1.4338875692794932,14.0,17.0,241151,175548,40599,0,0,15,3.0565647621309537,False,0.004608294930875576,0.005208333333333333,0,mix
3.810986000011326,3387.0,25099.0,0.1349402390438247,22.0,36.0,241151,175548,40599,0,0,15,3.0565647621309537,False,0.004608294930875576,0.005208333333333333,0,mix
9.902190000007977,3263.0,2645.0,1.2331821617535903,13.0,17.0,241151,175548,40599,0,0,15,3.0565647621309537,False,0.004608294930875576,0.005208333333333333,0,mix
0.34758599998895,1398.0,4422.0,0.31607506217499437,14.0,17.0,12919,255817,161172,0,0,24,3.6887218755408675,False,0.5,0.0048543689320388345,0,mix
0.993871999991824,13110.0,6211.0,2.110431423052157,23.0,27.0,95808,67117,161172,0,0,11,3.027169118440619,False,0.0003711952487008166,0.0002787068004459309,0,mix
9.145810999994865,3340.0,2617.0,1.2757830404889228,12.0,15.0,241151,175548,40599,0,0,15,3.0565647621309537,False,0.004608294930875576,0.005208333333333333,0,mix
2.4925600000133272,3345.0,5450.0,0.6136488717666483,15.0,18.0,95808,203200,40599,0,0,15,3.0565647621309537,False,0.004608294930875576,0.0002787068004459309,0,mix
1.5601580000075042,3423.0,5231.0,0.654243119266055,15.0,17.0,95808,203200,40599,0,0,15,3.0565647621309537,False,0.004608294930875576,0.0002787068004459309,0,mix
1.5888209999829992,1714.0,6079.0,0.2819078947368421,13.0,17.0,95808,67117,161172,0,0,11,3.027169118440619,False,0.0003711952487008166,0.0002787068004459309,0,mix
10.806428000010785,12913.0,29238.0,0.44163617086767676,37.0,55.0,95808,67117,161172,0,0,11,3.027169118440619,False,0.0003711952487008166,0.0002787068004459309,0,mix
8.471159000007901,1808.0,4478.0,0.4036615315918732,12.0,16.0,95808,67117,161172,0,0,23,3.6211755429194716,False,0.09090909090909091,0.0002787068004459309,0,mix
8.40214299998479,1665.0,4428.0,0.375931361481147,12.0,16.0,95808,67117,161172,0,0,21,3.6304126608739975,False,0.06666666666666667,0.0002787068004459309,0,mix
7.657170999998925,1044.0,7231.0,0.144358407079646,13.0,19.0,95808,63686,161172,0,0,13,3.3927474104487847,False,0.022222222222222223,0.0002787068004459309,0,mix
6.874986000009812,8092.0,14109.0,0.5734939759036145,41.0,59.0,95808,203200,40599,0,0,15,3.0565647621309537,False,0.004608294930875576,0.0002787068004459309,0,mix
5.797386999998707,1736.0,5415.0,0.3205317577548006,14.0,19.0,95808,30502,161172,0,0,15,3.189898095464287,False,0.3333333333333333,0.0002787068004459309,0,mix
5.75580899999477,775.0,4761.0,0.1627467450650987,10.0,11.0,95808,30502,161172,0,0,15,3.189898095464287,False,0.3333333333333333,0.0002787068004459309,0,mix
3.6820370000205,1318.0,8423.0,0.15645773979107314,14.0,20.0,95808,30502,161172,0,0,26,3.9790978911348036,False,0.16666666666666666,0.0002787068004459309,0,mix
3.663300999993225,1319.0,8017.0,0.16450486405587428,15.0,20.0,95808,30502,161172,0,0,26,3.9790978911348036,False,0.16666666666666666,0.0002787068004459309,0,mix
3.62131399998907,775.0,4761.0,0.1627467450650987,9.0,10.0,95808,30502,161172,0,0,26,3.9790978911348036,False,1.0,0.0002787068004459309,0,mix
3.661958000011509,1793.0,23361.0,0.07674856604742744,24.0,36.0,95808,30502,161172,0,0,26,3.9790978911348036,False,1.0,0.0002787068004459309,0,mix
2.8462350000045262,791.0,229.0,3.4391304347826086,8.0,7.0,84741,169718,161172,0,0,26,3.9790978911348036,False,0.16666666666666666,0.05555555555555555,0,mix
2.850558999984059,791.0,229.0,3.4391304347826086,7.0,6.0,84741,169718,161172,0,0,26,3.9790978911348036,False,0.16666666666666666,0.05555555555555555,0,mix
2.8551489999808832,791.0,229.0,3.4391304347826086,9.0,7.0,84741,169718,161172,0,0,26,3.9790978911348036,False,0.16666666666666666,0.05555555555555555,0,mix
2.855498999997508,791.0,229.0,3.4391304347826086,8.0,6.0,84741,169718,161172,0,0,26,3.9790978911348036,False,0.16666666666666666,0.05555555555555555,0,mix
2.8579140000219923,791.0,229.0,3.4391304347826086,8.0,6.0,84741,169718,161172,0,0,26,3.9790978911348036,False,0.16666666666666666,0.05555555555555555,0,mix
0.70952400000533,775.0,4760.0,0.16278092837639152,10.0,10.0,95808,30502,161172,0,0,26,3.9790978911348036,False,0.16666666666666666,0.0002787068004459309,0,mix
0.7086699999927071,775.0,4760.0,0.16278092837639152,10.0,11.0,95808,30502,161172,0,0,26,3.9790978911348036,False,0.16666666666666666,0.0002787068004459309,0,mix
0.7109530000016091,775.0,4761.0,0.1627467450650987,8.0,9.0,95808,30502,161172,0,0,26,3.9790978911348036,False,0.16666666666666666,0.0002787068004459309,0,mix
0.7121069999993771,775.0,4759.0,0.16281512605042017,10.0,11.0,95808,30502,161172,0,0,26,3.9790978911348036,False,0.16666666666666666,0.0002787068004459309,0,mix
0.7131230000231881,775.0,4759.0,0.16281512605042017,10.0,11.0,95808,30502,161172,0,0,26,3.9790978911348036,False,0.16666666666666666,0.0002787068004459309,0,mix
4.258728999993764,1672.0,198552.0,0.008420925395234521,61.0,166.0,95808,73921,40599,0,0,16,3.1556390622295662,False,0.006060606060606061,0.0002787068004459309,0,mix
2.576083000021754,1453.0,386867.0,0.0037558030129139653,128.0,305.0,12919,73921,40599,0,0,19,3.4316235658474303,False,0.02631578947368421,0.0048543689320388345,0,mix
2.346186000009766,1271.0,9902.0,0.12834494597596688,14.0,21.0,95808,73921,40599,0,0,28,3.824862957617356,False,0.07692307692307693,0.0002787068004459309,0,mix
2.241829000005964,1280.0,16614.0,0.0770388203430635,20.0,29.0,95808,73921,40599,0,0,19,3.4316235658474303,False,0.02631578947368421,0.0002787068004459309,0,mix
2.16277799999807,1034.0,4858.0,0.21280098785758386,15.0,19.0,95808,73921,40599,0,0,12,3.0220552088742,False,0.14285714285714285,0.0002787068004459309,0,mix
0.067394999990938,581.0,3506.0,0.1656686626746507,9.0,10.0,95808,73921,40599,0,0,12,3.0220552088742,False,0.14285714285714285,0.0002787068004459309,0,mix
0.073728000017581,581.0,3505.0,0.1657159155733029,8.0,10.0,95808,73921,40599,0,0,12,3.0220552088742,False,0.14285714285714285,0.0002787068004459309,0,mix
9.80368099999032,2099.0,162193.0,0.012941292526234017,77.0,147.0,84299,114094,40599,0,0,19,3.4316235658474303,False,0.02631578947368421,0.05555555555555555,0,mix
9.0040100000042,1020.0,7101.0,0.14362151506617854,11.0,18.0,151309,114094,40599,0,0,19,3.4316235658474303,False,0.02631578947368421,0.005263157894736842,0,mix
8.865359999996144,871.0,5017.0,0.17357512953367876,12.0,16.0,12919,73921,40599,0,0,16,3.1556390622295662,False,0.006060606060606061,0.0048543689320388345,0,mix
8.376258000003872,5209.0,3314.0,1.571342383107089,18.0,20.0,151309,114094,40599,0,0,16,3.1556390622295662,False,0.006060606060606061,0.005263157894736842,0,mix
5.5308530000038445,1380.0,1438.0,0.9589993050729674,14.0,16.0,213012,175548,40599,0,0,15,3.0565647621309537,False,0.004608294930875576,0.14285714285714285,0,mix
5.464277000020957,1322.0,3730.0,0.35432859823103724,13.0,18.0,12919,187119,161172,0,0,17,3.734521664779752,False,0.07142857142857142,0.0048543689320388345,0,mix
5.642917999997735,1937.0,1612.0,1.2008679479231246,12.0,14.0,151309,114094,40599,0,0,16,3.1556390622295662,False,0.006060606060606061,0.005263157894736842,0,mix
9.452178000006825,11561.0,177015.0,0.06531048040855064,79.0,174.0,95808,73921,40599,0,0,16,3.1556390622295662,False,0.006060606060606061,0.0002787068004459309,0,mix
7.594601999997394,960.0,2787.0,0.34433285509325684,11.0,14.0,84299,114094,40599,0,0,19,3.4316235658474303,False,0.02631578947368421,0.05555555555555555,0,mix
7.526722999988124,1640.0,1783.0,0.9192825112107623,13.0,16.0,151309,114094,40599,0,0,12,3.0220552088742,False,0.14285714285714285,0.005263157894736842,0,mix
7.271890000003623,1875.0,12588.0,0.14893955040114384,18.0,27.0,151309,114094,40599,0,0,19,3.4316235658474303,False,0.02631578947368421,0.005263157894736842,0,mix
0.05574599999818,581.0,3505.0,0.1657159155733029,7.0,8.0,95808,73921,40599,0,0,21,3.5585186130489057,False,0.5,0.0002787068004459309,0,mix
6.569722999993246,581.0,3505.0,0.1657159155733029,9.0,9.0,95808,73921,40599,0,0,21,3.5585186130489057,False,0.5,0.0002787068004459309,0,mix
6.338848999992479,1467.0,4866.0,0.301417711115677,15.0,21.0,95808,73921,40599,0,0,12,2.918295834054489,False,0.25,0.0002787068004459309,0,mix
1.784335999982431,1791.0,632.0,2.829383886255924,13.0,16.0,108488,86241,161172,0,0,17,3.734521664779752,False,0.07142857142857142,0.25,0,mix
3.467096999986097,3876.0,1612.0,2.402975821450713,12.0,13.0,151309,114094,40599,0,0,16,3.1556390622295662,False,0.006060606060606061,0.005263157894736842,0,mix
6.909271000011358,20766.0,261096.0,0.07953365990417355,153.0,289.0,151309,114094,40599,0,0,16,3.1556390622295662,False,0.006060606060606061,0.005263157894736842,0,mix
6.560723000002326,1401.0,3030.0,0.46222368855163315,13.0,15.0,12919,86241,161172,0,0,29,3.9262723741395082,False,0.3333333333333333,0.0048543689320388345,0,mix
5.417411999980686,6678.0,1197711.0,0.00557563086952456,419.0,998.0,84299,114094,40599,0,0,19,3.4316235658474303,False,0.02631578947368421,0.05555555555555555,0,mix
5.008963000000222,2434.0,71791.0,0.03390349899710274,54.0,93.0,151309,114094,40599,0,0,19,3.4316235658474303,False,0.02631578947368421,0.005263157894736842,0,mix
5.003476000012597,1121.0,1536.0,0.7293428757319453,11.0,13.0,151309,114094,40599,0,0,12,3.0220552088742,False,0.14285714285714285,0.005263157894736842,0,mix
5.012109000002965,6070.0,193936.0,0.031298823844856834,117.0,209.0,151309,114094,40599,0,0,28,3.824862957617356,False,0.07692307692307693,0.005263157894736842,0,mix
2.901527999987593,581.0,3754.0,0.15472703062583223,9.0,9.0,95808,73921,40599,0,0,12,2.918295834054489,False,0.25,0.0002787068004459309,0,mix
0.793413000006694,1570.0,4994.0,0.31431431431431434,13.0,18.0,95808,73921,40599,0,0,24,3.740601562950723,False,0.1,0.0002787068004459309,0,mix
19.93624000001,80765.0,172262.0,0.4688470536331075,200.0,329.0,151309,114094,40599,0,0,16,3.1556390622295662,False,0.006060606060606061,0.005263157894736842,0,mix
9.937715000007302,4834.0,589232.0,0.008203885389990038,229.0,523.0,84299,114094,40599,0,0,19,3.4316235658474303,False,0.02631578947368421,0.05555555555555555,0,mix
158.24422399999457,27096.0,7875.0,3.440325038090401,66.0,88.0,151309,114094,40599,0,0,24,3.740601562950723,False,0.1,0.005263157894736842,0,mix
9.674620000005234,6753.0,749964.0,0.009004420206276294,247.0,619.0,151309,114094,40599,0,0,28,3.824862957617356,False,0.07692307692307693,0.005263157894736842,0,mix
9.390326000022467,1312.0,39875.0,0.03290199618818337,26.0,49.0,151309,114094,40599,0,0,19,3.4316235658474303,False,0.02631578947368421,0.005263157894736842,0,mix
1.997311000013724,1118.0,5995.0,0.18645763842561708,16.0,21.0,12919,224797,161172,0,0,26,3.671405583442497,False,1.0,0.0048543689320388345,0,mix
0.128584999998565,959.0,4067.0,0.23574237954768928,11.0,14.0,145505,63568,161172,0,0,16,3.202819531114783,False,0.2,0.25,0,mix
7.516130000003613,978.0,8016.0,0.12199076961456905,13.0,18.0,151309,114094,40599,0,0,19,3.4316235658474303,False,0.02631578947368421,0.005263157894736842,0,mix
7.366230999992695,1885.0,259163.0,0.0072733867358120725,108.0,220.0,84299,114094,40599,0,0,19,3.4316235658474303,False,0.02631578947368421,0.05555555555555555,0,mix
7.174411999993026,4302.0,6650.0,0.6468200270635994,22.0,30.0,95808,73921,40599,0,0,18,3.5724312513221195,False,0.14285714285714285,0.0002787068004459309,0,mix
7.003416000021389,3058.0,3060.0,0.9990199281280627,16.0,22.0,151309,114094,40599,0,0,18,3.5724312513221195,False,0.14285714285714285,0.005263157894736842,0,mix
10.833324999985052,3259.0,2816.0,1.156904508342208,14.0,17.0,241151,175548,40599,0,0,15,3.0565647621309537,False,0.004608294930875576,0.005208333333333333,0,mix
7.005857000011019,3205.0,3090.0,1.0368812681979942,18.0,24.0,151309,114094,40599,0,0,18,3.5724312513221195,False,0.14285714285714285,0.005263157894736842,0,mix
118.2984170000127,983.0,434.0,2.259770114942529,8.0,10.0,122863,99348,161172,0,0,16,3.202819531114783,False,0.2,1.0,0,mix
8.393596999987494,8796.0,16765.0,0.5246331862101873,33.0,45.0,151309,114094,40599,0,0,16,3.1556390622295662,False,0.006060606060606061,0.005263157894736842,0,mix
8.36742600001162,1269.0,17064.0,0.07436273073542338,22.0,34.0,84299,114094,40599,0,0,19,3.4316235658474303,False,0.02631578947368421,0.05555555555555555,0,mix
6.094582999998238,1174.0,4154.0,0.2825511432009627,14.0,17.0,151309,114094,40599,0,0,28,3.824862957617356,False,0.07692307692307693,0.005263157894736842,0,mix
6.569265999976778,7693.0,4782.0,1.6084047668827095,31.0,41.0,151309,114094,40599,0,0,16,3.1556390622295662,False,0.006060606060606061,0.005263157894736842,0,mix
6.387818999995943,944.0,1723.0,0.5475638051044084,10.0,12.0,84299,114094,40599,0,0,19,3.4316235658474303,False,0.02631578947368421,0.05555555555555555,0,mix
8.36249100000714,4530.0,2782.0,1.6277398490837227,20.0,25.0,151309,114094,40599,0,0,16,3.1556390622295662,False,0.006060606060606061,0.005263157894736842,0,mix
6.89591299998574,4667.0,2804.0,1.6638146167557932,19.0,25.0,151309,114094,40599,0,0,16,3.1556390622295662,False,0.006060606060606061,0.005263157894736842,0,mix
44.83152999999584,3445.0,1645.0,2.0929526123936815,11.0,14.0,151309,114094,40599,0,0,16,3.1556390622295662,False,0.006060606060606061,0.005263157894736842,0,mix
2.807020000007469,775.0,3583.0,0.21623883928571427,9.0,10.0,95808,220620,161172,0,0,27,3.624171760941958,False,0.05,0.0002787068004459309,0,mix
58.07164599999669,21170.0,2336.0,9.05862216516902,36.0,42.0,151309,114094,40599,0,0,24,3.740601562950723,False,0.1,0.005263157894736842,0,mix
8.487364000000525,775.0,4760.0,0.16278092837639152,10.0,11.0,95808,30502,161172,0,0,19,3.471354487013928,False,0.3333333333333333,0.0002787068004459309,0,mix
0.2676930000016,610.0,4719.0,0.1292372881355932,9.0,10.0,12919,224797,161172,0,0,19,3.4713544870139295,False,0.2,0.0048543689320388345,0,mix
6570.988415,1258.0,5196.0,0.24206272849720992,161.0,164.0,145505,63568,161172,0,0,16,3.202819531114783,False,0.2,0.25,0,mix
3.246948000014526,610.0,3543.0,0.1721218961625282,9.0,9.0,12919,187119,161172,0,0,17,3.1018812234760182,False,0.3333333333333333,0.0048543689320388345,0,mix
9.880569000000833,1825.0,5116.0,0.35665428962282586,14.0,17.0,95808,67117,161172,0,0,11,3.027169118440619,False,0.0003711952487008166,0.0002787068004459309,0,mix
2.8719490000221413,2996.0,36233.0,0.08268477120936138,24.0,40.0,241151,175548,40599,0,0,15,3.0565647621309537,False,0.004608294930875576,0.005208333333333333,0,mix
17.492746000003535,19676.0,17439.0,1.1282110091743118,77.0,112.0,151309,114094,40599,0,0,16,3.1556390622295662,False,0.006060606060606061,0.005263157894736842,0,mix
0.6292200000025331,2606.0,24279.0,0.10733113673805601,34.0,54.0,95808,73921,40599,0,0,30,3.7362434129830606,False,0.07692307692307693,0.0002787068004459309,0,mix
0.616742000012891,581.0,3380.0,0.17184265010351968,9.0,10.0,95808,73921,40599,0,0,30,3.7362434129830606,False,0.07692307692307693,0.0002787068004459309,0,mix
0.617188000003807,581.0,3380.0,0.17184265010351968,9.0,9.0,95808,73921,40599,0,0,30,3.7362434129830606,False,0.07692307692307693,0.0002787068004459309,0,mix
0.617008999979589,581.0,3380.0,0.17184265010351968,9.0,10.0,95808,73921,40599,0,0,30,3.7362434129830606,False,0.07692307692307693,0.0002787068004459309,0,mix
0.6174929999979211,581.0,3380.0,0.17184265010351968,8.0,8.0,95808,73921,40599,0,0,30,3.7362434129830606,False,0.07692307692307693,0.0002787068004459309,0,mix
0.619498999993084,581.0,3381.0,0.17179183914843288,9.0,10.0,95808,73921,40599,0,0,30,3.7362434129830606,False,0.07692307692307693,0.0002787068004459309,0,mix
6515.663008000003,163638.0,62694.0,2.6100645984528272,601.0,791.0,151309,114094,40599,0,0,24,3.740601562950723,False,0.1,0.005263157894736842,0,mix
7.569046999997226,2092.0,1613.0,1.2961586121437423,11.0,13.0,151309,114094,40599,0,0,16,3.1556390622295662,False,0.006060606060606061,0.005263157894736842,0,mix
5.9865170000121,1750.0,1352.0,1.2934220251293422,11.0,14.0,95808,41932,161172,0,0,11,3.027169118440619,False,0.0003711952487008166,0.0002787068004459309,0,mix
7.619900999998208,3125.0,1928.0,1.6200103680663556,14.0,17.0,151309,114094,40599,0,0,16,3.1556390622295662,False,0.006060606060606061,0.005263157894736842,0,mix
7.663938999990933,2070.0,1612.0,1.2833230006199627,12.0,14.0,151309,114094,40599,0,0,16,3.1556390622295662,False,0.006060606060606061,0.005263157894736842,0,mix
7.671471000008751,2070.0,1610.0,1.2849162011173185,12.0,14.0,151309,114094,40599,0,0,16,3.1556390622295662,False,0.006060606060606061,0.005263157894736842,0,mix
6.067970000003697,1750.0,1352.0,1.2934220251293422,10.0,12.0,95808,41932,161172,0,0,11,3.027169118440619,False,0.0003711952487008166,0.0002787068004459309,0,mix
7.704133999999613,2459.0,1613.0,1.523543990086741,12.0,14.0,151309,114094,40599,0,0,16,3.1556390622295662,False,0.006060606060606061,0.005263157894736842,0,mix
8.68316899999627,2767.0,3437.0,0.8048283885980221,14.0,17.0,151309,114094,40599,0,0,16,3.1556390622295662,False,0.006060606060606061,0.005263157894736842,0,mix
5.291006000014022,1769.0,1970.0,0.8975139523084729,13.0,15.0,151309,114094,40599,0,0,16,3.1556390622295662,False,0.006060606060606061,0.005263157894736842,0,mix
5.114564000017708,1026.0,1768.0,0.5799886941775014,11.0,13.0,151309,114094,40599,0,0,30,3.7362434129830606,False,0.07692307692307693,0.005263157894736842,0,mix
8.675407999980962,2501.0,1613.0,1.5495662949194549,12.0,13.0,151309,114094,40599,0,0,16,3.1556390622295662,False,0.006060606060606061,0.005263157894736842,0,mix
10.111598000017691,3274.0,2662.0,1.2294404806609087,14.0,17.0,241151,175548,40599,0,0,15,3.0565647621309537,False,0.004608294930875576,0.005208333333333333,0,mix
6.121373999980278,1723.0,1437.0,1.198191933240612,11.0,14.0,95808,41932,161172,0,0,11,3.027169118440619,False,0.0003711952487008166,0.0002787068004459309,0,mix
8.729396000009729,2070.0,1612.0,1.2833230006199627,12.0,14.0,151309,114094,40599,0,0,16,3.1556390622295662,False,0.006060606060606061,0.005263157894736842,0,mix
6.218790000013541,11890.0,2373.0,5.008424599831508,21.0,24.0,95808,41932,161172,0,0,11,3.027169118440619,False,0.0003711952487008166,0.0002787068004459309,0,mix
8.702255999989575,2070.0,1613.0,1.2825278810408922,12.0,14.0,151309,114094,40599,0,0,16,3.1556390622295662,False,0.006060606060606061,0.005263157894736842,0,mix
8.786072999995667,2070.0,1643.0,1.2591240875912408,13.0,15.0,151309,114094,40599,0,0,16,3.1556390622295662,False,0.006060606060606061,0.005263157894736842,0,mix
6.256823000003351,1751.0,1350.0,1.2960769800148038,12.0,14.0,95808,41932,161172,0,0,11,3.027169118440619,False,0.0003711952487008166,0.0002787068004459309,0,mix
8.790080999984639,2070.0,1611.0,1.284119106699752,12.0,14.0,151309,114094,40599,0,0,16,3.1556390622295662,False,0.006060606060606061,0.005263157894736842,0,mix
8.84172799999942,2384.0,1612.0,1.4779913205207686,12.0,14.0,151309,114094,40599,0,0,16,3.1556390622295662,False,0.006060606060606061,0.005263157894736842,0,mix
4.583549000002677,2071.0,1612.0,1.2839429634221946,12.0,14.0,151309,114094,40599,0,0,16,3.1556390622295662,False,0.006060606060606061,0.005263157894736842,0,mix
6.378441000008024,1751.0,1353.0,1.293205317577548,11.0,14.0,95808,41932,161172,0,0,11,3.027169118440619,False,0.0003711952487008166,0.0002787068004459309,0,mix
4.625783000024967,2071.0,1643.0,1.2597323600973236,12.0,15.0,151309,114094,40599,0,0,16,3.1556390622295662,False,0.006060606060606061,0.005263157894736842,0,mix
4.616712999995798,2071.0,1614.0,1.2823529411764707,12.0,14.0,151309,114094,40599,0,0,16,3.1556390622295662,False,0.006060606060606061,0.005263157894736842,0,mix
18.88662900001509,19824.0,356768.0,0.055565365824945555,164.0,345.0,151309,114094,40599,0,0,16,3.1556390622295662,False,0.006060606060606061,0.005263157894736842,0,mix
8.797202000016114,1891.0,212974.0,0.008878976405681418,83.0,180.0,84299,114094,40599,0,0,19,3.4316235658474303,False,0.02631578947368421,0.05555555555555555,0,mix
9.656782000005478,3873.0,553765.0,0.006993928843590976,200.0,474.0,84299,114094,40599,0,0,19,3.4316235658474303,False,0.02631578947368421,0.05555555555555555,0,mix
7.651911000022665,1234.0,13292.0,0.09283081320996013,17.0,26.0,151309,114094,40599,0,0,19,3.4316235658474303,False,0.02631578947368421,0.005263157894736842,0,mix
7.575542999984464,3788.0,28333.0,0.13369097197712995,47.0,70.0,151309,114094,40599,0,0,30,3.7362434129830606,False,0.07692307692307693,0.005263157894736842,0,mix
5.726289000012912,9000.0,4078.0,2.206423142927188,19.0,23.0,151309,114094,40599,0,0,16,3.1556390622295662,False,0.006060606060606061,0.005263157894736842,0,mix
4.549496999999974,1042.0,3178.0,0.3277760301981755,12.0,15.0,84299,114094,40599,0,0,19,3.4316235658474303,False,0.02631578947368421,0.05555555555555555,0,mix
4.588802000012947,15845.0,75414.0,0.21010409069813699,71.0,126.0,151309,114094,40599,0,0,16,3.1556390622295662,False,0.006060606060606061,0.005263157894736842,0,mix
4.075997000007192,1524.0,48488.0,0.031429808822619566,31.0,58.0,84299,114094,40599,0,0,19,3.4316235658474303,False,0.02631578947368421,0.05555555555555555,0,mix
3.965645000018412,1802.0,17218.0,0.10465183808583542,29.0,43.0,151309,114094,40599,0,0,19,3.4316235658474303,False,0.02631578947368421,0.005263157894736842,0,mix
3.933783999993466,2629.0,69338.0,0.03791517039472735,46.0,83.0,151309,114094,40599,0,0,30,3.7362434129830606,False,0.07692307692307693,0.005263157894736842,0,mix
2.470048999995924,1751.0,1351.0,1.2951183431952662,12.0,14.0,95808,41932,161172,0,0,11,3.027169118440619,False,0.0003711952487008166,0.0002787068004459309,0,mix
9.775885999988532,2956.0,36008.0,0.08209058846399511,27.0,48.0,151309,114094,40599,0,0,16,3.1556390622295662,False,0.006060606060606061,0.005263157894736842,0,mix
2.895501999999396,961.0,1592.0,0.6032642812303829,11.0,13.0,84299,114094,40599,0,0,19,3.4316235658474303,False,0.02631578947368421,0.05555555555555555,0,mix
2.477688000013586,1201.0,14407.0,0.0833564686285397,17.0,27.0,151309,114094,40599,0,0,19,3.4316235658474303,False,0.02631578947368421,0.005263157894736842,0,mix
3.868311999976868,14162.0,55315.0,0.25601995805915106,61.0,105.0,151309,114094,40599,0,0,16,3.1556390622295662,False,0.006060606060606061,0.005263157894736842,0,mix
3.457763000013074,1730.0,52380.0,0.033027242702506635,34.0,65.0,151309,114094,40599,0,0,30,3.7362434129830606,False,0.07692307692307693,0.005263157894736842,0,mix
4.927481999999145,2029.0,8504.0,0.2385655496766608,14.0,21.0,151309,114094,40599,0,0,16,3.1556390622295662,False,0.006060606060606061,0.005263157894736842,0,mix
4.329811000003247,18761.0,182921.0,0.10256284099233554,116.0,224.0,151309,114094,40599,0,0,16,3.1556390622295662,False,0.006060606060606061,0.005263157894736842,0,mix
8.943549999996321,10166.0,741248.0,0.01371468966568589,282.0,666.0,151309,114094,40599,0,0,30,3.7362434129830606,False,0.07692307692307693,0.005263157894736842,0,mix
2.801268999988679,775.0,3049.0,0.2540983606557377,9.0,9.0,95808,30502,161172,0,0,27,3.8100810205217313,False,0.07142857142857142,0.0002787068004459309,0,mix
1.4686090000031982,1687.0,1577.0,1.0690747782002534,11.0,14.0,151309,114094,40599,0,0,18,3.5724312513221195,False,0.14285714285714285,0.005263157894736842,0,mix
0.699296999984653,1263.0,5653.0,0.2233816766890697,16.0,20.0,151309,114094,40599,0,0,19,3.4316235658474303,False,0.02631578947368421,0.005263157894736842,0,mix
0.312835000018822,1043.0,14308.0,0.07289118736459571,14.0,23.0,84299,114094,40599,0,0,19,3.4316235658474303,False,0.02631578947368421,0.05555555555555555,0,mix
0.277841000002808,1962.0,4141.0,0.47368421052631576,12.0,16.0,95808,73921,40599,0,0,12,2.918295834054489,False,0.25,0.0002787068004459309,0,mix
4.700146000017412,1265.0,8337.0,0.1517150395778364,17.0,22.0,95808,73921,40599,0,0,19,3.4316235658474303,False,0.02631578947368421,0.0002787068004459309,0,mix
4.239089000009699,1123.0,64667.0,0.01736562132739531,27.0,61.0,12919,73921,40599,0,0,19,3.4316235658474303,False,0.02631578947368421,0.0048543689320388345,0,mix
4.8644879999919794,610.0,3007.0,0.20279255319148937,9.0,9.0,12919,224797,161172,0,0,29,3.71937582241537,False,0.08333333333333333,0.0048543689320388345,0,mix
6.396432999987155,4353.0,4685.0,0.9289372599231754,14.0,17.0,95808,73921,40599,0,0,16,3.1556390622295662,False,0.006060606060606061,0.0002787068004459309,0,mix
1.359582000004593,1836.0,1954.0,0.9391304347826087,12.0,15.0,151309,114094,40599,0,0,16,3.1556390622295662,False,0.006060606060606061,0.005263157894736842,0,mix
1.14096800002153,1018.0,4698.0,0.2166418386890828,13.0,16.0,95808,73921,40599,0,0,30,3.7362434129830606,False,0.07692307692307693,0.0002787068004459309,0,mix
6.443203000002541,3172.0,1612.0,1.9665220086794792,13.0,15.0,151309,114094,40599,0,0,16,3.1556390622295662,False,0.006060606060606061,0.005263157894736842,0,mix
0.6949579999782141,1826.0,5119.0,0.356640625,12.0,16.0,95808,67117,161172,0,0,11,3.027169118440619,False,0.0003711952487008166,0.0002787068004459309,0,mix
6.467788999987533,2365.0,1613.0,1.4653035935563816,12.0,14.0,151309,114094,40599,0,0,16,3.1556390622295662,False,0.006060606060606061,0.005263157894736842,0,mix
6.4970869999961,2137.0,1614.0,1.3232198142414862,12.0,14.0,151309,114094,40599,0,0,16,3.1556390622295662,False,0.006060606060606061,0.005263157894736842,0,mix
6.485881000000518,2137.0,1614.0,1.3232198142414862,12.0,14.0,151309,114094,40599,0,0,16,3.1556390622295662,False,0.006060606060606061,0.005263157894736842,0,mix
0.704816999990725,1751.0,1352.0,1.2941611234294161,12.0,14.0,95808,41932,161172,0,0,11,3.027169118440619,False,0.0003711952487008166,0.0002787068004459309,0,mix
6.533761999977287,2137.0,1612.0,1.3248605083694978,12.0,14.0,151309,114094,40599,0,0,16,3.1556390622295662,False,0.006060606060606061,0.005263157894736842,0,mix
6.547898999997415,2137.0,1613.0,1.3240396530359355,12.0,14.0,151309,114094,40599,0,0,16,3.1556390622295662,False,0.006060606060606061,0.005263157894736842,0,mix
6.584434000018518,2137.0,1615.0,1.32240099009901,12.0,14.0,151309,114094,40599,0,0,16,3.1556390622295662,False,0.006060606060606061,0.005263157894736842,0,mix
0.8050810000277121,1751.0,1352.0,1.2941611234294161,11.0,14.0,95808,41932,161172,0,0,11,3.027169118440619,False,0.0003711952487008166,0.0002787068004459309,0,mix
6.596427999989828,2137.0,1613.0,1.3240396530359355,12.0,14.0,151309,114094,40599,0,0,16,3.1556390622295662,False,0.006060606060606061,0.005263157894736842,0,mix
6.633410999987973,2137.0,1612.0,1.3248605083694978,12.0,14.0,151309,114094,40599,0,0,16,3.1556390622295662,False,0.006060606060606061,0.005263157894736842,0,mix
6.624658999993699,2451.0,1614.0,1.5176470588235293,12.0,14.0,151309,114094,40599,0,0,16,3.1556390622295662,False,0.006060606060606061,0.005263157894736842,0,mix
0.854218000022228,1871.0,2519.0,0.7424603174603175,14.0,18.0,95808,41932,161172,0,0,11,3.027169118440619,False,0.0003711952487008166,0.0002787068004459309,0,mix
6.670092999993358,2138.0,1612.0,1.3254804711717296,12.0,14.0,151309,114094,40599,0,0,16,3.1556390622295662,False,0.006060606060606061,0.005263157894736842,0,mix
6.665726000006544,2138.0,1614.0,1.3238390092879257,12.0,14.0,151309,114094,40599,0,0,16,3.1556390622295662,False,0.006060606060606061,0.005263157894736842,0,mix
5.210089999978663,1304.0,8163.0,0.15972562469377757,16.0,21.0,151309,114094,40599,0,0,30,3.7362434129830606,False,0.07692307692307693,0.005263157894736842,0,mix
5.314814999990631,1033.0,5764.0,0.17918473547267996,13.0,16.0,95808,73921,40599,0,0,28,3.8248629576173565,False,0.3333333333333333,0.0002787068004459309,0,mix
6.722550000005867,2430.0,1612.0,1.5065096094234347,12.0,14.0,151309,114094,40599,0,0,16,3.1556390622295662,False,0.006060606060606061,0.005263157894736842,0,mix
0.9315179999975952,1751.0,1352.0,1.2941611234294161,11.0,14.0,95808,41932,161172,0,0,11,3.027169118440619,False,0.0003711952487008166,0.0002787068004459309,0,mix
6.703340999985812,2119.0,1614.0,1.3120743034055729,12.0,14.0,151309,114094,40599,0,0,16,3.1556390622295662,False,0.006060606060606061,0.005263157894736842,0,mix
6.74593200001982,2119.0,1612.0,1.3137011779293242,12.0,14.0,151309,114094,40599,0,0,16,3.1556390622295662,False,0.006060606060606061,0.005263157894736842,0,mix
6.740163000009488,2119.0,1612.0,1.3137011779293242,12.0,14.0,151309,114094,40599,0,0,16,3.1556390622295662,False,0.006060606060606061,0.005263157894736842,0,mix
0.9993779999786052,1751.0,1353.0,1.293205317577548,10.0,12.0,95808,41932,161172,0,0,11,3.027169118440619,False,0.0003711952487008166,0.0002787068004459309,0,mix
6.780269000009866,2119.0,1613.0,1.3128872366790583,12.0,14.0,151309,114094,40599,0,0,16,3.1556390622295662,False,0.006060606060606061,0.005263157894736842,0,mix
6.800718999991659,2119.0,1647.0,1.2858009708737863,13.0,15.0,151309,114094,40599,0,0,16,3.1556390622295662,False,0.006060606060606061,0.005263157894736842,0,mix
6.816919000004418,2119.0,1612.0,1.3137011779293242,12.0,14.0,151309,114094,40599,0,0,16,3.1556390622295662,False,0.006060606060606061,0.005263157894736842,0,mix
1.053222999995341,1751.0,1354.0,1.2922509225092251,12.0,14.0,95808,41932,161172,0,0,11,3.027169118440619,False,0.0003711952487008166,0.0002787068004459309,0,mix
6.830920000007609,2119.0,1614.0,1.3120743034055729,11.0,13.0,151309,114094,40599,0,0,16,3.1556390622295662,False,0.006060606060606061,0.005263157894736842,0,mix
6.845929000002798,2118.0,1612.0,1.3130812151270923,12.0,14.0,151309,114094,40599,0,0,16,3.1556390622295662,False,0.006060606060606061,0.005263157894736842,0,mix
6.847153999988223,2118.0,1613.0,1.312267657992565,12.0,14.0,151309,114094,40599,0,0,16,3.1556390622295662,False,0.006060606060606061,0.005263157894736842,0,mix
1.133876000007148,1751.0,1352.0,1.2941611234294161,11.0,12.0,95808,41932,161172,0,0,11,3.027169118440619,False,0.0003711952487008166,0.0002787068004459309,0,mix
6.884146999975201,2118.0,1612.0,1.3130812151270923,11.0,13.0,151309,114094,40599,0,0,16,3.1556390622295662,False,0.006060606060606061,0.005263157894736842,0,mix
6.851571999985026,2441.0,1613.0,1.5123915737298637,12.0,14.0,151309,114094,40599,0,0,16,3.1556390622295662,False,0.006060606060606061,0.005263157894736842,0,mix
6.9148089999798685,2118.0,1613.0,1.312267657992565,12.0,14.0,151309,114094,40599,0,0,16,3.1556390622295662,False,0.006060606060606061,0.005263157894736842,0,mix
1.168410000012954,11973.0,1458.0,8.206305688827964,20.0,23.0,95808,41932,161172,0,0,11,3.027169118440619,False,0.0003711952487008166,0.0002787068004459309,0,mix
6.91721400001552,2118.0,1643.0,1.2883211678832116,13.0,15.0,151309,114094,40599,0,0,16,3.1556390622295662,False,0.006060606060606061,0.005263157894736842,0,mix
6.984035000001313,2118.0,1612.0,1.3130812151270923,12.0,14.0,151309,114094,40599,0,0,16,3.1556390622295662,False,0.006060606060606061,0.005263157894736842,0,mix
6.95250699997996,2118.0,1612.0,1.3130812151270923,12.0,14.0,151309,114094,40599,0,0,16,3.1556390622295662,False,0.006060606060606061,0.005263157894736842,0,mix
6.655090000014752,1332.0,3731.0,0.35691318327974275,14.0,19.0,12919,187119,161172,0,0,17,3.734521664779752,False,0.07142857142857142,0.0048543689320388345,0,mix
1.233267999981762,1751.0,1353.0,1.293205317577548,12.0,14.0,95808,41932,161172,0,0,11,3.027169118440619,False,0.0003711952487008166,0.0002787068004459309,0,mix
6.980217999982415,2428.0,1616.0,1.5015460729746444,12.0,14.0,151309,114094,40599,0,0,16,3.1556390622295662,False,0.006060606060606061,0.005263157894736842,0,mix
6.985603000008268,2119.0,1613.0,1.3128872366790583,12.0,14.0,151309,114094,40599,0,0,16,3.1556390622295662,False,0.006060606060606061,0.005263157894736842,0,mix
7.026190000004135,2119.0,1614.0,1.3120743034055729,12.0,14.0,151309,114094,40599,0,0,16,3.1556390622295662,False,0.006060606060606061,0.005263157894736842,0,mix
11.328928000002634,1751.0,1351.0,1.2951183431952662,12.0,14.0,95808,41932,161172,0,0,11,3.027169118440619,False,0.0003711952487008166,0.0002787068004459309,0,mix
7.032536000013351,2119.0,1613.0,1.3128872366790583,12.0,14.0,151309,114094,40599,0,0,16,3.1556390622295662,False,0.006060606060606061,0.005263157894736842,0,mix
7.076013000012608,2119.0,1612.0,1.3137011779293242,12.0,14.0,151309,114094,40599,0,0,16,3.1556390622295662,False,0.006060606060606061,0.005263157894736842,0,mix
7.067431000003125,2119.0,1611.0,1.314516129032258,12.0,14.0,151309,114094,40599,0,0,16,3.1556390622295662,False,0.006060606060606061,0.005263157894736842,0,mix
1.3712130000058091,1751.0,1358.0,1.2884473877851361,12.0,14.0,95808,41932,161172,0,0,11,3.027169118440619,False,0.0003711952487008166,0.0002787068004459309,0,mix
7.105386999988696,2119.0,1612.0,1.3137011779293242,12.0,14.0,151309,114094,40599,0,0,16,3.1556390622295662,False,0.006060606060606061,0.005263157894736842,0,mix
7.103777999989688,2119.0,1613.0,1.3128872366790583,12.0,14.0,151309,114094,40599,0,0,16,3.1556390622295662,False,0.006060606060606061,0.005263157894736842,0,mix
7.130071999999927,2119.0,1645.0,1.287363304981774,12.0,15.0,151309,114094,40599,0,0,16,3.1556390622295662,False,0.006060606060606061,0.005263157894736842,0,mix
1.454666999983601,1751.0,1352.0,1.2941611234294161,12.0,14.0,95808,41932,161172,0,0,11,3.027169118440619,False,0.0003711952487008166,0.0002787068004459309,0,mix
7.149922000011429,2119.0,1612.0,1.3137011779293242,12.0,14.0,151309,114094,40599,0,0,16,3.1556390622295662,False,0.006060606060606061,0.005263157894736842,0,mix
7.169316999992588,2119.0,1614.0,1.3120743034055729,12.0,14.0,151309,114094,40599,0,0,16,3.1556390622295662,False,0.006060606060606061,0.005263157894736842,0,mix
7.191443000017898,2119.0,1613.0,1.3128872366790583,12.0,14.0,151309,114094,40599,0,0,16,3.1556390622295662,False,0.006060606060606061,0.005263157894736842,0,mix
1.531626000010874,1751.0,1351.0,1.2951183431952662,11.0,14.0,95808,41932,161172,0,0,11,3.027169118440619,False,0.0003711952487008166,0.0002787068004459309,0,mix
7.209914000006393,2119.0,1644.0,1.288145896656535,12.0,15.0,151309,114094,40599,0,0,16,3.1556390622295662,False,0.006060606060606061,0.005263157894736842,0,mix
8.52868099999614,2984.0,4693.0,0.6357051555176821,16.0,19.0,95808,203200,40599,0,0,15,3.0565647621309537,False,0.004608294930875576,0.0002787068004459309,0,mix
7.652465000021039,2933.0,21823.0,0.1343933284457478,19.0,32.0,241151,175548,40599,0,0,15,3.0565647621309537,False,0.004608294930875576,0.005208333333333333,0,mix
7.209432000003289,2119.0,1961.0,1.0800203873598369,12.0,15.0,151309,114094,40599,0,0,16,3.1556390622295662,False,0.006060606060606061,0.005263157894736842,0,mix
7.241363000008278,2120.0,1614.0,1.3126934984520124,12.0,14.0,151309,114094,40599,0,0,16,3.1556390622295662,False,0.006060606060606061,0.005263157894736842,0,mix
1.684001999994507,1751.0,1351.0,1.2951183431952662,11.0,12.0,95808,41932,161172,0,0,11,3.027169118440619,False,0.0003711952487008166,0.0002787068004459309,0,mix
7.237011000019265,2120.0,1612.0,1.314321140731556,12.0,14.0,151309,114094,40599,0,0,16,3.1556390622295662,False,0.006060606060606061,0.005263157894736842,0,mix
7.278400000010151,2120.0,1612.0,1.314321140731556,12.0,14.0,151309,114094,40599,0,0,16,3.1556390622295662,False,0.006060606060606061,0.005263157894736842,0,mix
7.279611000005389,2429.0,1613.0,1.5049566294919454,12.0,14.0,151309,114094,40599,0,0,16,3.1556390622295662,False,0.006060606060606061,0.005263157894736842,0,mix
1.666226000001188,1751.0,1353.0,1.293205317577548,11.0,14.0,95808,41932,161172,0,0,11,3.027169118440619,False,0.0003711952487008166,0.0002787068004459309,0,mix
7.331853999989107,2120.0,1613.0,1.3135068153655514,12.0,14.0,151309,114094,40599,0,0,16,3.1556390622295662,False,0.006060606060606061,0.005263157894736842,0,mix
7.339547999989008,2120.0,1612.0,1.314321140731556,12.0,14.0,151309,114094,40599,0,0,16,3.1556390622295662,False,0.006060606060606061,0.005263157894736842,0,mix
7.370731000002706,2120.0,1642.0,1.2903225806451613,12.0,15.0,151309,114094,40599,0,0,16,3.1556390622295662,False,0.006060606060606061,0.005263157894736842,0,mix
5.716413999994984,3275.0,3064.0,1.068515497553018,14.0,17.0,241151,175548,40599,0,0,15,3.0565647621309537,False,0.004608294930875576,0.005208333333333333,0,mix
1.7453609999793112,1751.0,1352.0,1.2941611234294161,11.0,14.0,95808,41932,161172,0,0,11,3.027169118440619,False,0.0003711952487008166,0.0002787068004459309,0,mix
7.363402999995742,2120.0,1614.0,1.3126934984520124,12.0,14.0,151309,114094,40599,0,0,16,3.1556390622295662,False,0.006060606060606061,0.005263157894736842,0,mix
1.771848000003956,1650.0,2210.0,0.746268656716418,13.0,16.0,95808,41932,161172,0,0,11,3.027169118440619,False,0.0003711952487008166,0.0002787068004459309,0,mix
7.398947999987286,2120.0,1611.0,1.315136476426799,12.0,14.0,151309,114094,40599,0,0,16,3.1556390622295662,False,0.006060606060606061,0.005263157894736842,0,mix
7.421012000006158,2120.0,1643.0,1.289537712895377,12.0,15.0,151309,114094,40599,0,0,16,3.1556390622295662,False,0.006060606060606061,0.005263157894736842,0,mix
1.8072399999946351,1751.0,1351.0,1.2951183431952662,10.0,12.0,95808,41932,161172,0,0,11,3.027169118440619,False,0.0003711952487008166,0.0002787068004459309,0,mix
7.440648999996483,2120.0,1612.0,1.314321140731556,12.0,14.0,151309,114094,40599,0,0,16,3.1556390622295662,False,0.006060606060606061,0.005263157894736842,0,mix
7.435087000019848,2120.0,1612.0,1.314321140731556,12.0,14.0,151309,114094,40599,0,0,16,3.1556390622295662,False,0.006060606060606061,0.005263157894736842,0,mix
7.50613299998804,2120.0,1611.0,1.315136476426799,12.0,14.0,151309,114094,40599,0,0,16,3.1556390622295662,False,0.006060606060606061,0.005263157894736842,0,mix
1.867937000002712,1751.0,1352.0,1.2941611234294161,12.0,14.0,95808,41932,161172,0,0,11,3.027169118440619,False,0.0003711952487008166,0.0002787068004459309,0,mix
7.488850000023376,2120.0,1614.0,1.3126934984520124,12.0,14.0,151309,114094,40599,0,0,16,3.1556390622295662,False,0.006060606060606061,0.005263157894736842,0,mix
7.518650999991223,2120.0,1611.0,1.315136476426799,12.0,13.0,151309,114094,40599,0,0,16,3.1556390622295662,False,0.006060606060606061,0.005263157894736842,0,mix
7.53032700001495,2120.0,1613.0,1.3135068153655514,12.0,14.0,151309,114094,40599,0,0,16,3.1556390622295662,False,0.006060606060606061,0.005263157894736842,0,mix
1.964795999985654,1751.0,1353.0,1.293205317577548,11.0,14.0,95808,41932,161172,0,0,11,3.027169118440619,False,0.0003711952487008166,0.0002787068004459309,0,mix
7.566300000005867,2120.0,1614.0,1.3126934984520124,12.0,14.0,151309,114094,40599,0,0,16,3.1556390622295662,False,0.006060606060606061,0.005263157894736842,0,mix
7.564200000022538,2120.0,1612.0,1.314321140731556,12.0,14.0,151309,114094,40599,0,0,16,3.1556390622295662,False,0.006060606060606061,0.005263157894736842,0,mix
7.604089999978896,2120.0,1643.0,1.289537712895377,13.0,15.0,151309,114094,40599,0,0,16,3.1556390622295662,False,0.006060606060606061,0.005263157894736842,0,mix
2.025405000022147,12056.0,5224.0,2.3073684210526317,22.0,26.0,95808,67117,161172,0,0,11,3.027169118440619,False,0.0003711952487008166,0.0002787068004459309,0,mix
7.593031000025803,2120.0,1612.0,1.314321140731556,12.0,14.0,151309,114094,40599,0,0,16,3.1556390622295662,False,0.006060606060606061,0.005263157894736842,0,mix
7.76791699999012,2120.0,1613.0,1.3135068153655514,12.0,14.0,151309,114094,40599,0,0,16,3.1556390622295662,False,0.006060606060606061,0.005263157894736842,0,mix
7.723327000014251,2120.0,1611.0,1.315136476426799,12.0,14.0,151309,114094,40599,0,0,16,3.1556390622295662,False,0.006060606060606061,0.005263157894736842,0,mix
2.136525999987498,1751.0,1352.0,1.2941611234294161,11.0,12.0,95808,41932,161172,0,0,11,3.027169118440619,False,0.0003711952487008166,0.0002787068004459309,0,mix
7.743784999998752,2120.0,1613.0,1.3135068153655514,12.0,14.0,151309,114094,40599,0,0,16,3.1556390622295662,False,0.006060606060606061,0.005263157894736842,0,mix
7.741172000009101,2433.0,1612.0,1.5083694978301303,12.0,14.0,151309,114094,40599,0,0,16,3.1556390622295662,False,0.006060606060606061,0.005263157894736842,0,mix
7.758428000001004,2120.0,1614.0,1.3126934984520124,11.0,13.0,151309,114094,40599,0,0,16,3.1556390622295662,False,0.006060606060606061,0.005263157894736842,0,mix
2.195556000020588,1751.0,1353.0,1.293205317577548,11.0,14.0,95808,41932,161172,0,0,11,3.027169118440619,False,0.0003711952487008166,0.0002787068004459309,0,mix
7.751643000025069,2497.0,1614.0,1.5461300309597523,12.0,14.0,151309,114094,40599,0,0,16,3.1556390622295662,False,0.006060606060606061,0.005263157894736842,0,mix
7.77866099998937,2429.0,1612.0,1.5058896466212028,12.0,14.0,151309,114094,40599,0,0,16,3.1556390622295662,False,0.006060606060606061,0.005263157894736842,0,mix
7.773186999984318,2120.0,1644.0,1.2887537993920972,13.0,15.0,151309,114094,40599,0,0,16,3.1556390622295662,False,0.006060606060606061,0.005263157894736842,0,mix
2.23327400002745,1751.0,1352.0,1.2941611234294161,10.0,12.0,95808,41932,161172,0,0,11,3.027169118440619,False,0.0003711952487008166,0.0002787068004459309,0,mix
7.801430999999866,2120.0,1612.0,1.314321140731556,11.0,13.0,151309,114094,40599,0,0,16,3.1556390622295662,False,0.006060606060606061,0.005263157894736842,0,mix
7.785713999997824,2120.0,1613.0,1.3135068153655514,12.0,14.0,151309,114094,40599,0,0,16,3.1556390622295662,False,0.006060606060606061,0.005263157894736842,0,mix
7.802216999989469,2120.0,1612.0,1.314321140731556,12.0,14.0,151309,114094,40599,0,0,16,3.1556390622295662,False,0.006060606060606061,0.005263157894736842,0,mix
2.259973999985959,1751.0,1353.0,1.293205317577548,11.0,14.0,95808,41932,161172,0,0,11,3.027169118440619,False,0.0003711952487008166,0.0002787068004459309,0,mix
7.796969999995781,2120.0,1644.0,1.2887537993920972,12.0,15.0,151309,114094,40599,0,0,16,3.1556390622295662,False,0.006060606060606061,0.005263157894736842,0,mix
7.818359999975655,2120.0,1613.0,1.3135068153655514,11.0,13.0,151309,114094,40599,0,0,16,3.1556390622295662,False,0.006060606060606061,0.005263157894736842,0,mix
7.807422999991104,2120.0,1644.0,1.2887537993920972,13.0,15.0,151309,114094,40599,0,0,16,3.1556390622295662,False,0.006060606060606061,0.005263157894736842,0,mix
2.268135000020265,1751.0,1360.0,1.286554004408523,11.0,14.0,95808,41932,161172,0,0,11,3.027169118440619,False,0.0003711952487008166,0.0002787068004459309,0,mix
7.831304999999702,2120.0,1645.0,1.2879708383961117,13.0,15.0,151309,114094,40599,0,0,16,3.1556390622295662,False,0.006060606060606061,0.005263157894736842,0,mix
7.797986000019591,2120.0,1613.0,1.3135068153655514,12.0,14.0,151309,114094,40599,0,0,16,3.1556390622295662,False,0.006060606060606061,0.005263157894736842,0,mix
7.849860000016633,2120.0,1617.0,1.3102595797280594,12.0,14.0,151309,114094,40599,0,0,16,3.1556390622295662,False,0.006060606060606061,0.005263157894736842,0,mix
2.309810000006109,1751.0,1353.0,1.293205317577548,11.0,14.0,95808,41932,161172,0,0,11,3.027169118440619,False,0.0003711952487008166,0.0002787068004459309,0,mix
7.8365259999991395,2120.0,1614.0,1.3126934984520124,12.0,14.0,151309,114094,40599,0,0,16,3.1556390622295662,False,0.006060606060606061,0.005263157894736842,0,mix
7.867254999990109,2120.0,1613.0,1.3135068153655514,11.0,13.0,151309,114094,40599,0,0,16,3.1556390622295662,False,0.006060606060606061,0.005263157894736842,0,mix
7.849087000009604,2429.0,1611.0,1.5068238213399503,11.0,13.0,151309,114094,40599,0,0,16,3.1556390622295662,False,0.006060606060606061,0.005263157894736842,0,mix
2.350879000005079,1751.0,1352.0,1.2941611234294161,11.0,14.0,95808,41932,161172,0,0,11,3.027169118440619,False,0.0003711952487008166,0.0002787068004459309,0,mix
0.353626000025542,822.0,3649.0,0.2252054794520548,7.0,9.0,73616,250421,233433,0,0,19,3.4713544870139295,False,0.5,0.07142857142857142,0,mix
7.871202000009362,2120.0,1641.0,1.2911084043848964,12.0,15.0,151309,114094,40599,0,0,16,3.1556390622295662,False,0.006060606060606061,0.005263157894736842,0,mix
7.858635000011418,2120.0,1613.0,1.3135068153655514,12.0,14.0,151309,114094,40599,0,0,16,3.1556390622295662,False,0.006060606060606061,0.005263157894736842,0,mix
7.883234000008088,2120.0,1614.0,1.3126934984520124,12.0,14.0,151309,114094,40599,0,0,16,3.1556390622295662,False,0.006060606060606061,0.005263157894736842,0,mix
2.338260999997146,1751.0,1353.0,1.293205317577548,12.0,14.0,95808,41932,161172,0,0,11,3.027169118440619,False,0.0003711952487008166,0.0002787068004459309,0,mix
7.869665000005625,2429.0,1613.0,1.5049566294919454,12.0,14.0,151309,114094,40599,0,0,16,3.1556390622295662,False,0.006060606060606061,0.005263157894736842,0,mix
7.89476499997545,2120.0,1613.0,1.3135068153655514,12.0,14.0,151309,114094,40599,0,0,16,3.1556390622295662,False,0.006060606060606061,0.005263157894736842,0,mix
7.895690000004834,2120.0,1644.0,1.2887537993920972,11.0,13.0,151309,114094,40599,0,0,16,3.1556390622295662,False,0.006060606060606061,0.005263157894736842,0,mix
2.368327000003773,1751.0,1352.0,1.2941611234294161,12.0,14.0,95808,41932,161172,0,0,11,3.027169118440619,False,0.0003711952487008166,0.0002787068004459309,0,mix
7.91364500002237,2120.0,1614.0,1.3126934984520124,11.0,13.0,151309,114094,40599,0,0,16,3.1556390622295662,False,0.006060606060606061,0.005263157894736842,0,mix
7.944547999999486,2120.0,1614.0,1.3126934984520124,12.0,14.0,151309,114094,40599,0,0,16,3.1556390622295662,False,0.006060606060606061,0.005263157894736842,0,mix
2.452045999991242,1650.0,2196.0,0.7510241238051889,12.0,15.0,95808,41932,161172,0,0,11,3.027169118440619,False,0.0003711952487008166,0.0002787068004459309,0,mix
0.381312000012258,775.0,4759.0,0.16281512605042017,10.0,11.0,95808,30502,161172,0,0,15,3.189898095464287,False,0.041666666666666664,0.0002787068004459309,0,mix
6218.5885220000055,1225.0,5376.0,0.22782220569090572,153.0,158.0,145505,63568,161172,0,0,16,3.202819531114783,False,0.2,0.25,0,mix
9.079605000006268,1231.0,1573.0,0.7820838627700127,11.0,13.0,151309,114094,40599,0,0,16,3.1556390622295662,False,0.006060606060606061,0.005263157894736842,0,mix
55.69536799998605,21013.0,5284.0,3.9759697256386,35.0,42.0,95808,73921,40599,0,0,24,3.740601562950723,False,0.1,0.0002787068004459309,0,mix
7.830394999997225,2242.0,2019.0,1.10990099009901,12.0,15.0,151309,114094,40599,0,0,16,3.1556390622295662,False,0.006060606060606061,0.005263157894736842,0,mix
6.549291999981506,1798.0,5201.0,0.34563629373317956,12.0,17.0,95808,67117,161172,0,0,11,3.027169118440619,False,0.0003711952487008166,0.0002787068004459309,0,mix
4.290861000015866,19535.0,16942.0,1.1529835330224871,73.0,105.0,151309,114094,40599,0,0,16,3.1556390622295662,False,0.006060606060606061,0.005263157894736842,0,mix
3.396263000002363,1016.0,5384.0,0.18867223769730734,11.0,15.0,95808,73921,40599,0,0,28,3.824862957617356,False,0.07692307692307693,0.0002787068004459309,0,mix
7.132888000021921,9068.0,149728.0,0.06056275003506335,66.0,162.0,151309,114094,40599,0,0,16,3.1556390622295662,False,0.006060606060606061,0.005263157894736842,0,mix
31.89885800000048,38884.0,4138.0,9.394539743899493,59.0,67.0,151309,114094,40599,0,0,24,3.740601562950723,False,0.1,0.005263157894736842,0,mix
5.563362999993842,5778.0,185303.0,0.031181194145836033,95.0,200.0,151309,114094,40599,0,0,28,3.824862957617356,False,0.07692307692307693,0.005263157894736842,0,mix
9.619896999996854,3222.0,330748.0,0.009741526051477102,105.0,275.0,151309,114094,40599,0,0,28,3.824862957617356,False,0.07692307692307693,0.005263157894736842,0,mix
8.979126000020187,4235.0,235186.0,0.018006947662923545,79.0,210.0,12919,73921,40599,0,0,25,4.0536606896881855,False,0.16666666666666666,0.0048543689320388345,0,mix
8.960771000012755,581.0,3505.0,0.1657159155733029,9.0,9.0,12919,73921,40599,0,0,25,4.0536606896881855,False,0.16666666666666666,0.0048543689320388345,0,mix
8.960332000016933,581.0,3505.0,0.1657159155733029,9.0,10.0,12919,73921,40599,0,0,25,4.0536606896881855,False,0.16666666666666666,0.0048543689320388345,0,mix
8.961391999997431,581.0,3505.0,0.1657159155733029,9.0,10.0,12919,73921,40599,0,0,25,4.0536606896881855,False,0.16666666666666666,0.0048543689320388345,0,mix
8.961994999990566,581.0,3504.0,0.16576319543509271,9.0,9.0,12919,73921,40599,0,0,25,4.0536606896881855,False,0.16666666666666666,0.0048543689320388345,0,mix
8.96179200001643,581.0,3504.0,0.16576319543509271,9.0,10.0,12919,73921,40599,0,0,25,4.0536606896881855,False,0.16666666666666666,0.0048543689320388345,0,mix
8.545052999979816,2625.0,768304.0,0.0034166118924125184,174.0,597.0,84299,114094,40599,0,0,19,3.4316235658474303,False,0.02631578947368421,0.05555555555555555,0,mix
8.388601999991806,9070.0,19105.0,0.47471998325133463,35.0,52.0,151309,114094,40599,0,0,16,3.1556390622295662,False,0.006060606060606061,0.005263157894736842,0,mix
5.234435999998823,581.0,3754.0,0.15472703062583223,9.0,9.0,95808,73921,40599,0,0,12,2.918295834054489,False,0.25,0.0002787068004459309,0,mix
4.4895440000109375,10025.0,8297.0,1.2081224391419618,22.0,27.0,95808,29047,161172,0,0,18,3.6835423624332306,False,0.3333333333333333,0.0002787068004459309,0,mix
4.493614999984857,3044.0,45656.0,0.06667104715596732,21.0,50.0,95808,29047,161172,0,0,18,3.6835423624332306,False,0.3333333333333333,0.0002787068004459309,0,mix
7.627482000010787,13337.0,2272.0,5.867575890893093,21.0,24.0,151309,114094,40599,0,0,16,3.1556390622295662,False,0.006060606060606061,0.005263157894736842,0,mix
0.19382799998857,1016.0,1764.0,0.5756373937677054,10.0,12.0,151309,114094,40599,0,0,28,3.824862957617356,False,0.07692307692307693,0.005263157894736842,0,mix
58.95610999999917,2942.0,7347.0,0.40038105606967883,23.0,29.0,95808,73921,40599,0,0,24,3.740601562950723,False,0.1,0.0002787068004459309,0,mix
1.747275000001536,1983.0,3853.0,0.5145303580695382,10.0,13.0,95808,29047,161172,0,0,18,3.6835423624332306,False,0.3333333333333333,0.0002787068004459309,0,mix
2.039831000001868,2455.0,557070.0,0.004406978643655836,121.0,494.0,95808,199364,161172,0,0,15,3.3232314287976203,False,0.25,0.0002787068004459309,0,mix
1.6486870000080671,1845.0,5601.0,0.329346661906462,12.0,16.0,95808,30502,161172,0,0,19,3.431623565847431,False,0.5,0.0002787068004459309,0,mix
1.644334999989951,775.0,4760.0,0.16278092837639152,10.0,10.0,95808,30502,161172,0,0,19,3.431623565847431,False,0.5,0.0002787068004459309,0,mix
1.448034000000916,568.0,185.0,3.053763440860215,7.0,8.0,95808,80881,161172,0,0,15,3.3232314287976203,False,0.25,0.0002787068004459309,0,mix
1.040993000002345,775.0,3048.0,0.25418169891767795,9.0,8.0,95808,30502,161172,0,0,27,3.8100810205217313,False,0.07142857142857142,0.0002787068004459309,0,mix
1.118606999982148,1398.0,5824.0,0.24,11.0,14.0,95808,150699,161172,0,0,14,3.2359263506290334,False,0.030303030303030304,0.0002787068004459309,0,mix
1.124085999996168,2185.0,5901.0,0.37021348695357503,12.0,15.0,95808,150699,161172,0,0,14,3.2359263506290334,False,0.030303030303030304,0.0002787068004459309,0,mix
5.956151000020327,4245.0,72366.0,0.05865933367418851,30.0,76.0,95808,99593,161172,0,0,20,3.546439344671015,False,0.125,0.0002787068004459309,0,mix
4.940501000004588,1873.0,979.0,1.9112244897959183,9.0,10.0,95808,150699,161172,0,0,14,3.2359263506290334,False,0.030303030303030304,0.0002787068004459309,0,mix
4.369780999986688,1872.0,4872.0,0.3841576031192284,10.0,13.0,95808,134185,161172,0,0,22,3.658993415253805,False,0.3333333333333333,0.0002787068004459309,0,mix
4.598444999981439,1866.0,5336.0,0.34963462619449126,12.0,16.0,95808,167632,161172,0,0,20,3.546439344671015,False,0.125,0.0002787068004459309,0,mix
3.8477859999984494,1067.0,135824.0,0.007855696668507271,33.0,128.0,95808,170766,161172,0,0,18,3.6143694458867563,False,0.5,0.0002787068004459309,0,mix
3.84414500001003,1533.0,1110879.0,0.001379987037303759,335.0,1188.0,95808,199364,161172,0,0,18,3.4613201402110083,False,1.0,0.0002787068004459309,0,mix
2.481927000015275,1833.0,5031.0,0.36426868044515104,12.0,16.0,95808,73921,40599,0,0,16,3.1556390622295662,False,0.006060606060606061,0.0002787068004459309,0,mix
1.913829000026453,11673.0,95539.0,0.1221791919614821,39.0,104.0,95808,67117,161172,0,0,11,3.027169118440619,False,0.0003711952487008166,0.0002787068004459309,0,mix
1.72500299999956,1908.0,5113.0,0.37309346890887757,11.0,12.0,95808,169448,161172,0,0,12,3.418295834054489,False,0.1111111111111111,0.0002787068004459309,0,mix
1.756674999982351,1243.0,6178.0,0.2011652370933808,11.0,16.0,95808,63686,161172,0,0,32,3.765319531114783,False,0.2,0.0002787068004459309,0,mix
1.686134999996284,1971.0,4034.0,0.4884758364312268,11.0,15.0,95808,175537,161172,0,0,14,3.2359263506290326,False,0.16666666666666666,0.0002787068004459309,0,mix
1.71877300000051,643.0,3251.0,0.19772447724477243,9.0,9.0,95808,63686,161172,0,0,32,3.765319531114783,False,0.2,0.0002787068004459309,0,mix
1.511965999990934,1632.0,4755.0,0.34314550042052144,12.0,16.0,95808,72598,161172,0,0,20,3.5219280948873624,False,0.5,0.0002787068004459309,0,mix
1.4434299999848,1473.0,35937.0,0.040987255829484114,23.0,41.0,95808,72598,161172,0,0,28,3.896291529045928,False,0.25,0.0002787068004459309,0,mix
1.5494739999994631,1656.0,5495.0,0.30131004366812225,11.0,14.0,95808,63686,161172,0,0,24,3.2720552088742005,False,0.25,0.0002787068004459309,0,mix
1.303074999974342,1016.0,4970.0,0.2043854355260511,12.0,15.0,95808,73921,40599,0,0,28,3.824862957617356,False,0.07692307692307693,0.0002787068004459309,0,mix
1.276159000000916,1024.0,6652.0,0.1539155268300015,13.0,18.0,95808,72598,161172,0,0,22,3.477175233435623,False,0.5,0.0002787068004459309,0,mix
1.264656999992439,1172.0,10615.0,0.11039939713639789,13.0,21.0,95808,63686,161172,0,0,22,3.663532754804254,False,0.5,0.0002787068004459309,0,mix
1.256572999991476,643.0,3235.0,0.19870210135970334,9.0,9.0,95808,63686,161172,0,0,22,3.663532754804254,False,0.5,0.0002787068004459309,0,mix
6.300660999986576,1765.0,3603.0,0.4897336293007769,11.0,12.0,95808,155990,161172,0,0,24,3.772055208874201,False,0.2,0.0002787068004459309,0,mix
1.150751000008313,949.0,16460.0,0.0576514185043436,15.0,24.0,95808,73921,40599,0,0,20,3.1709505944546685,False,0.16666666666666666,0.0002787068004459309,0,mix
1.386912000016309,1034.0,15606.0,0.06625232267572244,14.0,22.0,95808,73921,40599,0,0,28,3.8248629576173565,False,0.3333333333333333,0.0002787068004459309,0,mix
1.4697729999898002,1259.0,4600.0,0.2736361660508585,9.0,11.0,95808,99593,161172,0,0,12,3.2516291673878226,False,1.0,0.0002787068004459309,0,mix
0.867296999989775,1045.0,3805.0,0.2745664739884393,10.0,12.0,95808,170766,161172,0,0,19,3.7216117239699007,False,0.25,0.0002787068004459309,0,mix
0.621843000000808,1189.0,5364.0,0.22162162162162163,10.0,13.0,95808,99593,161172,0,0,30,4.12323142879762,False,0.2,0.0002787068004459309,0,mix
0.6135950000025331,643.0,3951.0,0.16270242914979757,9.0,9.0,95808,99593,161172,0,0,30,4.12323142879762,False,0.2,0.0002787068004459309,0,mix
4.494254000019282,3461.0,1066836.0,0.0032441694466914814,155.0,942.0,95808,72598,161172,0,0,13,3.3927474104487847,False,0.022222222222222223,0.0002787068004459309,0,mix
4.496981000003871,2037.0,30402.0,0.06699996710850903,34.0,55.0,95808,69425,161172,0,0,13,3.3927474104487847,False,0.03225806451612903,0.0002787068004459309,0,mix
3.869158999994397,11278.0,93507.0,0.12061000128331266,48.0,120.0,95808,67117,161172,0,0,11,3.027169118440619,False,0.0003711952487008166,0.0002787068004459309,0,mix
3.473184999980731,1796.0,4479.0,0.40089285714285716,12.0,16.0,95808,67117,161172,0,0,23,3.6211755429194716,False,0.09090909090909091,0.0002787068004459309,0,mix
2.858016000012867,971.0,17987.0,0.053980431398710255,15.0,25.0,95808,73921,40599,0,0,20,3.1709505944546685,False,0.16666666666666666,0.0002787068004459309,0,mix
3.133440000005066,1655.0,4428.0,0.3736735154662452,13.0,17.0,95808,67117,161172,0,0,21,3.6304126608739975,False,0.06666666666666667,0.0002787068004459309,0,mix
2.670362999982899,3317.0,3515.0,0.9434015927189988,12.0,15.0,12919,150699,161172,0,0,19,3.5766176449086653,False,0.1111111111111111,0.0048543689320388345,0,mix
2.118002999981399,1843.0,5542.0,0.3324914306332311,12.0,14.0,95808,150699,161172,0,0,12,3.0220552088742,False,0.125,0.0002787068004459309,0,mix
2.17862600000808,1304.0,4605.0,0.28310898827616154,10.0,13.0,95808,99593,161172,0,0,20,3.546439344671015,False,0.125,0.0002787068004459309,0,mix
0.93662000002223,2727.0,4075.0,0.6690382728164868,15.0,19.0,95808,73921,40599,0,0,16,3.1556390622295662,False,0.006060606060606061,0.0002787068004459309,0,mix
4.412149000010686,1060.0,4844.0,0.21878224974200206,12.0,16.0,95808,67117,161172,0,0,4,2.0,False,0.25,0.0002787068004459309,0,mix
7.238647999998648,2817.0,16505.0,0.17066521264994547,21.0,33.0,95808,67117,161172,0,0,11,3.027169118440619,False,0.0003711952487008166,0.0002787068004459309,0,mix
4.832048000011127,1803.0,4480.0,0.40236554340548986,12.0,16.0,95808,67117,161172,0,0,23,3.6211755429194716,False,0.09090909090909091,0.0002787068004459309,0,mix
4.525456000003032,1662.0,4427.0,0.37533875338753386,12.0,16.0,95808,67117,161172,0,0,21,3.6304126608739975,False,0.06666666666666667,0.0002787068004459309,0,mix
3.826700000005075,7563.0,4833.0,1.5645428216797683,19.0,23.0,95808,73921,40599,0,0,16,3.1556390622295662,False,0.006060606060606061,0.0002787068004459309,0,mix
3.811232999985805,581.0,3504.0,0.16576319543509271,9.0,9.0,95808,73921,40599,0,0,12,3.0220552088742,False,0.14285714285714285,0.0002787068004459309,0,mix
3.816552000003867,581.0,3506.0,0.1656686626746507,9.0,9.0,95808,73921,40599,0,0,28,3.824862957617356,False,0.07692307692307693,0.0002787068004459309,0,mix
3.762944000016432,581.0,3505.0,0.1657159155733029,9.0,9.0,95808,73921,40599,0,0,19,3.4316235658474303,False,0.02631578947368421,0.0002787068004459309,0,mix
1.751122000016039,1051.0,19040.0,0.05519668084659419,11.0,21.0,95808,72598,161172,0,0,21,3.5585186130489053,False,1.0,0.0002787068004459309,0,mix
1.214697999996133,1560.0,6331.0,0.246367656348705,12.0,16.0,95808,86241,161172,0,0,13,3.3927474104487847,False,1.0,0.0002787068004459309,0,mix
1.221292000001995,1001.0,7386.0,0.13550832543657776,13.0,18.0,95808,199364,161172,0,0,16,3.452819531114783,False,0.5,0.0002787068004459309,0,mix
1.470897999999579,1899.0,6020.0,0.3153961136023916,12.0,16.0,12919,150699,161172,0,0,28,4.182005814760214,False,0.14285714285714285,0.0048543689320388345,0,mix
1.288902000000234,1733.0,6090.0,0.2845181415202758,11.0,14.0,95808,150699,161172,0,0,21,3.5585186130489057,False,0.5,0.0002787068004459309,0,mix
1.32954000000609,1271.0,5515.0,0.2304205946337926,11.0,15.0,12919,150699,161172,0,0,28,4.182005814760214,False,0.14285714285714285,0.0048543689320388345,0,mix
1.047179000015603,568.0,176.0,3.209039548022599,7.0,8.0,12919,150699,161172,0,0,28,4.182005814760214,False,0.14285714285714285,0.0048543689320388345,0,mix
0.7304219999932681,1064.0,28368.0,0.03750572808347139,16.0,32.0,95808,99593,161172,0,0,18,3.6143694458867563,False,1.0,0.0002787068004459309,0,mix
0.079489999974612,610.0,4720.0,0.1292099131539928,9.0,10.0,12919,224797,161172,0,0,19,3.4713544870139295,False,1.0,0.0048543689320388345,0,mix
0.353972000011708,1088.0,7757.0,0.14024233049755092,12.0,18.0,95808,199364,161172,0,0,23,3.3231428049945433,False,0.16666666666666666,0.0002787068004459309,0,mix
5.343703000020469,1290.0,3214.0,0.401244167962675,9.0,10.0,95808,155990,161172,0,0,24,3.636842188131012,False,0.5,0.0002787068004459309,0,mix
5.34484400000656,1298.0,3222.0,0.40273037542662116,9.0,10.0,95808,155990,161172,0,0,24,3.636842188131012,False,0.5,0.0002787068004459309,0,mix
5.379266000003554,1173.0,4872.0,0.2407141391340037,14.0,16.0,95808,67117,161172,0,0,16,3.452819531114783,False,0.3333333333333333,0.0002787068004459309,0,mix
0.390144000004511,1162.0,3873.0,0.2999483737738771,8.0,11.0,95808,125552,161172,0,0,16,3.375,False,0.25,0.0002787068004459309,0,mix
0.24222399998689,1096.0,4540.0,0.24135652939881083,9.0,13.0,95808,150699,161172,0,0,28,3.8962915290459272,False,1.0,0.0002787068004459309,0,mix
5.4074149999942165,1328.0,3776.0,0.3516018003706646,9.0,11.0,95808,193759,161172,0,0,27,4.088220835496803,False,1.0,0.0002787068004459309,0,mix
4.579628999985289,1085.0,17866.0,0.060726478983601055,13.0,23.0,95808,134185,161172,0,0,17,3.2195282822995477,False,1.0,0.0002787068004459309,0,mix
4.623107999999775,1357.0,33447.0,0.0405704376943315,24.0,44.0,95808,199364,161172,0,0,10,3.121928094887362,False,1.0,0.0002787068004459309,0,mix
4.591371999995317,1046.0,43604.0,0.02398807476206857,18.0,42.0,95808,99593,161172,0,0,14,3.521640636343319,False,1.0,0.0002787068004459309,0,mix
4.619628999993438,1044.0,6769.0,0.15420974889217134,12.0,15.0,95808,72598,161172,0,0,10,2.9219280948873623,False,1.0,0.0002787068004459309,0,mix
4.493966000009095,1057.0,3865.0,0.2734092084842214,10.0,13.0,95808,170766,161172,0,0,16,3.75,False,0.1111111111111111,0.0002787068004459309,0,mix
4.930908000009367,4735.0,9510.0,0.4978446009883293,16.0,20.0,95808,150699,161172,0,0,28,4.182005814760214,False,0.14285714285714285,0.0002787068004459309,0,mix
4.6861449999851175,5924.0,4249.0,1.3938823529411766,16.0,20.0,12919,150699,161172,0,0,19,3.5766176449086653,False,0.1111111111111111,0.0048543689320388345,0,mix
4.173869999998715,1210.0,5464.0,0.22140896614821592,12.0,16.0,95808,73921,40599,0,0,16,3.1556390622295662,False,0.006060606060606061,0.0002787068004459309,0,mix
4.175482999999076,4344.0,6474.0,0.6708880308880308,16.0,20.0,95808,170766,161172,0,0,17,3.734521664779752,False,0.2,0.0002787068004459309,0,mix
4.288491999992402,2559.0,593.0,4.308080808080808,11.0,12.0,95808,150699,161172,0,0,28,4.182005814760214,False,0.14285714285714285,0.0002787068004459309,0,mix
4.383398999983911,7500.0,6627.0,1.131563065781533,16.0,19.0,95808,150699,161172,0,0,14,3.2359263506290334,False,0.030303030303030304,0.0002787068004459309,0,mix
4.029370000003837,1644.0,6097.0,0.2695965890455887,10.0,12.0,95808,126523,161172,0,0,23,3.5511911744656968,False,0.16666666666666666,0.0002787068004459309,0,mix
4.028925999999046,1642.0,5972.0,0.2749037334672694,10.0,12.0,95808,126523,161172,0,0,23,3.5511911744656968,False,0.16666666666666666,0.0002787068004459309,0,mix
4.028288000001339,1663.0,6097.0,0.2727123647097409,10.0,12.0,95808,126523,161172,0,0,23,3.5511911744656968,False,0.16666666666666666,0.0002787068004459309,0,mix
4.029399999999441,1647.0,5972.0,0.27574083375188346,10.0,12.0,95808,126523,161172,0,0,23,3.5511911744656968,False,0.16666666666666666,0.0002787068004459309,0,mix
4.028901999990921,1667.0,6097.0,0.2733683174811414,10.0,12.0,95808,126523,161172,0,0,23,3.5511911744656968,False,0.16666666666666666,0.0002787068004459309,0,mix
4.013145000004442,2664.0,6445.0,0.41327955321129384,12.0,14.0,95808,126523,161172,0,0,23,3.5511911744656968,False,0.16666666666666666,0.0002787068004459309,0,mix
4.310836999997264,568.0,176.0,3.209039548022599,7.0,8.0,95808,150699,161172,0,0,28,4.182005814760214,False,0.14285714285714285,0.0002787068004459309,0,mix
4.349453000002541,1149.0,4770.0,0.2408300146719765,12.0,16.0,95808,67117,161172,0,0,4,2.0,False,0.25,0.0002787068004459309,0,mix
3.355799999990267,3962.0,7424.0,0.5336026936026936,14.0,18.0,95808,155990,161172,0,0,24,3.772055208874201,False,0.2,0.0002787068004459309,0,mix
3.347803999989992,1143.0,7551.0,0.15135063559322035,13.0,18.0,95808,199364,161172,0,0,23,3.3231428049945433,False,0.16666666666666666,0.0002787068004459309,0,mix
3.696800000005169,1912.0,5751.0,0.33240611961057026,11.0,14.0,95808,150699,161172,0,0,21,3.5585186130489057,False,0.5,0.0002787068004459309,0,mix
3.265387999999802,2003.0,4768.0,0.42000419375131054,12.0,16.0,95808,220620,161172,0,0,27,4.106377316818028,False,0.5,0.0002787068004459309,0,mix
0.069839000003412,775.0,3571.0,0.2169652855543113,8.0,9.0,95808,220620,161172,0,0,27,4.106377316818028,False,0.5,0.0002787068004459309,0,mix
3.381460999982664,1227.0,3883.0,0.3159114315139032,9.0,11.0,95808,125552,161172,0,0,16,3.375,False,0.25,0.0002787068004459309,0,mix
3.315052999998443,1099.0,5709.0,0.1924693520140105,11.0,15.0,95808,72598,161172,0,0,19,3.3263604079526936,False,0.5,0.0002787068004459309,0,mix
3.305506000004243,1173.0,6005.0,0.1953046953046953,9.0,12.0,95808,72598,161172,0,0,13,3.0269868333592873,False,1.0,0.0002787068004459309,0,mix
3.052579999988666,2075.0,3142.0,0.6601972637607382,10.0,12.0,95808,150699,161172,0,0,22,3.606936732175321,False,0.02857142857142857,0.0002787068004459309,0,mix
1.7011150000034831,5938.0,1277.0,4.646322378716745,14.0,17.0,12919,150699,161172,0,0,19,3.5766176449086653,False,0.1111111111111111,0.0048543689320388345,0,mix
1.502036999998381,4145.0,910.0,4.549945115257958,12.0,14.0,12919,150699,161172,0,0,19,3.5766176449086653,False,0.1111111111111111,0.0048543689320388345,0,mix
1.5275170000095382,568.0,176.0,3.209039548022599,7.0,8.0,12919,150699,161172,0,0,19,3.5766176449086653,False,0.1111111111111111,0.0048543689320388345,0,mix
1.479580999992322,568.0,176.0,3.209039548022599,7.0,8.0,12919,150699,161172,0,0,19,3.5766176449086653,False,0.1111111111111111,0.0048543689320388345,0,mix
1.282425999990664,1476.0,5826.0,0.25330358675133,11.0,15.0,95808,72598,161172,0,0,22,3.538310595615006,False,1.0,0.0002787068004459309,0,mix
1.019395999988773,1621.0,8349.0,0.1941317365269461,13.0,17.0,95808,170766,161172,0,0,18,3.6143694458867563,False,0.5,0.0002787068004459309,0,mix
0.921774000016739,835.0,2695.0,0.30971810089020774,8.0,8.0,95808,155990,161172,0,0,24,3.772055208874201,False,0.2,0.0002787068004459309,0,mix
0.936568999983137,835.0,2695.0,0.30971810089020774,8.0,8.0,95808,155990,161172,0,0,24,3.772055208874201,False,0.2,0.0002787068004459309,0,mix
0.8916489999974141,1135.0,5907.0,0.19211238997968855,9.0,12.0,95808,72598,161172,0,0,21,3.5178160905596987,False,1.0,0.0002787068004459309,0,mix
0.578001999994739,1786.0,7111.0,0.25112485939257595,10.0,14.0,95808,126523,161172,0,0,26,3.686419411348773,False,0.25,0.0002787068004459309,0,mix
0.576785000012023,643.0,5623.0,0.11433143669985775,9.0,10.0,95808,126523,161172,0,0,26,3.686419411348773,False,0.25,0.0002787068004459309,0,mix
0.383526999998139,568.0,183.0,3.0869565217391304,7.0,8.0,95808,79991,161172,0,0,17,3.734521664779752,False,0.2,0.0002787068004459309,0,mix
0.268414000020129,971.0,17912.0,0.054206442248646236,15.0,25.0,95808,73921,40599,0,0,20,3.1709505944546685,False,0.16666666666666666,0.0002787068004459309,0,mix
4.897832999995444,7041.0,4012.0,1.7545477199102915,17.0,21.0,95808,73921,40599,0,0,16,3.1556390622295662,False,0.006060606060606061,0.0002787068004459309,0,mix
4.694367999996757,2659.0,275083.0,0.009666138343196988,115.0,295.0,95808,199364,161172,0,0,12,2.8553885422075336,False,1.0,0.0002787068004459309,0,mix
4.165720999997575,2583.0,7519.0,0.3434840425531915,15.0,19.0,95808,199364,161172,0,0,23,3.3231428049945433,False,0.16666666666666666,0.0002787068004459309,0,mix
4.06366800001706,581.0,3505.0,0.1657159155733029,9.0,9.0,95808,73921,40599,0,0,12,3.0220552088742,False,0.14285714285714285,0.0002787068004459309,0,mix
84.15812799998093,2501.0,7190.0,0.3477958559310249,23.0,31.0,95808,73921,40599,0,0,24,3.740601562950723,False,0.1,0.0002787068004459309,0,mix
4.062255999975605,581.0,3505.0,0.1657159155733029,9.0,9.0,95808,73921,40599,0,0,19,3.4316235658474303,False,0.02631578947368421,0.0002787068004459309,0,mix
4.064654999994673,581.0,3505.0,0.1657159155733029,9.0,9.0,95808,73921,40599,0,0,28,3.824862957617356,False,0.07692307692307693,0.0002787068004459309,0,mix
3.974684999993769,2593.0,7347.0,0.35288513881328254,13.0,17.0,95808,20847,161172,0,0,10,2.9219280948873623,False,0.2,0.0002787068004459309,0,mix
4.105168000009144,1896.0,6693.0,0.2832387212429041,12.0,14.0,95808,126523,161172,0,0,26,3.686419411348773,False,0.25,0.0002787068004459309,0,mix
3.892327000008663,3167.0,3791.0,0.8351793248945147,11.0,13.0,95808,170766,161172,0,0,16,3.75,False,0.1111111111111111,0.0002787068004459309,0,mix
3.813807999977143,3102.0,739.0,4.191891891891892,10.0,11.0,95808,79991,161172,0,0,16,3.75,False,0.1111111111111111,0.0002787068004459309,0,mix
4.250112999987323,3504.0,4796.0,0.7304565353345841,15.0,19.0,95808,67117,161172,0,0,21,3.6304126608739975,False,0.06666666666666667,0.0002787068004459309,0,mix
3.511192999983905,8129.0,6627.0,1.2264634882317442,18.0,20.0,95808,150699,161172,0,0,14,3.2359263506290334,False,0.030303030303030304,0.0002787068004459309,0,mix
3.063430000009248,2634.0,4669.0,0.5640256959314776,12.0,17.0,95808,175537,161172,0,0,14,3.2359263506290326,False,0.16666666666666666,0.0002787068004459309,0,mix
3.064405000011902,2057.0,3682.0,0.5585120825414065,13.0,15.0,95808,175537,161172,0,0,14,3.2359263506290326,False,0.16666666666666666,0.0002787068004459309,0,mix
2.924469000019598,1748.0,5812.0,0.30070531567177017,11.0,15.0,95808,99593,161172,0,0,15,3.640223928941852,False,0.25,0.0002787068004459309,0,mix
2.858084000006783,1424.0,3423.0,0.4158878504672897,10.0,12.0,95808,128546,161172,0,0,11,3.277613436819116,False,1.0,0.0002787068004459309,0,mix
2.887096999998903,1258.0,4349.0,0.2891954022988506,11.0,13.0,95808,67117,161172,0,0,16,3.452819531114783,False,0.3333333333333333,0.0002787068004459309,0,mix
2.827294999995501,2537.0,7837.0,0.3236795100791018,13.0,17.0,95808,125552,161172,0,0,15,3.5068905956085183,False,1.0,0.0002787068004459309,0,mix
2.899998000008054,1453.0,3677.0,0.3950516585100598,9.0,11.0,95808,125552,161172,0,0,16,3.375,False,0.25,0.0002787068004459309,0,mix
2.585259999992558,1327.0,3364.0,0.39435364041604754,10.0,13.0,95808,175537,161172,0,0,14,3.039148671903071,False,1.0,0.0002787068004459309,0,mix
2.548345999995945,1893.0,5282.0,0.3583191368540602,10.0,13.0,95808,132839,161172,0,0,20,3.5841837197791886,False,1.0,0.0002787068004459309,0,mix
2.37308099999791,12912.0,4744.0,2.7211801896733405,23.0,27.0,95808,67117,161172,0,0,11,3.027169118440619,False,0.0003711952487008166,0.0002787068004459309,0,mix
2.35882500000298,1042.0,7312.0,0.14248598386435116,13.0,18.0,95808,72598,161172,0,0,13,3.3927474104487847,False,0.022222222222222223,0.0002787068004459309,0,mix
2.081197999999858,5765.0,4873.0,1.182806729585556,13.0,15.0,95808,134185,161172,0,0,22,3.658993415253805,False,0.3333333333333333,0.0002787068004459309,0,mix
2.041254999989178,1120.0,5647.0,0.19830028328611898,11.0,14.0,95808,63686,161172,0,0,24,3.2720552088742005,False,0.25,0.0002787068004459309,0,mix
1.637640000000828,1028.0,15603.0,0.06588054345039733,12.0,22.0,95808,73921,40599,0,0,28,3.8248629576173565,False,0.3333333333333333,0.0002787068004459309,0,mix
8.88957600001595,3830.0,7354.0,0.5207341944255608,13.0,18.0,95808,170766,161172,0,0,17,3.734521664779752,False,0.2,0.0002787068004459309,0,mix
8.650584999995772,1280.0,7436.0,0.17211241091838106,14.0,18.0,95808,20847,161172,0,0,10,2.9219280948873623,False,0.2,0.0002787068004459309,0,mix
8.663398000004236,1257.0,615.0,2.0405844155844157,13.0,15.0,95808,80881,161172,0,0,23,3.3231428049945433,False,0.16666666666666666,0.0002787068004459309,0,mix
8.578850000019884,1562.0,1295.0,1.2052469135802468,11.0,12.0,95808,79991,161172,0,0,16,3.75,False,0.1111111111111111,0.0002787068004459309,0,mix
8.524212999996962,1542.0,1295.0,1.1898148148148149,11.0,12.0,95808,79991,161172,0,0,16,3.75,False,0.1111111111111111,0.0002787068004459309,0,mix
8.756270000012591,1787.0,1037.0,1.7215799614643545,13.0,16.0,95808,41932,161172,0,0,21,3.6304126608739975,False,0.06666666666666667,0.0002787068004459309,0,mix
6.074064999993425,2501.0,848.0,2.9458186101295643,11.0,13.0,151309,114094,40599,0,0,16,3.1556390622295662,False,0.006060606060606061,0.005263157894736842,0,mix
6.147193000011612,6298.0,1729.0,3.6404624277456645,14.0,15.0,95808,150699,161172,0,0,14,3.2359263506290334,False,0.030303030303030304,0.0002787068004459309,0,mix
3.091205000004265,1991.0,3142.0,0.6334712058542793,10.0,12.0,95808,150699,161172,0,0,22,3.606936732175321,False,0.02857142857142857,0.0002787068004459309,0,mix
2.66901099999086,1993.0,5714.0,0.34873140857392826,11.0,14.0,95808,99593,161172,0,0,22,3.265583322887733,False,0.5,0.0002787068004459309,0,mix
2.503192999982275,1839.0,5021.0,0.36618876941457584,11.0,14.0,12919,99593,161172,0,0,22,3.265583322887733,False,0.5,0.0048543689320388345,0,mix
2.640408999985084,1880.0,5951.0,0.31586021505376344,11.0,14.0,95808,99593,161172,0,0,20,3.546439344671015,False,0.125,0.0002787068004459309,0,mix
2.14440900000045,1930.0,5542.0,0.3481869023994227,11.0,14.0,95808,150699,161172,0,0,12,3.0220552088742,False,0.125,0.0002787068004459309,0,mix
0.7654880000045521,568.0,183.0,3.0869565217391304,7.0,8.0,95808,167632,161172,0,0,15,3.640223928941852,False,0.25,0.0002787068004459309,0,mix
0.7684609999996611,568.0,183.0,3.0869565217391304,7.0,8.0,95808,167632,161172,0,0,15,3.640223928941852,False,0.25,0.0002787068004459309,0,mix
0.7689020000107121,568.0,183.0,3.0869565217391304,7.0,8.0,95808,167632,161172,0,0,15,3.640223928941852,False,0.25,0.0002787068004459309,0,mix
0.604019999998854,1297.0,6050.0,0.21434473640720542,14.0,17.0,95808,137196,161172,0,0,13,3.3927474104487847,False,1.0,0.0002787068004459309,0,mix
0.061642999993637,4821.0,1304.0,3.6942528735632183,10.0,12.0,95808,79991,161172,0,0,22,3.658993415253805,False,0.3333333333333333,0.0002787068004459309,0,mix
7.761980000010226,1716.0,4287.0,0.4001865671641791,11.0,14.0,95808,79991,161172,0,0,17,3.734521664779752,False,0.2,0.0002787068004459309,0,mix
7.393423999979859,1279.0,7436.0,0.1719779480973511,14.0,18.0,95808,20847,161172,0,0,10,2.9219280948873623,False,0.2,0.0002787068004459309,0,mix
7.412186000001384,1256.0,615.0,2.038961038961039,13.0,15.0,95808,80881,161172,0,0,23,3.3231428049945433,False,0.16666666666666666,0.0002787068004459309,0,mix
7.320405000005849,1561.0,1295.0,1.2044753086419753,11.0,12.0,95808,79991,161172,0,0,16,3.75,False,0.1111111111111111,0.0002787068004459309,0,mix
7.178248000011081,1541.0,1295.0,1.189043209876543,11.0,12.0,95808,79991,161172,0,0,16,3.75,False,0.1111111111111111,0.0002787068004459309,0,mix
7.48352400001022,1786.0,1039.0,1.7173076923076922,13.0,16.0,95808,41932,161172,0,0,21,3.6304126608739975,False,0.06666666666666667,0.0002787068004459309,0,mix
6.17336700001033,6150.0,1782.0,3.4492428491306786,13.0,14.0,95808,150699,161172,0,0,14,3.2359263506290334,False,0.030303030303030304,0.0002787068004459309,0,mix
8.418547000008402,9355.0,2533.0,3.691791633780584,18.0,19.0,95808,150699,161172,0,0,14,3.2359263506290334,False,0.030303030303030304,0.0002787068004459309,0,mix
8.126462000014726,1916.0,418.0,4.572792362768497,9.0,10.0,95808,150699,161172,0,0,22,3.606936732175321,False,0.02857142857142857,0.0002787068004459309,0,mix
7.633411000017077,2838.0,6841.0,0.41479099678456594,13.0,16.0,95808,150699,161172,0,0,28,4.182005814760214,False,0.14285714285714285,0.0002787068004459309,0,mix
7.139629000012064,1143.0,1501.0,0.7609853528628495,9.0,10.0,95808,79991,161172,0,0,17,3.734521664779752,False,0.2,0.0002787068004459309,0,mix
6.806739999999991,1398.0,85188.0,0.016410569439716395,42.0,96.0,95808,199364,161172,0,0,16,3.452819531114783,False,0.5,0.0002787068004459309,0,mix
6.744731999991927,1091.0,585.0,1.8617747440273038,10.0,12.0,95808,31095,161172,0,0,10,2.9219280948873623,False,0.2,0.0002787068004459309,0,mix
6.753354000014952,1071.0,503.0,2.125,10.0,12.0,95808,80881,161172,0,0,23,3.3231428049945433,False,0.16666666666666666,0.0002787068004459309,0,mix
6.678842999972403,1065.0,739.0,1.4391891891891893,9.0,10.0,95808,79991,161172,0,0,16,3.75,False,0.1111111111111111,0.0002787068004459309,0,mix
6.628769000002649,1055.0,739.0,1.4256756756756757,9.0,10.0,95808,79991,161172,0,0,16,3.75,False,0.1111111111111111,0.0002787068004459309,0,mix
6.852982999989763,1622.0,809.0,2.0024691358024693,11.0,14.0,95808,41932,161172,0,0,21,3.6304126608739975,False,0.06666666666666667,0.0002787068004459309,0,mix
6.072058999998262,2532.0,826.0,3.0616686819830714,12.0,14.0,151309,114094,40599,0,0,16,3.1556390622295662,False,0.006060606060606061,0.005263157894736842,0,mix
6.160716000013053,6380.0,6618.0,0.9638918265599034,16.0,18.0,95808,150699,161172,0,0,14,3.2359263506290334,False,0.030303030303030304,0.0002787068004459309,0,mix
3.124436999991303,1917.0,418.0,4.575178997613365,9.0,10.0,95808,150699,161172,0,0,22,3.606936732175321,False,0.02857142857142857,0.0002787068004459309,0,mix
2.180303000001004,1857.0,614.0,3.0195121951219512,9.0,10.0,95808,150699,161172,0,0,12,3.0220552088742,False,0.125,0.0002787068004459309,0,mix
6.201713999995263,6156.0,1784.0,3.4487394957983195,13.0,15.0,95808,150699,161172,0,0,14,3.2359263506290334,False,0.030303030303030304,0.0002787068004459309,0,mix
8.14690999998129,1919.0,418.0,4.579952267303103,9.0,10.0,95808,150699,161172,0,0,22,3.606936732175321,False,0.02857142857142857,0.0002787068004459309,0,mix
7.763507000025129,1864.0,1651.0,1.1283292978208233,13.0,16.0,95808,41932,161172,0,0,11,3.027169118440619,False,0.0003711952487008166,0.0002787068004459309,0,mix
1.197821000008843,3490.0,980.0,3.5575942915392456,11.0,12.0,95808,150699,161172,0,0,14,3.2359263506290334,False,0.030303030303030304,0.0002787068004459309,0,mix
7.388263000000734,1581.0,460.0,3.4295010845986984,9.0,10.0,95808,167632,161172,0,0,24,3.2720552088742005,False,0.25,0.0002787068004459309,0,mix
7.403564000007464,1999.0,7475.0,0.2673889780631354,14.0,18.0,95808,199364,161172,0,0,15,3.3232314287976203,False,0.25,0.0002787068004459309,0,mix
6.122956999985035,2533.0,826.0,3.0628778718258767,11.0,13.0,151309,114094,40599,0,0,16,3.1556390622295662,False,0.006060606060606061,0.005263157894736842,0,mix
3.154316000000108,1995.0,3142.0,0.6347438752783965,10.0,12.0,95808,150699,161172,0,0,22,3.606936732175321,False,0.02857142857142857,0.0002787068004459309,0,mix
2.192547000013292,1933.0,5542.0,0.34872812556377414,11.0,14.0,95808,150699,161172,0,0,12,3.0220552088742,False,0.125,0.0002787068004459309,0,mix
1.223874999996041,3620.0,980.0,3.690112130479103,11.0,12.0,95808,150699,161172,0,0,14,3.2359263506290334,False,0.030303030303030304,0.0002787068004459309,0,mix
1.217688000004273,5318.0,990.0,5.366296670030272,13.0,14.0,95808,150699,161172,0,0,14,3.2359263506290334,False,0.030303030303030304,0.0002787068004459309,0,mix
35.04517600001418,2273.0,2858.0,0.795033228401539,19.0,24.0,151309,114094,40599,0,0,24,3.740601562950723,False,0.1,0.005263157894736842,0,mix
8.206955000001471,1919.0,418.0,4.579952267303103,9.0,10.0,95808,150699,161172,0,0,22,3.606936732175321,False,0.02857142857142857,0.0002787068004459309,0,mix
1.23621699999785,3341.0,927.0,3.6002155172413794,10.0,11.0,95808,150699,161172,0,0,14,3.2359263506290334,False,0.030303030303030304,0.0002787068004459309,0,mix
6.17531500000041,2563.0,848.0,3.0188457008244995,12.0,14.0,151309,114094,40599,0,0,16,3.1556390622295662,False,0.006060606060606061,0.005263157894736842,0,mix
3.204751000012038,1919.0,418.0,4.579952267303103,9.0,10.0,95808,150699,161172,0,0,22,3.606936732175321,False,0.02857142857142857,0.0002787068004459309,0,mix
2.272105999989435,1859.0,614.0,3.0227642276422766,9.0,10.0,95808,150699,161172,0,0,12,3.0220552088742,False,0.125,0.0002787068004459309,0,mix
1.240312000008998,3417.0,5814.0,0.5876182287188306,12.0,14.0,95808,150699,161172,0,0,14,3.2359263506290334,False,0.030303030303030304,0.0002787068004459309,0,mix
1.286045999993803,3494.0,980.0,3.561671763506626,11.0,12.0,95808,150699,161172,0,0,14,3.2359263506290334,False,0.030303030303030304,0.0002787068004459309,0,mix
5.089296999998623,2073.0,418.0,4.947494033412887,10.0,11.0,95808,150699,161172,0,0,22,3.606936732175321,False,0.02857142857142857,0.0002787068004459309,0,mix
9.771291000011844,6553.0,858137.0,0.007636300921297041,214.0,745.0,95808,199364,161172,0,0,10,2.4464393446710155,False,0.3333333333333333,0.0002787068004459309,0,mix
0.082630999997491,610.0,6788.0,0.08985122993077037,9.0,12.0,95808,199364,161172,0,0,10,2.4464393446710155,False,0.3333333333333333,0.0002787068004459309,0,mix
4.517978999996558,643.0,4231.0,0.15193761814744802,9.0,9.0,12919,99593,161172,0,0,13,3.0850551027564768,False,0.5,0.0048543689320388345,0,mix
4.5536579999898095,643.0,2997.0,0.21447631754503002,9.0,8.0,12919,169448,161172,0,0,12,3.418295834054489,False,0.1111111111111111,0.0048543689320388345,0,mix
4.481398999982048,643.0,4231.0,0.15193761814744802,9.0,9.0,12919,99593,161172,0,0,14,3.09306920777189,False,0.3333333333333333,0.0048543689320388345,0,mix
4.459698999999091,2470.0,39878.0,0.06193736051555957,22.0,47.0,95808,63686,161172,0,0,19,3.2608281712244556,False,0.0625,0.0002787068004459309,0,mix
4.505296999996062,643.0,2998.0,0.21440480160053352,8.0,8.0,12919,169448,161172,0,0,16,3.5,False,0.3333333333333333,0.0048543689320388345,0,mix
4.072852999990573,1708.0,22182.0,0.0769958977595456,16.0,29.0,95808,251181,161172,0,0,9,2.4193819456463714,False,1.0,0.0002787068004459309,0,mix
3.868080000014743,1672.0,33231.0,0.0503129513721714,16.0,35.0,95808,99593,161172,0,0,14,3.09306920777189,False,0.3333333333333333,0.0002787068004459309,0,mix
3.838809000008041,953.0,8424.0,0.11311572700296736,12.0,17.0,95808,203200,40599,0,0,20,3.584183719779189,False,1.0,0.0002787068004459309,0,mix
3.855203999992227,1089.0,5520.0,0.19724687556602064,13.0,16.0,95808,86241,161172,0,0,14,3.182005814760214,False,1.0,0.0002787068004459309,0,mix
3.647365999990143,1765.0,254151.0,0.006944663036293242,105.0,276.0,12919,199364,161172,0,0,13,2.4996981431844145,False,0.2,0.0048543689320388345,0,mix
3.599371999996947,610.0,6773.0,0.09005019191024506,10.0,11.0,12919,199364,161172,0,0,13,2.4996981431844145,False,0.2,0.0048543689320388345,0,mix
3.598598999989917,610.0,6773.0,0.09005019191024506,10.0,12.0,12919,199364,161172,0,0,13,2.4996981431844145,False,0.2,0.0048543689320388345,0,mix
3.593196000001626,610.0,6773.0,0.09005019191024506,9.0,10.0,12919,199364,161172,0,0,13,2.4996981431844145,False,0.2,0.0048543689320388345,0,mix
3.586836999980733,610.0,6773.0,0.09005019191024506,10.0,11.0,12919,199364,161172,0,0,13,2.4996981431844145,False,0.2,0.0048543689320388345,0,mix
3.06715700001223,1490.0,12622.0,0.11803850114869682,12.0,20.0,95808,167632,161172,0,0,19,3.2608281712244556,False,0.0625,0.0002787068004459309,0,mix
3.061788999999407,568.0,183.0,3.0869565217391304,7.0,8.0,95808,167632,161172,0,0,19,3.2608281712244556,False,0.0625,0.0002787068004459309,0,mix
3.04916999998386,568.0,183.0,3.0869565217391304,7.0,8.0,95808,167632,161172,0,0,19,3.2608281712244556,False,0.0625,0.0002787068004459309,0,mix
2.936440000019502,1074.0,8606.0,0.12478215406064831,13.0,18.0,95808,203200,40599,0,0,19,3.616348566075164,False,1.0,0.0002787068004459309,0,mix
2.638240999978734,1047.0,30858.0,0.03392851356168379,17.0,35.0,95808,72598,161172,0,0,25,3.7492750707107123,False,1.0,0.0002787068004459309,0,mix
2.654551999992691,1163.0,4405.0,0.26395823876532004,9.0,11.0,95808,207571,161172,0,0,26,3.642371448743902,False,1.0,0.0002787068004459309,0,mix
2.564308000000892,7765.0,6697.0,1.1593012839653627,16.0,18.0,95808,81738,161172,0,0,15,3.106890595608519,False,0.3333333333333333,0.0002787068004459309,0,mix
2.389894000021741,1401.0,4935.0,0.2838330632090762,10.0,12.0,95808,48209,161172,0,0,30,3.723231428797621,False,1.0,0.0002787068004459309,0,mix
2.345572999998694,1084.0,5148.0,0.21052631578947367,10.0,12.0,12919,251181,161172,0,0,17,3.292770193936991,False,0.5,0.0048543689320388345,0,mix
2.198750999988988,1703.0,3334.0,0.5106446776611694,10.0,13.0,95808,150699,161172,0,0,12,3.2516291673878226,False,1.0,0.0002787068004459309,0,mix
2.115967999998247,1975.0,7159.0,0.27583798882681565,12.0,15.0,95808,251181,161172,0,0,17,3.292770193936991,False,0.5,0.0002787068004459309,0,mix
2.008517999987816,1137.0,6786.0,0.16752615293944306,12.0,15.0,95808,72598,161172,0,0,27,3.5743577621291287,False,1.0,0.0002787068004459309,0,mix
2.03593300000648,3448.0,11654.0,0.2958386958386958,13.0,18.0,95808,169448,161172,0,0,12,3.418295834054489,False,0.1111111111111111,0.0002787068004459309,0,mix
1.850042000005487,5231.0,4022.0,1.3002734277902064,15.0,18.0,12919,150699,161172,0,0,22,3.4817145729860726,False,0.14285714285714285,0.0048543689320388345,0,mix
1.839982000004965,2308.0,7666.0,0.3010303899830442,13.0,16.0,95808,169448,161172,0,0,16,3.5,False,0.3333333333333333,0.0002787068004459309,0,mix
1.375105999992229,568.0,183.0,3.0869565217391304,7.0,8.0,95808,167632,161172,0,0,14,3.09306920777189,False,0.3333333333333333,0.0002787068004459309,0,mix
1.355364000017289,1116.0,32342.0,0.034505147945459606,15.0,36.0,95808,99593,161172,0,0,13,3.0850551027564768,False,0.5,0.0002787068004459309,0,mix
1.37499700000626,12240.0,6764.0,1.8093126385809313,18.0,18.0,95808,169448,161172,0,0,17,3.6168746059562227,False,0.1,0.0002787068004459309,0,mix
1.259484000009251,1501.0,103638.0,0.014482964907033066,31.0,100.0,95808,131383,161172,0,0,15,3.5068905956085183,False,0.5,0.0002787068004459309,0,mix
1.296606000018073,2381.0,3930.0,0.6056982955990842,10.0,10.0,95808,169448,161172,0,0,17,3.6168746059562227,False,0.1,0.0002787068004459309,0,mix
1.257236000004923,2377.0,3931.0,0.604526958290946,10.0,10.0,95808,169448,161172,0,0,17,3.6168746059562227,False,0.1,0.0002787068004459309,0,mix
1.283304000011412,1175.0,427750.0,0.002746925197135717,155.0,439.0,95808,199364,161172,0,0,14,3.2359263506290334,False,1.0,0.0002787068004459309,0,mix
1.170340999990003,1360.0,5123.0,0.2654176424668228,9.0,11.0,95808,74599,161172,0,0,18,3.614369445886757,False,0.14285714285714285,0.0002787068004459309,0,mix
1.163511999999173,1216.0,4075.0,0.2983316977428852,9.0,11.0,95808,130631,161172,0,0,17,3.057476076289932,False,1.0,0.0002787068004459309,0,mix
0.5935840000165621,1102.0,4294.0,0.25657741559953434,9.0,11.0,95808,72598,161172,0,0,29,3.8573068568981284,False,1.0,0.0002787068004459309,0,mix
0.707498000003397,1218.0,6595.0,0.18465736810187994,15.0,19.0,95808,252391,161172,0,0,19,3.5110854081804272,False,0.3333333333333333,0.0002787068004459309,0,mix
0.175870000006398,1187.0,7428.0,0.15977924350518238,12.0,16.0,95808,20847,161172,0,0,10,2.9219280948873623,False,0.2,0.0002787068004459309,0,mix
5.1248389999964274,1029.0,5900.0,0.17437722419928825,11.0,15.0,95808,37120,161172,0,0,20,3.6841837197791887,False,1.0,0.0002787068004459309,0,mix
5.158876000001328,2232.0,5831.0,0.38271604938271603,13.0,17.0,95808,150699,161172,0,0,15,3.106890595608518,False,1.0,0.0002787068004459309,0,mix
5.155801999993855,1732.0,3755.0,0.46112886048988283,9.0,10.0,95808,155990,161172,0,0,24,3.772055208874201,False,0.2,0.0002787068004459309,0,mix
5.133612000005087,1424.0,3045.0,0.4674983585029547,9.0,10.0,95808,33498,161172,0,0,14,3.2359263506290334,False,1.0,0.0002787068004459309,0,mix
5.196835000009742,1262.0,623.0,2.0224358974358974,8.0,8.0,95808,8595,161172,0,0,16,3.375,False,0.25,0.0002787068004459309,0,mix
5.185342999990098,1073.0,5685.0,0.1887091100949701,11.0,15.0,95808,72598,161172,0,0,19,3.3263604079526936,False,0.5,0.0002787068004459309,0,mix
4.927289999992354,3499.0,6897.0,0.5072484778196579,11.0,14.0,95808,68286,161172,0,0,11,3.0957952550009344,False,0.5,0.0002787068004459309,0,mix
4.899768999981461,643.0,2993.0,0.21476285905143622,9.0,8.0,95808,68286,161172,0,0,11,3.0957952550009344,False,0.5,0.0002787068004459309,0,mix
4.741104000015184,1695.0,623906.0,0.002716751054243661,103.0,476.0,95808,131383,161172,0,0,15,3.5068905956085183,False,0.5,0.0002787068004459309,0,mix
4.701910999981919,3931.0,7834.0,0.5017230376515635,13.0,16.0,95808,169448,161172,0,0,12,3.418295834054489,False,0.1111111111111111,0.0002787068004459309,0,mix
4.728517999988981,1071.0,5334.0,0.2007497656982193,12.0,15.0,12919,252391,161172,0,0,19,3.5110854081804272,False,0.3333333333333333,0.0048543689320388345,0,mix
4.702567000000272,1447.0,4223.0,0.3425662878787879,9.0,10.0,95808,169448,161172,0,0,12,3.418295834054489,False,0.1111111111111111,0.0002787068004459309,0,mix
5.323233000002801,1107.0,5354.0,0.20672268907563024,10.0,12.0,95808,81738,161172,0,0,18,3.4613201402110083,False,1.0,0.0002787068004459309,0,mix
4.7188009999808855,1735.0,6113.0,0.2837749427543343,14.0,19.0,95808,252391,161172,0,0,19,3.5110854081804272,False,0.3333333333333333,0.0002787068004459309,0,mix
4.54986599998665,568.0,156.0,3.6178343949044587,6.0,6.0,95808,235529,161172,0,0,12,3.418295834054489,False,0.1111111111111111,0.0002787068004459309,0,mix
4.642877000005683,1301.0,4890.0,0.26599877325700266,12.0,16.0,95808,67117,161172,0,0,16,3.452819531114783,False,0.3333333333333333,0.0002787068004459309,0,mix
11.037103000009663,1328.0,3582.0,0.3706391292213229,9.0,10.0,95808,74599,161172,0,0,12,3.418295834054489,False,1.0,0.0002787068004459309,0,mix
4.296149000001606,1868.0,4185.0,0.4462494027711419,11.0,14.0,95808,20136,161172,0,0,27,3.7360069464476573,False,1.0,0.0002787068004459309,0,mix
4.1938329999975394,1102.0,6056.0,0.1819382532606901,11.0,14.0,95808,99593,161172,0,0,13,3.3927474104487847,False,1.0,0.0002787068004459309,0,mix
0.135032999998657,643.0,5124.0,0.12546341463414634,9.0,12.0,95808,150699,161172,0,0,18,3.6143694458867563,False,1.0,0.0002787068004459309,0,mix
4.151670000021113,1161.0,3766.0,0.30820281391027343,13.0,17.0,95808,207852,161172,0,0,13,3.238901256602631,False,1.0,0.0002787068004459309,0,mix
4.144184000004316,1691.0,6445.0,0.2623332299100217,11.0,14.0,95808,132839,161172,0,0,15,3.640223928941851,False,1.0,0.0002787068004459309,0,mix
0.46060099999886,1213.0,4946.0,0.24519911057206387,8.0,11.0,95808,254306,161172,0,0,17,3.381580488309164,False,0.5,0.0002787068004459309,0,mix
4.142041999992216,3776.0,3947.0,0.9564336372847011,11.0,12.0,95808,169448,161172,0,0,17,3.6168746059562227,False,0.1,0.0002787068004459309,0,mix
4.403970999992453,2263.0,7486.0,0.302257245892881,12.0,16.0,95808,126523,161172,0,0,21,3.522571589136359,False,0.25,0.0002787068004459309,0,mix
4.416154000005918,643.0,5619.0,0.11441281138790035,9.0,10.0,95808,126523,161172,0,0,21,3.522571589136359,False,0.25,0.0002787068004459309,0,mix
4.349397000012687,1204.0,3833.0,0.3140323422013563,10.0,13.0,95808,150699,161172,0,0,13,3.0269868333592873,False,1.0,0.0002787068004459309,0,mix
3.868791999993846,1181.0,5996.0,0.19693179923294982,10.0,12.0,95808,126523,161172,0,0,26,3.686419411348773,False,0.25,0.0002787068004459309,0,mix
3.727107000013347,1473.0,4278.0,0.34423930824959104,9.0,10.0,95808,169448,161172,0,0,16,3.5,False,0.3333333333333333,0.0002787068004459309,0,mix
0.347255000000586,1232.0,523.0,2.351145038167939,7.0,8.0,95808,213722,161172,0,0,17,3.381580488309164,False,0.5,0.0002787068004459309,0,mix
708.5942309999955,9646.0,17779.0,0.5425196850393701,88.0,120.0,95808,73921,40599,0,0,24,3.740601562950723,False,0.1,0.0002787068004459309,0,mix
3.569342000002507,568.0,141.0,4.0,6.0,6.0,95808,106555,161172,0,0,21,3.522571589136359,False,0.25,0.0002787068004459309,0,mix
3.304627000004984,1403.0,5512.0,0.25448938871757665,14.0,17.0,95808,251181,161172,0,0,8,2.5,False,0.2,0.0002787068004459309,0,mix
3.573768000002019,568.0,141.0,4.0,6.0,6.0,95808,106555,161172,0,0,21,3.522571589136359,False,0.25,0.0002787068004459309,0,mix
2.482492000010097,741.0,3045.0,0.2432698621142482,10.0,11.0,12919,224797,161172,0,0,24,3.688721875540867,False,0.25,0.0048543689320388345,0,mix
2.352645000006305,1367.0,8919.0,0.15325112107623318,13.0,19.0,95808,30502,161172,0,0,24,3.688721875540867,False,0.25,0.0002787068004459309,0,mix
2.340304999990621,775.0,3049.0,0.2540983606557377,8.0,7.0,95808,30502,161172,0,0,24,3.688721875540867,False,0.25,0.0002787068004459309,0,mix
2.043401000002632,1755.0,5341.0,0.32852864095844253,13.0,16.0,95808,30502,161172,0,0,20,3.484183719779189,False,1.0,0.0002787068004459309,0,mix
2.211659000022337,2035.0,4488.0,0.453330363109824,9.0,11.0,95808,169448,161172,0,0,17,3.6168746059562227,False,0.1,0.0002787068004459309,0,mix
2.200082000024849,643.0,2996.0,0.21454788121454788,9.0,8.0,95808,169448,161172,0,0,17,3.6168746059562227,False,0.1,0.0002787068004459309,0,mix
2.117235000012442,1568.0,5155.0,0.30411171450737007,9.0,11.0,95808,74599,161172,0,0,18,3.614369445886757,False,0.14285714285714285,0.0002787068004459309,0,mix
2.115493000019341,859.0,4014.0,0.21394769613947695,8.0,9.0,95808,74599,161172,0,0,18,3.614369445886757,False,0.14285714285714285,0.0002787068004459309,0,mix
1.94111200000043,1939.0,198011.0,0.00979233581803123,43.0,152.0,95808,99593,161172,0,0,15,3.1898980954642866,False,0.1111111111111111,0.0002787068004459309,0,mix
2.014365000010002,5232.0,3573.0,1.463905987688864,13.0,16.0,12919,150699,161172,0,0,22,3.4817145729860726,False,0.14285714285714285,0.0048543689320388345,0,mix
1.940090999996755,643.0,4306.0,0.14929185047596935,9.0,9.0,95808,99593,161172,0,0,15,3.1898980954642866,False,0.1111111111111111,0.0002787068004459309,0,mix
1.709762000013142,1780.0,78143.0,0.02277846027846028,24.0,72.0,95808,63686,161172,0,0,19,3.2608281712244556,False,0.0625,0.0002787068004459309,0,mix
1.63227200001711,1164.0,27226.0,0.04275168031733206,14.0,29.0,95808,99593,161172,0,0,15,3.2402239289418517,False,0.058823529411764705,0.0002787068004459309,0,mix
1.642994000023463,3924.0,176367.0,0.02224893404699265,60.0,153.0,95808,99593,161172,0,0,15,3.2402239289418517,False,0.058823529411764705,0.0002787068004459309,0,mix
1.6410909999976862,1180.0,81369.0,0.014501659088116013,22.0,68.0,95808,99593,161172,0,0,15,3.2402239289418517,False,0.058823529411764705,0.0002787068004459309,0,mix
1.6272269999899431,1152.0,7233.0,0.15924799557644456,10.0,15.0,95808,99593,161172,0,0,15,3.2402239289418517,False,0.058823529411764705,0.0002787068004459309,0,mix
1.198720000014873,1983.0,5669.0,0.34973544973544973,11.0,16.0,95808,150699,161172,0,0,14,2.8423709931771093,False,0.5,0.0002787068004459309,0,mix
1.043704999989131,1169.0,17952.0,0.06511446554893333,13.0,24.0,95808,63686,161172,0,0,17,2.984234164652489,False,1.0,0.0002787068004459309,0,mix
0.9637729999958532,4108.0,626668.0,0.006555294740923837,107.0,473.0,95808,63686,161172,0,0,18,3.30827083453526,False,0.0625,0.0002787068004459309,0,mix
0.9000490000180431,3511.0,249010.0,0.014099778724634655,76.0,201.0,95808,167632,161172,0,0,18,3.30827083453526,False,0.0625,0.0002787068004459309,0,mix
0.9010040000139272,2755.0,181760.0,0.015157266960459064,51.0,153.0,95808,167632,161172,0,0,18,3.30827083453526,False,0.0625,0.0002787068004459309,0,mix
0.8976990000228391,2738.0,132431.0,0.020674761386975958,32.0,112.0,95808,167632,161172,0,0,18,3.30827083453526,False,0.0625,0.0002787068004459309,0,mix
0.9006400000071151,3489.0,635754.0,0.005487963130451196,127.0,479.0,95808,167632,161172,0,0,18,3.30827083453526,False,0.0625,0.0002787068004459309,0,mix
0.898722000012639,3464.0,263425.0,0.013149802980723239,46.0,209.0,95808,167632,161172,0,0,18,3.30827083453526,False,0.0625,0.0002787068004459309,0,mix
4.921937000006437,5851.0,11140.0,0.5251772731352662,19.0,25.0,95808,99593,161172,0,0,15,3.2402239289418517,False,0.058823529411764705,0.0002787068004459309,0,mix
4.919041999994079,6234.0,75108.0,0.08299937424276718,32.0,81.0,95808,99593,161172,0,0,15,3.2402239289418517,False,0.058823529411764705,0.0002787068004459309,0,mix
4.909146000019973,3558.0,14372.0,0.2475474848674598,15.0,23.0,95808,99593,161172,0,0,15,3.2402239289418517,False,0.058823529411764705,0.0002787068004459309,0,mix
4.903056999988621,2127.0,2038.0,1.0431584109857774,11.0,12.0,95808,167632,161172,0,0,15,3.2402239289418517,False,0.058823529411764705,0.0002787068004459309,0,mix
4.8522070000180975,2784.0,3202.0,0.869185138932251,11.0,14.0,95808,167632,161172,0,0,15,3.2402239289418517,False,0.058823529411764705,0.0002787068004459309,0,mix
4.787707999988925,568.0,183.0,3.0869565217391304,7.0,8.0,95808,167632,161172,0,0,15,3.2402239289418517,False,0.058823529411764705,0.0002787068004459309,0,mix
4.7771320000174455,1093.0,212869.0,0.005134589185888101,34.0,160.0,12919,99593,161172,0,0,15,3.2402239289418517,False,0.058823529411764705,0.0048543689320388345,0,mix
4.775865999981761,1093.0,214931.0,0.00508532931345728,38.0,165.0,12919,99593,161172,0,0,15,3.2402239289418517,False,0.058823529411764705,0.0048543689320388345,0,mix
4.772186999995029,1096.0,94275.0,0.011625440196868769,25.0,85.0,12919,99593,161172,0,0,15,3.2402239289418517,False,0.058823529411764705,0.0048543689320388345,0,mix
4.600635000009788,2777.0,8502.0,0.32659061507703163,13.0,19.0,95808,150699,161172,0,0,26,3.8150724101159423,False,0.5,0.0002787068004459309,0,mix
4.601120999985142,643.0,3153.0,0.20386810399492708,9.0,11.0,95808,150699,161172,0,0,26,3.8150724101159423,False,0.5,0.0002787068004459309,0,mix
4.549488999997266,4002.0,4161.0,0.9615569437770303,12.0,14.0,95808,81738,161172,0,0,20,3.4841837197791885,False,1.0,0.0002787068004459309,0,mix
4.528416000015568,1440.0,3237.0,0.44471896232242125,9.0,10.0,95808,146872,161172,0,0,18,3.03856233607563,False,1.0,0.0002787068004459309,0,mix
3.920241999992868,2296.0,7689.0,0.2985695708712614,13.0,18.0,95808,63686,161172,0,0,19,3.2608281712244556,False,0.0625,0.0002787068004459309,0,mix
3.917648000002373,1783.0,6836.0,0.26078689483691675,12.0,15.0,95808,63686,161172,0,0,19,3.2608281712244556,False,0.0625,0.0002787068004459309,0,mix
3.902245000004768,2107.0,9025.0,0.23343673831154443,12.0,18.0,95808,167632,161172,0,0,19,3.2608281712244556,False,0.0625,0.0002787068004459309,0,mix
3.893664999981411,1081.0,1000.0,1.0799200799200799,9.0,10.0,95808,167632,161172,0,0,19,3.2608281712244556,False,0.0625,0.0002787068004459309,0,mix
3.870813999994425,1081.0,2467.0,0.4380064829821718,9.0,11.0,95808,167632,161172,0,0,19,3.2608281712244556,False,0.0625,0.0002787068004459309,0,mix
3.781505000020843,568.0,183.0,3.0869565217391304,7.0,8.0,95808,167632,161172,0,0,19,3.2608281712244556,False,0.0625,0.0002787068004459309,0,mix
3.706732999999076,2529.0,26190.0,0.0965598869840785,15.0,32.0,95808,99593,161172,0,0,15,3.1898980954642866,False,0.1111111111111111,0.0002787068004459309,0,mix
3.590491999988444,1108.0,14879.0,0.07446236559139785,12.0,21.0,95808,63686,161172,0,0,21,3.9161269465882835,False,1.0,0.0002787068004459309,0,mix
3.335787999996682,1238.0,3825.0,0.323575535807632,10.0,13.0,95808,150699,161172,0,0,14,2.8423709931771093,False,0.5,0.0002787068004459309,0,mix
3.520803999999771,1570.0,4184.0,0.3751493428912784,13.0,17.0,95808,120990,161172,0,0,28,3.655045546825804,False,1.0,0.0002787068004459309,0,mix
3.130479999992531,1107.0,4628.0,0.2391445236552171,13.0,16.0,95808,72598,161172,0,0,22,3.477175233435623,False,0.5,0.0002787068004459309,0,mix
2.963925999996718,2193.0,49368.0,0.04442058781826652,22.0,50.0,12919,63686,161172,0,0,20,3.346439344671015,False,0.14285714285714285,0.0048543689320388345,0,mix
2.844092000013916,2536.0,6938.0,0.3654705288946534,11.0,15.0,95808,167632,161172,0,0,15,3.1898980954642866,False,0.1111111111111111,0.0002787068004459309,0,mix
2.974791999993613,1062.0,30614.0,0.03468887800097991,18.0,34.0,95808,73921,40599,0,0,20,3.1709505944546685,False,0.16666666666666666,0.0002787068004459309,0,mix
2.904371000011451,1126.0,18091.0,0.062237453017908465,14.0,25.0,95808,99593,161172,0,0,25,3.6692750707107122,False,0.3333333333333333,0.0002787068004459309,0,mix
2.762830000021495,1791.0,32641.0,0.05486796152196557,19.0,38.0,95808,175537,161172,0,0,19,3.576617644908665,False,0.25,0.0002787068004459309,0,mix
2.360470000014174,1624.0,19330.0,0.08401013915472558,14.0,25.0,95808,63686,161172,0,0,18,3.30827083453526,False,0.0625,0.0002787068004459309,0,mix
2.35683799997787,1638.0,21196.0,0.0772750860970892,14.0,26.0,95808,63686,161172,0,0,18,3.30827083453526,False,0.0625,0.0002787068004459309,0,mix
2.356442000018432,1625.0,17838.0,0.09109255003083132,14.0,24.0,95808,63686,161172,0,0,18,3.30827083453526,False,0.0625,0.0002787068004459309,0,mix
2.356573999975808,1616.0,17705.0,0.09126849655484016,12.0,22.0,95808,63686,161172,0,0,18,3.30827083453526,False,0.0625,0.0002787068004459309,0,mix
6.826253999985056,1533.0,36595.0,0.04188982402448355,17.0,39.0,12919,167632,161172,0,0,20,3.346439344671015,False,0.14285714285714285,0.0048543689320388345,0,mix
1.867536999983713,568.0,183.0,3.0869565217391304,7.0,8.0,12919,167632,161172,0,0,20,3.346439344671015,False,0.14285714285714285,0.0048543689320388345,0,mix
1.852666999999201,1191.0,4495.0,0.2649021352313167,14.0,18.0,12919,99593,161172,0,0,25,3.6692750707107122,False,0.3333333333333333,0.0048543689320388345,0,mix
2.901007000007666,1073.0,5757.0,0.18634942688433484,12.0,15.0,95808,67117,161172,0,0,23,3.468576629687865,False,0.5,0.0002787068004459309,0,mix
4.909236000006786,2149.0,5862.0,0.366535903121269,13.0,16.0,95808,150699,161172,0,0,26,3.671405583442497,False,0.25,0.0002787068004459309,0,mix
4.661477999994531,1517.0,3765.0,0.4028146574614976,11.0,13.0,95808,73921,40599,0,0,16,3.1556390622295662,False,0.006060606060606061,0.0002787068004459309,0,mix
4.658458999998402,1172.0,5856.0,0.20010244152296397,11.0,14.0,12919,150699,161172,0,0,29,3.604031754555149,False,1.0,0.0048543689320388345,0,mix
4.622885999997379,1760.0,6264.0,0.28092577813248204,9.0,12.0,95808,74599,161172,0,0,18,3.614369445886757,False,0.14285714285714285,0.0002787068004459309,0,mix
4.322867999988375,1084.0,34626.0,0.03130505097178502,14.0,35.0,95808,63686,161172,0,0,20,3.346439344671015,False,0.14285714285714285,0.0002787068004459309,0,mix
4.100906000006944,1169.0,5412.0,0.2159615739885461,12.0,14.0,95808,251181,161172,0,0,8,2.5,False,0.2,0.0002787068004459309,0,mix
3.9972110000089742,643.0,4158.0,0.15460447222890117,9.0,9.0,95808,67117,161172,0,0,4,2.0,False,0.25,0.0002787068004459309,0,mix
4.42964800001937,643.0,5329.0,0.12063789868667918,10.0,10.0,95808,67117,161172,0,0,23,3.468576629687865,False,0.5,0.0002787068004459309,0,mix
2.322015999990981,5232.0,3573.0,1.463905987688864,13.0,16.0,12919,150699,161172,0,0,22,3.4817145729860726,False,0.14285714285714285,0.0048543689320388345,0,mix
0.943673999980092,1994.0,3142.0,0.6344257079223672,10.0,12.0,95808,150699,161172,0,0,22,3.606936732175321,False,0.02857142857142857,0.0002787068004459309,0,mix
4.848197999992408,2565.0,3920.0,0.6541698546289212,13.0,16.0,95808,73921,40599,0,0,16,3.1556390622295662,False,0.006060606060606061,0.0002787068004459309,0,mix
4.939364999998361,3253.0,5814.0,0.5594153052450559,12.0,14.0,95808,150699,161172,0,0,14,3.2359263506290334,False,0.030303030303030304,0.0002787068004459309,0,mix
2.973651999986032,1992.0,3142.0,0.6337893732103086,10.0,12.0,95808,150699,161172,0,0,22,3.606936732175321,False,0.02857142857142857,0.0002787068004459309,0,mix
4.182793999993009,1169.0,5412.0,0.2159615739885461,12.0,15.0,95808,251181,161172,0,0,8,2.5,False,0.2,0.0002787068004459309,0,mix
2.868259999988368,3744.0,5424.0,0.6901382488479263,16.0,19.0,95808,73921,40599,0,0,16,3.1556390622295662,False,0.006060606060606061,0.0002787068004459309,0,mix
3.717371999984607,1016.0,4971.0,0.20434432823813356,11.0,15.0,95808,73921,40599,0,0,28,3.824862957617356,False,0.07692307692307693,0.0002787068004459309,0,mix
2.958392000000458,1995.0,3142.0,0.6347438752783965,10.0,12.0,95808,150699,161172,0,0,22,3.606936732175321,False,0.02857142857142857,0.0002787068004459309,0,mix
3.972180000011576,3253.0,5761.0,0.5645609163484901,12.0,14.0,95808,150699,161172,0,0,14,3.2359263506290334,False,0.030303030303030304,0.0002787068004459309,0,mix
1.875277999992249,2826.0,4684.0,0.6032017075773746,13.0,16.0,95808,73921,40599,0,0,16,3.1556390622295662,False,0.006060606060606061,0.0002787068004459309,0,mix
8.881632000004174,1953.0,5421.0,0.3601991884913316,14.0,18.0,95808,67117,161172,0,0,11,3.027169118440619,False,0.0003711952487008166,0.0002787068004459309,0,mix
2.970009999989997,3253.0,5814.0,0.5594153052450559,12.0,14.0,95808,150699,161172,0,0,14,3.2359263506290334,False,0.030303030303030304,0.0002787068004459309,0,mix
2.975506000017049,1996.0,3142.0,0.6350620426344257,10.0,12.0,95808,150699,161172,0,0,22,3.606936732175321,False,0.02857142857142857,0.0002787068004459309,0,mix
0.8738639999937731,2693.0,1611.0,1.6705955334987592,11.0,13.0,151309,114094,40599,0,0,16,3.1556390622295662,False,0.006060606060606061,0.005263157894736842,0,mix
2.002854999998817,3253.0,5814.0,0.5594153052450559,12.0,14.0,95808,150699,161172,0,0,14,3.2359263506290334,False,0.030303030303030304,0.0002787068004459309,0,mix
9.89695799999754,2134.0,1611.0,1.3238213399503722,11.0,13.0,151309,114094,40599,0,0,16,3.1556390622295662,False,0.006060606060606061,0.005263157894736842,0,mix
1.100582000013673,3972.0,3947.0,1.006079027355623,11.0,13.0,95808,169448,161172,0,0,17,3.6168746059562227,False,0.1,0.0002787068004459309,0,mix
1.13870300000417,3926.0,3948.0,0.9941757406938465,11.0,12.0,95808,169448,161172,0,0,17,3.6168746059562227,False,0.1,0.0002787068004459309,0,mix
1.001189000002341,3178.0,980.0,3.2395514780835883,10.0,11.0,95808,150699,161172,0,0,14,3.2359263506290334,False,0.030303030303030304,0.0002787068004459309,0,mix
8.01068700000178,1996.0,3142.0,0.6350620426344257,10.0,12.0,95808,150699,161172,0,0,22,3.606936732175321,False,0.02857142857142857,0.0002787068004459309,0,mix
8.9123059999838,2134.0,1645.0,1.2964763061968407,11.0,13.0,151309,114094,40599,0,0,16,3.1556390622295662,False,0.006060606060606061,0.005263157894736842,0,mix
8.91426700001466,1878.0,1654.0,1.1347432024169184,13.0,16.0,95808,41932,161172,0,0,11,3.027169118440619,False,0.0003711952487008166,0.0002787068004459309,0,mix
10.01191299999482,3253.0,5814.0,0.5594153052450559,12.0,14.0,95808,150699,161172,0,0,14,3.2359263506290334,False,0.030303030303030304,0.0002787068004459309,0,mix
0.304678999993484,2077.0,4059.0,0.511576354679803,9.0,10.0,73616,250421,233433,0,0,21,3.689703732199547,False,0.09090909090909091,0.07142857142857142,0,mix
7.908054999978049,2135.0,1642.0,1.2994522215459525,11.0,13.0,151309,114094,40599,0,0,16,3.1556390622295662,False,0.006060606060606061,0.005263157894736842,0,mix
9.0088949999772,3253.0,5814.0,0.5594153052450559,12.0,14.0,95808,150699,161172,0,0,14,3.2359263506290334,False,0.030303030303030304,0.0002787068004459309,0,mix
4.723729999997886,1410.0,3030.0,0.46519300560871,14.0,16.0,12919,86241,161172,0,0,28,3.8693312611115185,False,1.0,0.0048543689320388345,0,mix
6.931903999997303,2488.0,1612.0,1.542467451952883,11.0,13.0,151309,114094,40599,0,0,16,3.1556390622295662,False,0.006060606060606061,0.005263157894736842,0,mix
8.001408000010997,3253.0,5814.0,0.5594153052450559,12.0,14.0,95808,150699,161172,0,0,14,3.2359263506290334,False,0.030303030303030304,0.0002787068004459309,0,mix
5.928679000004195,1834.0,1959.0,0.9357142857142857,11.0,14.0,151309,114094,40599,0,0,16,3.1556390622295662,False,0.006060606060606061,0.005263157894736842,0,mix
4.8261899999924935,1017.0,4954.0,0.20524722502522705,12.0,15.0,95808,73921,40599,0,0,28,3.824862957617356,False,0.07692307692307693,0.0002787068004459309,0,mix
5.804154000012204,2776.0,1633.0,1.6988984088127295,13.0,15.0,151309,114094,40599,0,0,16,3.1556390622295662,False,0.006060606060606061,0.005263157894736842,0,mix
8.419255999993766,1878.0,1653.0,1.135429262394196,13.0,16.0,95808,41932,161172,0,0,11,3.027169118440619,False,0.0003711952487008166,0.0002787068004459309,0,mix
5.772735000005923,2989.0,32009.0,0.09337706966572946,18.0,38.0,95808,203200,40599,0,0,15,3.0565647621309537,False,0.004608294930875576,0.0002787068004459309,0,mix
7.021456000016769,3253.0,5814.0,0.5594153052450559,12.0,15.0,95808,150699,161172,0,0,14,3.2359263506290334,False,0.030303030303030304,0.0002787068004459309,0,mix
3.94527100000414,2170.0,1610.0,1.3469894475481068,11.0,13.0,151309,114094,40599,0,0,16,3.1556390622295662,False,0.006060606060606061,0.005263157894736842,0,mix
3.028316999989329,1997.0,3142.0,0.635380209990455,10.0,12.0,95808,150699,161172,0,0,22,3.606936732175321,False,0.02857142857142857,0.0002787068004459309,0,mix
6.94861000002129,12402.0,2365.0,5.241758241758242,22.0,25.0,95808,41932,161172,0,0,11,3.027169118440619,False,0.0003711952487008166,0.0002787068004459309,0,mix
6.035315999994054,3253.0,5814.0,0.5594153052450559,12.0,15.0,95808,150699,161172,0,0,14,3.2359263506290334,False,0.030303030303030304,0.0002787068004459309,0,mix
5.338200999976834,1322.0,3730.0,0.35432859823103724,13.0,18.0,12919,187119,161172,0,0,17,3.734521664779752,False,0.07142857142857142,0.0048543689320388345,0,mix
2.961547999992036,2498.0,1644.0,1.5185410334346505,11.0,13.0,151309,114094,40599,0,0,16,3.1556390622295662,False,0.006060606060606061,0.005263157894736842,0,mix
5.06962699998985,3253.0,5814.0,0.5594153052450559,12.0,15.0,95808,150699,161172,0,0,14,3.2359263506290334,False,0.030303030303030304,0.0002787068004459309,0,mix
1.963472000003093,2135.0,1611.0,1.3244416873449132,11.0,13.0,151309,114094,40599,0,0,16,3.1556390622295662,False,0.006060606060606061,0.005263157894736842,0,mix
6.969458000006853,1953.0,5420.0,0.3602656336469286,14.0,20.0,95808,67117,161172,0,0,11,3.027169118440619,False,0.0003711952487008166,0.0002787068004459309,0,mix
4.062471999990521,3253.0,5761.0,0.5645609163484901,12.0,14.0,95808,150699,161172,0,0,14,3.2359263506290334,False,0.030303030303030304,0.0002787068004459309,0,mix
3.077248999994481,3253.0,5808.0,0.5599931141332415,12.0,14.0,95808,150699,161172,0,0,14,3.2359263506290334,False,0.030303030303030304,0.0002787068004459309,0,mix
8.066777000000002,1997.0,3142.0,0.635380209990455,10.0,12.0,95808,150699,161172,0,0,22,3.606936732175321,False,0.02857142857142857,0.0002787068004459309,0,mix
4.96596000000136,3206.0,5472.0,0.5857847615567331,14.0,17.0,95808,203200,40599,0,0,15,3.0565647621309537,False,0.004608294930875576,0.0002787068004459309,0,mix
5.565703000000212,1326.0,3731.0,0.3553054662379421,13.0,16.0,12919,187119,161172,0,0,17,3.734521664779752,False,0.07142857142857142,0.0048543689320388345,0,mix
4.9952939999930095,1878.0,1653.0,1.135429262394196,13.0,16.0,95808,41932,161172,0,0,11,3.027169118440619,False,0.0003711952487008166,0.0002787068004459309,0,mix
3.021172000007936,1997.0,3142.0,0.635380209990455,10.0,13.0,95808,150699,161172,0,0,22,3.606936732175321,False,0.02857142857142857,0.0002787068004459309,0,mix
0.797369000007165,1878.0,1654.0,1.1347432024169184,12.0,16.0,95808,41932,161172,0,0,11,3.027169118440619,False,0.0003711952487008166,0.0002787068004459309,0,mix
7.102358000003733,1878.0,1652.0,1.1361161524500907,13.0,16.0,95808,41932,161172,0,0,11,3.027169118440619,False,0.0003711952487008166,0.0002787068004459309,0,mix
8.213729999988573,1997.0,3142.0,0.635380209990455,10.0,12.0,95808,150699,161172,0,0,22,3.606936732175321,False,0.02857142857142857,0.0002787068004459309,0,mix
7.091784999996889,1878.0,1654.0,1.1347432024169184,12.0,16.0,95808,41932,161172,0,0,11,3.027169118440619,False,0.0003711952487008166,0.0002787068004459309,0,mix
3.374041000002762,1997.0,3142.0,0.635380209990455,10.0,12.0,95808,150699,161172,0,0,22,3.606936732175321,False,0.02857142857142857,0.0002787068004459309,0,mix
2.283095999999204,1878.0,1649.0,1.1381818181818182,13.0,16.0,95808,41932,161172,0,0,11,3.027169118440619,False,0.0003711952487008166,0.0002787068004459309,0,mix
1.29191400000127,775.0,4759.0,0.16281512605042017,10.0,10.0,95808,30502,161172,0,0,15,3.189898095464287,False,0.3333333333333333,0.0002787068004459309,0,mix
8.399383999989368,1997.0,3142.0,0.635380209990455,10.0,12.0,95808,150699,161172,0,0,22,3.606936732175321,False,0.02857142857142857,0.0002787068004459309,0,mix
4.310738999978639,2022.0,2865.0,0.7055129099790649,14.0,18.0,95808,41932,161172,0,0,11,3.027169118440619,False,0.0003711952487008166,0.0002787068004459309,0,mix
4.338561999989906,1878.0,1649.0,1.1381818181818182,13.0,16.0,95808,41932,161172,0,0,11,3.027169118440619,False,0.0003711952487008166,0.0002787068004459309,0,mix
3.424164999974891,1997.0,3142.0,0.635380209990455,10.0,12.0,95808,150699,161172,0,0,22,3.606936732175321,False,0.02857142857142857,0.0002787068004459309,0,mix
4.367017000011401,1878.0,1651.0,1.1368038740920097,13.0,16.0,95808,41932,161172,0,0,11,3.027169118440619,False,0.0003711952487008166,0.0002787068004459309,0,mix
8.478811000008136,1997.0,3142.0,0.635380209990455,10.0,13.0,95808,150699,161172,0,0,22,3.606936732175321,False,0.02857142857142857,0.0002787068004459309,0,mix
4.399962000024971,1878.0,1650.0,1.1374924288310115,13.0,16.0,95808,41932,161172,0,0,11,3.027169118440619,False,0.0003711952487008166,0.0002787068004459309,0,mix
4.339415000024019,11757.0,1755.0,6.695330296127563,21.0,25.0,95808,41932,161172,0,0,11,3.027169118440619,False,0.0003711952487008166,0.0002787068004459309,0,mix
3.521824999974342,1996.0,3142.0,0.6350620426344257,10.0,13.0,95808,150699,161172,0,0,22,3.606936732175321,False,0.02857142857142857,0.0002787068004459309,0,mix
8.57279400000698,1997.0,3142.0,0.635380209990455,10.0,12.0,95808,150699,161172,0,0,22,3.606936732175321,False,0.02857142857142857,0.0002787068004459309,0,mix
3.539027999999234,1997.0,3142.0,0.635380209990455,10.0,13.0,95808,150699,161172,0,0,22,3.606936732175321,False,0.02857142857142857,0.0002787068004459309,0,mix
3.576780000003054,1878.0,1651.0,1.1368038740920097,13.0,16.0,95808,41932,161172,0,0,11,3.027169118440619,False,0.0003711952487008166,0.0002787068004459309,0,mix
8.616754999995464,1997.0,3142.0,0.635380209990455,10.0,13.0,95808,150699,161172,0,0,22,3.606936732175321,False,0.02857142857142857,0.0002787068004459309,0,mix
3.592820999998366,1878.0,1650.0,1.1374924288310115,13.0,16.0,95808,41932,161172,0,0,11,3.027169118440619,False,0.0003711952487008166,0.0002787068004459309,0,mix
3.715387000003829,1996.0,3142.0,0.6350620426344257,10.0,12.0,95808,150699,161172,0,0,22,3.606936732175321,False,0.02857142857142857,0.0002787068004459309,0,mix
0.6311839999980291,1878.0,1651.0,1.1368038740920097,13.0,16.0,95808,41932,161172,0,0,11,3.027169118440619,False,0.0003711952487008166,0.0002787068004459309,0,mix
0.6540750000276601,1878.0,1652.0,1.1361161524500907,13.0,16.0,95808,41932,161172,0,0,11,3.027169118440619,False,0.0003711952487008166,0.0002787068004459309,0,mix
8.749790000001667,1997.0,3142.0,0.635380209990455,10.0,12.0,95808,150699,161172,0,0,22,3.606936732175321,False,0.02857142857142857,0.0002787068004459309,0,mix
8.317864000011468,1878.0,1655.0,1.1340579710144927,13.0,16.0,95808,41932,161172,0,0,11,3.027169118440619,False,0.0003711952487008166,0.0002787068004459309,0,mix
4.487601000000723,3051.0,30041.0,0.10155781905332534,17.0,33.0,241151,175548,40599,0,0,15,3.0565647621309537,False,0.004608294930875576,0.005208333333333333,0,mix
3.775672999996459,1994.0,3142.0,0.6344257079223672,10.0,12.0,95808,150699,161172,0,0,22,3.606936732175321,False,0.02857142857142857,0.0002787068004459309,0,mix
8.870100000000093,1997.0,3142.0,0.635380209990455,10.0,12.0,95808,150699,161172,0,0,22,3.606936732175321,False,0.02857142857142857,0.0002787068004459309,0,mix
6.754749000014272,3262.0,2825.0,1.154281670205237,13.0,16.0,241151,175548,40599,0,0,15,3.0565647621309537,False,0.004608294930875576,0.005208333333333333,0,mix
5.743025000003399,1953.0,5420.0,0.3602656336469286,14.0,19.0,95808,67117,161172,0,0,11,3.027169118440619,False,0.0003711952487008166,0.0002787068004459309,0,mix
3.901167999982135,1997.0,3142.0,0.635380209990455,10.0,13.0,95808,150699,161172,0,0,22,3.606936732175321,False,0.02857142857142857,0.0002787068004459309,0,mix
3.828282999980729,1878.0,1650.0,1.1374924288310115,13.0,16.0,95808,41932,161172,0,0,11,3.027169118440619,False,0.0003711952487008166,0.0002787068004459309,0,mix
0.189223000023048,1531.0,4596.0,0.333043289101588,8.0,10.0,73616,250421,233433,0,0,19,3.4713544870139295,False,0.2,0.07142857142857142,0,mix
8.951012999983504,1997.0,3142.0,0.635380209990455,10.0,12.0,95808,150699,161172,0,0,22,3.606936732175321,False,0.02857142857142857,0.0002787068004459309,0,mix
7.888867999979993,1878.0,1654.0,1.1347432024169184,13.0,16.0,95808,41932,161172,0,0,11,3.027169118440619,False,0.0003711952487008166,0.0002787068004459309,0,mix
3.9759769999946,1997.0,3142.0,0.635380209990455,10.0,13.0,95808,150699,161172,0,0,22,3.606936732175321,False,0.02857142857142857,0.0002787068004459309,0,mix
6.9521539999987,1878.0,1650.0,1.1374924288310115,13.0,16.0,95808,41932,161172,0,0,11,3.027169118440619,False,0.0003711952487008166,0.0002787068004459309,0,mix
9.058632000000216,1997.0,3142.0,0.635380209990455,10.0,12.0,95808,150699,161172,0,0,22,3.606936732175321,False,0.02857142857142857,0.0002787068004459309,0,mix
4.968397999997251,1671.0,2227.0,0.75,12.0,15.0,95808,41932,161172,0,0,11,3.027169118440619,False,0.0003711952487008166,0.0002787068004459309,0,mix
4.923429000016768,1878.0,1652.0,1.1361161524500907,13.0,16.0,95808,41932,161172,0,0,11,3.027169118440619,False,0.0003711952487008166,0.0002787068004459309,0,mix
4.093888000003062,1996.0,3142.0,0.6350620426344257,10.0,12.0,95808,150699,161172,0,0,22,3.606936732175321,False,0.02857142857142857,0.0002787068004459309,0,mix
6.949790000013309,11670.0,1755.0,6.645785876993166,21.0,25.0,95808,41932,161172,0,0,11,3.027169118440619,False,0.0003711952487008166,0.0002787068004459309,0,mix
7.985767999984091,1997.0,576058.0,0.0034666587971023803,86.0,421.0,95808,203200,40599,0,0,15,3.0565647621309537,False,0.004608294930875576,0.0002787068004459309,0,mix
9.058624999976018,610.0,4719.0,0.1292372881355932,10.0,11.0,12919,224797,161172,0,0,19,3.4713544870139295,False,0.2,0.0048543689320388345,0,mix
8.857193999981973,775.0,4761.0,0.1627467450650987,9.0,10.0,95808,30502,161172,0,0,15,3.189898095464287,False,0.25,0.0002787068004459309,0,mix
450.4028099999996,1099.0,4343.0,0.2529926335174954,18.0,22.0,145505,63568,161172,0,0,16,3.202819531114783,False,0.2,0.25,0,mix
8.352822999993805,739.0,2988.0,0.24723987955838073,9.0,8.0,95808,203200,40599,0,0,14,2.8423709931771093,False,0.05263157894736842,0.0002787068004459309,0,mix
7.369535999983782,1379.0,5011.0,0.2751396648044693,13.0,16.0,95808,73921,40599,0,0,16,3.1556390622295662,False,0.006060606060606061,0.0002787068004459309,0,mix
6.650668999995105,1037.0,25067.0,0.041367480453167384,19.0,30.0,95808,73921,40599,0,0,30,3.8029100796497275,False,0.2,0.0002787068004459309,0,mix
3.796709999995073,2040.0,4494.0,0.45383759733036705,9.0,11.0,95808,169448,161172,0,0,17,3.6168746059562227,False,0.1,0.0002787068004459309,0,mix
3.668470000004163,643.0,2996.0,0.21454788121454788,8.0,8.0,95808,169448,161172,0,0,17,3.6168746059562227,False,0.1,0.0002787068004459309,0,mix
3.2583239999949,1584.0,5155.0,0.30721489526764933,9.0,11.0,95808,74599,161172,0,0,18,3.614369445886757,False,0.14285714285714285,0.0002787068004459309,0,mix
3.255023000005167,859.0,4014.0,0.21394769613947695,8.0,9.0,95808,74599,161172,0,0,18,3.614369445886757,False,0.14285714285714285,0.0002787068004459309,0,mix
3.026329000014811,859.0,4014.0,0.21394769613947695,8.0,9.0,95808,74599,161172,0,0,18,3.614369445886757,False,0.14285714285714285,0.0002787068004459309,0,mix
2.486531999980798,581.0,3504.0,0.16576319543509271,8.0,9.0,95808,73921,40599,0,0,20,3.1709505944546685,False,0.16666666666666666,0.0002787068004459309,0,mix
2.482657000015024,643.0,3702.0,0.173642992168512,10.0,10.0,95808,63686,161172,0,0,20,3.346439344671015,False,0.14285714285714285,0.0002787068004459309,0,mix
2.485018000006675,643.0,3702.0,0.173642992168512,10.0,11.0,95808,63686,161172,0,0,20,3.346439344671015,False,0.14285714285714285,0.0002787068004459309,0,mix
2.483956000010948,643.0,3702.0,0.173642992168512,10.0,11.0,95808,63686,161172,0,0,20,3.346439344671015,False,0.14285714285714285,0.0002787068004459309,0,mix
2.488911000022199,2409.0,20524.0,0.11736906211936662,15.0,27.0,95808,99593,161172,0,0,15,3.1898980954642866,False,0.1111111111111111,0.0002787068004459309,0,mix
2.462274999998044,643.0,4306.0,0.14929185047596935,8.0,9.0,95808,99593,161172,0,0,15,3.1898980954642866,False,0.1111111111111111,0.0002787068004459309,0,mix
2.46725200000219,643.0,4306.0,0.14929185047596935,9.0,10.0,95808,99593,161172,0,0,15,3.1898980954642866,False,0.1111111111111111,0.0002787068004459309,0,mix
2.527305999974487,643.0,5298.0,0.12134364974523495,10.0,12.0,95808,150699,161172,0,0,26,3.671405583442497,False,0.25,0.0002787068004459309,0,mix
2.469376000022748,643.0,4306.0,0.14929185047596935,8.0,8.0,95808,99593,161172,0,0,15,3.1898980954642866,False,0.1111111111111111,0.0002787068004459309,0,mix
2.493465000006836,643.0,4106.0,0.1565619673727782,9.0,12.0,95808,175537,161172,0,0,19,3.576617644908665,False,0.25,0.0002787068004459309,0,mix
2.494401999982074,643.0,4106.0,0.1565619673727782,9.0,11.0,95808,175537,161172,0,0,19,3.576617644908665,False,0.25,0.0002787068004459309,0,mix
2.492881999991368,643.0,4106.0,0.1565619673727782,9.0,11.0,95808,175537,161172,0,0,19,3.576617644908665,False,0.25,0.0002787068004459309,0,mix
2.475192000012612,643.0,4158.0,0.15460447222890117,8.0,9.0,95808,67117,161172,0,0,4,2.0,False,0.25,0.0002787068004459309,0,mix
1.37235600000713,643.0,4779.0,0.13451882845188284,9.0,11.0,95808,63686,161172,0,0,18,3.30827083453526,False,0.0625,0.0002787068004459309,0,mix
2.530569000024115,643.0,5298.0,0.12134364974523495,10.0,12.0,95808,150699,161172,0,0,26,3.671405583442497,False,0.25,0.0002787068004459309,0,mix
1.373943000013241,643.0,4779.0,0.13451882845188284,10.0,11.0,95808,63686,161172,0,0,18,3.30827083453526,False,0.0625,0.0002787068004459309,0,mix
1.37430100000347,643.0,4779.0,0.13451882845188284,11.0,12.0,95808,63686,161172,0,0,18,3.30827083453526,False,0.0625,0.0002787068004459309,0,mix
1.374088000011397,643.0,4779.0,0.13451882845188284,9.0,10.0,95808,63686,161172,0,0,18,3.30827083453526,False,0.0625,0.0002787068004459309,0,mix
1.371007999987341,643.0,4779.0,0.13451882845188284,11.0,12.0,95808,63686,161172,0,0,18,3.30827083453526,False,0.0625,0.0002787068004459309,0,mix
1.375388000014936,643.0,4779.0,0.13451882845188284,11.0,12.0,95808,63686,161172,0,0,18,3.30827083453526,False,0.0625,0.0002787068004459309,0,mix
0.9717839999939312,643.0,4300.0,0.1495001162520344,10.0,11.0,95808,63686,161172,0,0,19,3.2608281712244556,False,0.0625,0.0002787068004459309,0,mix
2.531703999993624,643.0,5298.0,0.12134364974523495,10.0,13.0,95808,150699,161172,0,0,26,3.671405583442497,False,0.25,0.0002787068004459309,0,mix
2.46738099999493,643.0,4306.0,0.14929185047596935,10.0,9.0,95808,99593,161172,0,0,15,3.1898980954642866,False,0.1111111111111111,0.0002787068004459309,0,mix
2.4866209999891,643.0,3978.0,0.16159839155566724,10.0,9.0,95808,99593,161172,0,0,25,3.6692750707107122,False,0.3333333333333333,0.0002787068004459309,0,mix
0.53947699998389,643.0,4306.0,0.14929185047596935,10.0,10.0,95808,99593,161172,0,0,15,3.2402239289418517,False,0.058823529411764705,0.0002787068004459309,0,mix
0.5392969999811611,643.0,4306.0,0.14929185047596935,9.0,9.0,95808,99593,161172,0,0,15,3.2402239289418517,False,0.058823529411764705,0.0002787068004459309,0,mix
0.539712999976472,643.0,4306.0,0.14929185047596935,10.0,11.0,95808,99593,161172,0,0,15,3.2402239289418517,False,0.058823529411764705,0.0002787068004459309,0,mix
0.5223490000062151,643.0,4306.0,0.14929185047596935,9.0,10.0,95808,99593,161172,0,0,15,3.2402239289418517,False,0.058823529411764705,0.0002787068004459309,0,mix
0.461555999994743,1170.0,5412.0,0.21614631442822835,13.0,18.0,95808,251181,161172,0,0,8,2.5,False,0.2,0.0002787068004459309,0,mix
8.34522200000356,10294.0,4296.0,2.395624854549686,19.0,24.0,12919,150699,161172,0,0,22,3.4817145729860726,False,0.14285714285714285,0.0048543689320388345,0,mix
5.006901000015205,2711.0,3783.0,0.7164376321353065,12.0,14.0,95808,81738,161172,0,0,15,3.106890595608519,False,0.3333333333333333,0.0002787068004459309,0,mix
2.690860999980941,2714.0,7617.0,0.3562614859543187,12.0,18.0,95808,156662,161172,0,0,18,3.30827083453526,False,0.25,0.0002787068004459309,0,mix
2.6903980000060983,835.0,2571.0,0.32465007776049765,8.0,10.0,95808,156662,161172,0,0,18,3.30827083453526,False,0.25,0.0002787068004459309,0,mix
1.820110000000568,1164.0,43474.0,0.026774008050603794,36.0,70.0,12919,125552,161172,0,0,15,3.3735572622751846,False,0.25,0.0048543689320388345,0,mix
1.309220000024652,1470.0,592837.0,0.0024795981364217545,402.0,813.0,95808,72598,161172,0,0,15,3.3232314287976203,False,0.25,0.0002787068004459309,0,mix
0.975956000009318,2576.0,6269.0,0.41084529505582135,20.0,27.0,95808,99593,161172,0,0,14,3.521640636343319,False,0.14285714285714285,0.0002787068004459309,0,mix
0.944570999999996,643.0,4863.0,0.13219572368421054,11.0,12.0,95808,99593,161172,0,0,14,3.521640636343319,False,0.14285714285714285,0.0002787068004459309,0,mix
0.9460050000052432,643.0,4863.0,0.13219572368421054,11.0,12.0,95808,99593,161172,0,0,14,3.521640636343319,False,0.14285714285714285,0.0002787068004459309,0,mix
0.947346000000834,643.0,4863.0,0.13219572368421054,10.0,11.0,95808,99593,161172,0,0,14,3.521640636343319,False,0.14285714285714285,0.0002787068004459309,0,mix
0.922564000007696,1070.0,4790.0,0.22333542058025466,11.0,15.0,95808,150699,161172,0,0,26,3.9021748142117274,False,0.14285714285714285,0.0002787068004459309,0,mix
0.916488999995635,1076.0,4815.0,0.223421926910299,11.0,15.0,95808,150699,161172,0,0,26,3.9021748142117274,False,0.14285714285714285,0.0002787068004459309,0,mix
9.401202000008198,2589.0,2213.0,1.1693766937669376,19.0,25.0,95808,167632,161172,0,0,14,3.521640636343319,False,0.14285714285714285,0.0002787068004459309,0,mix
7.555376000003889,1225.0,7085.0,0.17287609370589896,16.0,23.0,95808,207910,161172,0,0,15,3.3232314287976203,False,0.25,0.0002787068004459309,0,mix
7.526899999997113,1055.0,16842.0,0.06263729739357597,19.0,31.0,95808,199364,161172,0,0,21,3.880179922675737,False,0.5,0.0002787068004459309,0,mix
7.43689800001448,5160.0,450.0,11.441241685144124,12.0,13.0,12919,150699,161172,0,0,22,3.4817145729860726,False,0.14285714285714285,0.0048543689320388345,0,mix
7.324058999976842,1261.0,867.0,1.4527649769585254,9.0,10.0,95808,150699,161172,0,0,26,3.9021748142117274,False,0.14285714285714285,0.0002787068004459309,0,mix
7.088799000019208,1227.0,69938.0,0.017543859649122806,54.0,107.0,12919,72598,161172,0,0,15,3.3232314287976203,False,0.25,0.0048543689320388345,0,mix
7.248399000003701,1648.0,3249.0,0.5070769230769231,11.0,14.0,95808,150699,161172,0,0,15,3.189898095464287,False,0.25,0.0002787068004459309,0,mix
3.579644999990705,5160.0,450.0,11.441241685144124,12.0,13.0,12919,150699,161172,0,0,22,3.4817145729860726,False,0.14285714285714285,0.0048543689320388345,0,mix
3.585650999972131,5161.0,450.0,11.443458980044346,12.0,13.0,12919,150699,161172,0,0,22,3.4817145729860726,False,0.14285714285714285,0.0048543689320388345,0,mix
1.011193999991519,1181.0,579.0,2.036206896551724,11.0,14.0,95808,167632,161172,0,0,14,3.521640636343319,False,0.14285714285714285,0.0002787068004459309,0,mix
9.90298799998709,2647.0,56935.0,0.04649079668399607,43.0,84.0,95808,199364,161172,0,0,10,2.4464393446710155,False,0.3333333333333333,0.0002787068004459309,0,mix
9.52302600000985,568.0,185.0,3.053763440860215,7.0,8.0,95808,80881,161172,0,0,21,3.880179922675737,False,0.5,0.0002787068004459309,0,mix
9.521715999988372,643.0,3471.0,0.18519585253456222,9.0,10.0,95808,125552,161172,0,0,15,3.3735572622751846,False,0.25,0.0002787068004459309,0,mix
9.5282850000076,643.0,3471.0,0.18519585253456222,10.0,12.0,95808,125552,161172,0,0,15,3.3735572622751846,False,0.25,0.0002787068004459309,0,mix
9.527862999995705,643.0,3471.0,0.18519585253456222,10.0,13.0,95808,125552,161172,0,0,15,3.3735572622751846,False,0.25,0.0002787068004459309,0,mix
9.54794399999082,2657.0,4991.0,0.5322516025641025,11.0,15.0,95808,156662,161172,0,0,18,3.30827083453526,False,0.25,0.0002787068004459309,0,mix
9.510135000018636,2657.0,4979.0,0.5335341365461848,12.0,16.0,95808,156662,161172,0,0,18,3.30827083453526,False,0.25,0.0002787068004459309,0,mix
9.644327999994855,643.0,2959.0,0.21722972972972973,9.0,11.0,95808,150699,161172,0,0,15,3.189898095464287,False,0.25,0.0002787068004459309,0,mix
9.648044999979902,643.0,2959.0,0.21722972972972973,9.0,11.0,95808,150699,161172,0,0,15,3.189898095464287,False,0.25,0.0002787068004459309,0,mix
9.653942000004465,643.0,2959.0,0.21722972972972973,9.0,11.0,95808,150699,161172,0,0,15,3.189898095464287,False,0.25,0.0002787068004459309,0,mix
8.464720999996644,1822.0,1229.0,1.48130081300813,15.0,19.0,95808,167632,161172,0,0,14,3.521640636343319,False,0.14285714285714285,0.0002787068004459309,0,mix
8.429537999996683,568.0,219.0,2.581818181818182,8.0,7.0,95808,207910,161172,0,0,15,3.3232314287976203,False,0.25,0.0002787068004459309,0,mix
8.472535999986576,568.0,176.0,3.209039548022599,7.0,8.0,95808,150699,161172,0,0,26,3.9021748142117274,False,0.14285714285714285,0.0002787068004459309,0,mix
8.473171000019647,568.0,176.0,3.209039548022599,7.0,8.0,95808,150699,161172,0,0,26,3.9021748142117274,False,0.14285714285714285,0.0002787068004459309,0,mix
8.471048000006704,568.0,176.0,3.209039548022599,7.0,8.0,95808,150699,161172,0,0,26,3.9021748142117274,False,0.14285714285714285,0.0002787068004459309,0,mix
8.472879999986617,568.0,176.0,3.209039548022599,6.0,6.0,95808,150699,161172,0,0,26,3.9021748142117274,False,0.14285714285714285,0.0002787068004459309,0,mix
8.05028600001242,1125.0,299.0,3.75,10.0,11.0,95808,41932,161172,0,0,8,2.5,False,0.2,0.0002787068004459309,0,mix
17.943908999994164,54784.0,460047.0,0.11908322609814628,304.0,557.0,151309,114094,40599,0,0,16,3.1556390622295662,False,0.006060606060606061,0.005263157894736842,0,mix
7.162194000004092,3709.0,1136044.0,0.0032648354598629457,459.0,884.0,12919,73921,40599,0,0,19,3.4316235658474303,False,0.02631578947368421,0.0048543689320388345,0,mix
7.139924999995856,6231.0,335651.0,0.01856386972221229,135.0,313.0,151309,114094,40599,0,0,30,3.8029100796497275,False,0.2,0.005263157894736842,0,mix
5.829738000000361,1201.0,13278.0,0.09044355749679946,17.0,26.0,95808,73921,40599,0,0,19,3.4316235658474303,False,0.02631578947368421,0.0002787068004459309,0,mix
4.653972000000067,1123.0,5094.0,0.22041216879293424,11.0,14.0,95808,63686,161172,0,0,19,3.2608281712244556,False,0.0625,0.0002787068004459309,0,mix
4.651684000011301,1123.0,4979.0,0.22550200803212853,11.0,15.0,95808,63686,161172,0,0,19,3.2608281712244556,False,0.0625,0.0002787068004459309,0,mix
4.646092999988468,1123.0,5730.0,0.19595184086546852,10.0,13.0,95808,63686,161172,0,0,19,3.2608281712244556,False,0.0625,0.0002787068004459309,0,mix
4.646028999995906,1123.0,5227.0,0.21480489671002295,11.0,15.0,95808,63686,161172,0,0,19,3.2608281712244556,False,0.0625,0.0002787068004459309,0,mix
0.203630999982124,3817.0,143.0,26.506944444444443,8.0,9.0,95808,81738,161172,0,0,15,3.106890595608519,False,0.3333333333333333,0.0002787068004459309,0,mix
9.127708999993049,2829.0,427736.0,0.006613877218945286,197.0,369.0,84299,114094,40599,0,0,19,3.4316235658474303,False,0.02631578947368421,0.05555555555555555,0,mix
174.08781100000488,27134.0,10139.0,2.6759368836291912,72.0,92.0,95808,73921,40599,0,0,24,3.740601562950723,False,1.0,0.0002787068004459309,0,mix
8.785957000014605,7270.0,1226305.0,0.005928373505470902,504.0,954.0,151309,114094,40599,0,0,30,3.8029100796497275,False,0.2,0.005263157894736842,0,mix
6.544911000004504,1027.0,2689.0,0.38178438661710035,12.0,15.0,151309,114094,40599,0,0,19,3.4316235658474303,False,0.02631578947368421,0.005263157894736842,0,mix
4.86931700000423,3304.0,108836.0,0.03035732333673291,62.0,111.0,12919,73921,40599,0,0,27,3.95822916866988,False,0.16666666666666666,0.0048543689320388345,0,mix
4.922831999982009,1925.0,5586.0,0.34454984786110615,14.0,20.0,95808,67117,161172,0,0,11,3.027169118440619,False,0.0003711952487008166,0.0002787068004459309,0,mix
4.850127000012435,581.0,3381.0,0.17179183914843288,9.0,9.0,12919,73921,40599,0,0,27,3.95822916866988,False,0.16666666666666666,0.0048543689320388345,0,mix
4.850409000006039,581.0,3381.0,0.17179183914843288,9.0,10.0,12919,73921,40599,0,0,27,3.95822916866988,False,0.16666666666666666,0.0048543689320388345,0,mix
4.8521140000084415,581.0,3381.0,0.17179183914843288,9.0,10.0,12919,73921,40599,0,0,27,3.95822916866988,False,0.16666666666666666,0.0048543689320388345,0,mix
4.8542640000232495,581.0,3381.0,0.17179183914843288,9.0,10.0,12919,73921,40599,0,0,27,3.95822916866988,False,0.16666666666666666,0.0048543689320388345,0,mix
4.85409399998025,581.0,3380.0,0.17184265010351968,9.0,10.0,12919,73921,40599,0,0,27,3.95822916866988,False,0.16666666666666666,0.0048543689320388345,0,mix
3.866060000000288,2268.0,4920.0,0.46088193456614507,15.0,18.0,95808,73921,40599,0,0,18,3.5724312513221195,False,0.14285714285714285,0.0002787068004459309,0,mix
9.92932500000461,56494.0,4001.0,14.116441779110446,66.0,73.0,151309,114094,40599,0,0,16,3.1556390622295662,False,0.006060606060606061,0.005263157894736842,0,mix
5.791368999984115,3613.0,2350.0,1.5367928541046363,17.0,22.0,151309,114094,40599,0,0,18,3.5724312513221195,False,0.14285714285714285,0.005263157894736842,0,mix
3.450463999994099,2895.0,25186.0,0.1149402469527931,33.0,48.0,151309,114094,40599,0,0,30,3.8029100796497275,False,0.2,0.005263157894736842,0,mix
3.451104999985546,1407.0,6105.0,0.23042908614477564,19.0,25.0,151309,114094,40599,0,0,19,3.4316235658474303,False,0.02631578947368421,0.005263157894736842,0,mix
19.409069999994244,31734.0,254939.0,0.12447634737585314,165.0,308.0,151309,114094,40599,0,0,16,3.1556390622295662,False,0.006060606060606061,0.005263157894736842,0,mix
8.725797999999486,2461.0,26541.0,0.0927209705372617,31.0,49.0,151309,114094,40599,0,0,30,3.8029100796497275,False,0.2,0.005263157894736842,0,mix
8.69836799998302,1202.0,23734.0,0.0506425110596166,21.0,35.0,151309,114094,40599,0,0,19,3.4316235658474303,False,0.02631578947368421,0.005263157894736842,0,mix
8.59694399998989,1553.0,56316.0,0.02757604275795941,38.0,68.0,84299,114094,40599,0,0,19,3.4316235658474303,False,0.02631578947368421,0.05555555555555555,0,mix
8.639729999995325,961.0,5104.0,0.18824681684622918,12.0,15.0,84299,114094,40599,0,0,19,3.4316235658474303,False,0.02631578947368421,0.05555555555555555,0,mix
6.247247999999672,956.0,3887.0,0.24588477366255143,13.0,16.0,12919,73921,40599,0,0,24,3.740601562950723,False,0.5,0.0048543689320388345,0,mix
11.266792999987956,21552.0,48643.0,0.4430556697639997,90.0,139.0,151309,114094,40599,0,0,16,3.1556390622295662,False,0.006060606060606061,0.005263157894736842,0,mix
5.838107999996282,1051.0,85581.0,0.01228061975649085,40.0,74.0,84299,114094,40599,0,0,19,3.4316235658474303,False,0.02631578947368421,0.05555555555555555,0,mix
9.329398999980183,5806.0,8122.0,0.7147605564446633,24.0,32.0,151309,114094,40599,0,0,16,3.1556390622295662,False,0.006060606060606061,0.005263157894736842,0,mix
8.952613000001293,2274.0,2366.0,0.9607097591888466,12.0,14.0,151309,114094,40599,0,0,18,3.5724312513221195,False,0.14285714285714285,0.005263157894736842,0,mix
3.2969199999934062,4241.0,4041.0,1.049233052944087,24.0,31.0,241151,175548,40599,0,0,15,3.0565647621309537,False,0.004608294930875576,0.005208333333333333,0,mix
0.867728999990504,775.0,4068.0,0.19046448758908824,9.0,10.0,95808,30502,161172,0,0,25,3.6234651896016468,False,0.5,0.0002787068004459309,0,mix
0.8670859999838281,775.0,4068.0,0.19046448758908824,9.0,10.0,95808,30502,161172,0,0,25,3.6234651896016468,False,0.5,0.0002787068004459309,0,mix
0.8535910000209691,775.0,4068.0,0.19046448758908824,9.0,9.0,95808,30502,161172,0,0,25,3.6234651896016468,False,1.0,0.0002787068004459309,0,mix
2.051115999987814,5726.0,4434.0,1.2910935738444194,26.0,35.0,241151,175548,40599,0,0,15,3.0565647621309537,False,0.004608294930875576,0.005208333333333333,0,mix
4.199657000019215,3984.0,3059.0,1.3019607843137255,19.0,24.0,241151,175548,40599,0,0,15,3.0565647621309537,False,0.004608294930875576,0.005208333333333333,0,mix
4.336391999997431,643.0,3020.0,0.21284342932803707,8.0,8.0,95808,170766,161172,0,0,19,3.7216117239699007,False,0.25,0.0002787068004459309,0,mix
4.337678000010783,581.0,3505.0,0.1657159155733029,9.0,10.0,95808,73921,40599,0,0,20,3.1709505944546685,False,0.16666666666666666,0.0002787068004459309,0,mix
4.337996000016574,643.0,3020.0,0.21284342932803707,9.0,9.0,95808,170766,161172,0,0,19,3.7216117239699007,False,0.25,0.0002787068004459309,0,mix
4.338761999999406,643.0,3021.0,0.2127729980145599,9.0,9.0,95808,170766,161172,0,0,19,3.7216117239699007,False,0.25,0.0002787068004459309,0,mix
4.340357999986736,1290.0,5365.0,0.24040253447633247,11.0,13.0,95808,99593,161172,0,0,30,4.12323142879762,False,0.2,0.0002787068004459309,0,mix
4.320100999990245,643.0,3951.0,0.16270242914979757,10.0,11.0,95808,99593,161172,0,0,30,4.12323142879762,False,0.2,0.0002787068004459309,0,mix
4.320061000005808,643.0,3951.0,0.16270242914979757,10.0,11.0,95808,99593,161172,0,0,30,4.12323142879762,False,0.2,0.0002787068004459309,0,mix
4.161327000008896,643.0,5201.0,0.12360630526720492,11.0,13.0,95808,72598,161172,0,0,28,3.896291529045928,False,0.25,0.0002787068004459309,0,mix
4.160875000001397,643.0,5201.0,0.12360630526720492,11.0,13.0,95808,72598,161172,0,0,28,3.896291529045928,False,0.25,0.0002787068004459309,0,mix
4.162585000012768,643.0,5201.0,0.12360630526720492,11.0,12.0,95808,72598,161172,0,0,28,3.896291529045928,False,0.25,0.0002787068004459309,0,mix
4.191795999999158,4182.0,9934.0,0.4209360845495722,17.0,24.0,95808,99593,161172,0,0,20,3.546439344671015,False,0.125,0.0002787068004459309,0,mix
4.162360999995144,643.0,3945.0,0.1629498226051698,10.0,11.0,95808,99593,161172,0,0,20,3.546439344671015,False,0.125,0.0002787068004459309,0,mix
4.162485999986529,643.0,3945.0,0.1629498226051698,10.0,11.0,95808,99593,161172,0,0,20,3.546439344671015,False,0.125,0.0002787068004459309,0,mix
4.164231000002474,643.0,3945.0,0.1629498226051698,10.0,10.0,95808,99593,161172,0,0,20,3.546439344671015,False,0.125,0.0002787068004459309,0,mix
4.090664000017568,643.0,4410.0,0.145771933801859,10.0,11.0,95808,72598,161172,0,0,20,3.5219280948873624,False,0.5,0.0002787068004459309,0,mix
4.085458999994444,610.0,6654.0,0.09166040570999248,11.0,14.0,95808,199364,161172,0,0,15,3.3232314287976203,False,0.25,0.0002787068004459309,0,mix
3.966253999999026,775.0,3521.0,0.22004542873367405,9.0,9.0,95808,220620,161172,0,0,24,3.4072682296173893,False,1.0,0.0002787068004459309,0,mix
4.285747999994783,643.0,3148.0,0.20419180692283265,10.0,12.0,95808,150699,161172,0,0,19,3.5766176449086653,False,0.1111111111111111,0.0002787068004459309,0,mix
4.290419999975711,643.0,3148.0,0.20419180692283265,10.0,12.0,95808,150699,161172,0,0,19,3.5766176449086653,False,0.1111111111111111,0.0002787068004459309,0,mix
4.266359000001103,2508.0,5824.0,0.4305579399141631,14.0,17.0,95808,150699,161172,0,0,14,3.2359263506290334,False,0.030303030303030304,0.0002787068004459309,0,mix
4.285975000006147,643.0,3148.0,0.20419180692283265,9.0,10.0,95808,150699,161172,0,0,19,3.5766176449086653,False,0.1111111111111111,0.0002787068004459309,0,mix
4.265893000003416,5367.0,6704.0,0.8004474272930648,15.0,17.0,95808,150699,161172,0,0,14,3.2359263506290334,False,0.030303030303030304,0.0002787068004459309,0,mix
4.264334000006784,643.0,5010.0,0.12831770105767312,9.0,10.0,95808,150699,161172,0,0,14,3.2359263506290334,False,0.030303030303030304,0.0002787068004459309,0,mix
4.26457600001595,643.0,5010.0,0.12831770105767312,10.0,12.0,95808,150699,161172,0,0,14,3.2359263506290334,False,0.030303030303030304,0.0002787068004459309,0,mix
4.267908999987412,1892.0,5542.0,0.34133140898430453,12.0,14.0,95808,150699,161172,0,0,12,3.0220552088742,False,0.125,0.0002787068004459309,0,mix
4.264312000013888,643.0,5104.0,0.1259549461312439,10.0,13.0,95808,150699,161172,0,0,12,3.0220552088742,False,0.125,0.0002787068004459309,0,mix
4.267349000001559,643.0,5104.0,0.1259549461312439,10.0,12.0,95808,150699,161172,0,0,12,3.0220552088742,False,0.125,0.0002787068004459309,0,mix
2.740271999995457,643.0,3251.0,0.19772447724477243,9.0,9.0,95808,63686,161172,0,0,32,3.765319531114783,False,0.2,0.0002787068004459309,0,mix
2.7415500000061,643.0,3251.0,0.19772447724477243,10.0,11.0,95808,63686,161172,0,0,32,3.765319531114783,False,0.2,0.0002787068004459309,0,mix
2.742602999991504,643.0,3251.0,0.19772447724477243,10.0,10.0,95808,63686,161172,0,0,32,3.765319531114783,False,0.2,0.0002787068004459309,0,mix
2.736903999990318,643.0,2997.0,0.21447631754503002,9.0,9.0,95808,169448,161172,0,0,12,3.418295834054489,False,0.1111111111111111,0.0002787068004459309,0,mix
2.738031999993836,643.0,2995.0,0.21461949265687583,10.0,8.0,95808,169448,161172,0,0,12,3.418295834054489,False,0.1111111111111111,0.0002787068004459309,0,mix
2.73888300001272,643.0,2996.0,0.21454788121454788,9.0,9.0,95808,169448,161172,0,0,12,3.418295834054489,False,0.1111111111111111,0.0002787068004459309,0,mix
2.781901000009384,643.0,3173.0,0.20258349086326402,8.0,9.0,95808,175537,161172,0,0,14,3.2359263506290326,False,0.16666666666666666,0.0002787068004459309,0,mix
2.782043999992311,643.0,3204.0,0.20062402496099843,11.0,14.0,95808,175537,161172,0,0,14,3.2359263506290326,False,0.16666666666666666,0.0002787068004459309,0,mix
2.790409999986877,643.0,3204.0,0.20062402496099843,12.0,14.0,95808,175537,161172,0,0,14,3.2359263506290326,False,0.16666666666666666,0.0002787068004459309,0,mix
2.444461000006413,1656.0,5495.0,0.30131004366812225,11.0,15.0,95808,63686,161172,0,0,24,3.2720552088742005,False,0.25,0.0002787068004459309,0,mix
1.768819000018993,2830.0,4052.0,0.6982482112015791,15.0,19.0,95808,73921,40599,0,0,16,3.1556390622295662,False,0.006060606060606061,0.0002787068004459309,0,mix
1.108513999992283,775.0,3050.0,0.25401507702392656,9.0,9.0,95808,30502,161172,0,0,27,3.8100810205217313,False,0.07142857142857142,0.0002787068004459309,0,mix
201.4296939999913,2783.0,5936.0,0.46875526360114533,28.0,41.0,95808,73921,40599,0,0,24,3.740601562950723,False,0.5,0.0002787068004459309,0,mix
3.286339999991469,1954.0,5417.0,0.36064968623108157,15.0,19.0,95808,67117,161172,0,0,11,3.027169118440619,False,0.0003711952487008166,0.0002787068004459309,0,mix
8.520352000021376,1954.0,5586.0,0.34974046894576694,14.0,19.0,95808,67117,161172,0,0,11,3.027169118440619,False,0.0003711952487008166,0.0002787068004459309,0,mix
